<?xml version="1.0" encoding="UTF-8" standalone="no"?>
<executionItem endedUtc="1653588535960" executionErrorCount="110" executionStatus="Executed" executionWarningCount="0" failureCount="1" id="root:plans:Mayur-2-ShopFloor:RSTK-9676-CRUD operation on Routing Master.testinstance:RSTK-9676-CRUD operation on Routing Master.testcase" iterationIndex="-1" skippedCount="0" startedUtc="1653588460811" successfulCount="0" testCasePath="D:\\provar\\EventDemo\\RootedInDemo\\tests\\Shop Floor" testItemClass="ITestCase" title="RSTK-9676-CRUD operation on Routing Master.testcase">
  <testItemSummary/>
  <childItems>
    <executionItem endedUtc="1653588468457" executionErrorCount="0" executionStatus="Executed" executionWarningCount="0" failureCount="0" id="root:plans:Mayur-2-ShopFloor:RSTK-9676-CRUD operation on Routing Master.testinstance:RSTK-9676-CRUD operation on Routing Master.testcase:1" iterationIndex="-1" skippedCount="0" startedUtc="1653588460983" successfulCount="1" testApiId="com.provar.plugins.forcedotcom.core.testapis.ApexConnect" testItemClass="IApiCall" title="Salesforce Connect: SFConnection (Test)">
      <childItems/>
      <logEntries>
        <logEntry id="1653588461154" messageType="General">Connecting to Salesforce as QARSF_Admin</logEntry>
        <logEntry id="1653588461173" logLevel="Debug" messageType="General">Connection details. Connection name: QARSF_Admin, result name: SFConnection, result scope: Test, urlString: sf:environment=PRERELEASE;apiLoginUrl=https://automationtesting2.my.salesforce.com;identityServiceUrl=https://login.salesforce.com/id/00D5f000005vwGkEAI/0055f000008Hn0WAAS;clientId={clientId};clientSecret={clientSecret};authenticationType=OAUTH;callbackUrl={callbackUrl};accessToken={accessToken};refreshToken={refreshToken}, environment: AutomationOrg, clientId: [supplied], clientSecret: [supplied], callBackUrl: [supplied], accessToken: [supplied], refreshToken: [supplied]</logEntry>
        <logEntry id="1653588461173" logLevel="Debug" messageType="General">Create object id log file.</logEntry>
        <logEntry id="1653588461186" logLevel="Trace" messageType="General">Absolute path: D:\\provar\\EventDemo\\RootedInDemo\\ANT\\..\\ANT\\Results(1)\\Artifacts\\QARSF_Admin-objectids.log</logEntry>
        <logEntry id="1653588463184" logLevel="Debug" messageType="General">Access Token refreshed successfully.</logEntry>
        <logEntry id="1653588463249" messageType="Progress">Doing OAuth login: Calling Salesforce Indentity Service ... 0%</logEntry>
        <logEntry id="1653588464558" logLevel="Update" messageType="Progress">Doing OAuth login ... 50%</logEntry>
        <logEntry id="1653588466065" logLevel="Debug" messageType="General">Identity Service successful. ToolingEndpoint: https://automationtesting2.my.salesforce.com/services/Soap/T/54.0/00D5f000005vwGk, ToolingRestEndpoint: https://automationtesting2.my.salesforce.com/services/data/v54.0/tooling/, PartnerEndpoint: https://automationtesting2.my.salesforce.com/services/Soap/u/54.0/00D5f000005vwGk, MetadataEndpoint: https://automationtesting2.my.salesforce.com/services/Soap/m/54.0/00D5f000005vwGk, EnterpriseEndpoint: https://automationtesting2.my.salesforce.com/services/Soap/c/54.0/00D5f000005vwGk</logEntry>
        <logEntry id="1653588466066" logLevel="Debug" messageType="General">Opening Partner connection</logEntry>
        <logEntry id="1653588466074" logLevel="Trace" messageType="General">Connection configurations: userName: automation@rootstock.com,  password: [empty], securityToken: [empty], authEndpoint: https://automationtesting2.my.salesforce.com/services/Soap/u/54.0, serviceEndpoint: https://automationtesting2.my.salesforce.com/services/Soap/u/54.0/00D5f000005vwGk</logEntry>
        <logEntry id="1653588468335" logLevel="Debug" messageType="General">Opening SOAP connection</logEntry>
        <logEntry id="1653588468342" logLevel="Trace" messageType="General">Connection configurations: userName: automation@rootstock.com,  password: [empty], securityToken: [empty], authEndpoint: https://automationtesting2.my.salesforce.com/services/Soap/u/54.0, serviceEndpoint: https://automationtesting2.my.salesforce.com/services/Soap/u/54.0</logEntry>
        <logEntry id="1653588468351" logLevel="Debug" messageType="General">Opening Metadata connection</logEntry>
        <logEntry id="1653588468364" logLevel="Trace" messageType="General">Connection configurations: userName: null,  password: [empty], securityToken: [empty], authEndpoint: https://automationtesting2.my.salesforce.com/services/Soap/u/54.0, serviceEndpoint: https://automationtesting2.my.salesforce.com/services/Soap/m/54.0/00D5f000005vwGk</logEntry>
        <logEntry id="1653588468436" logLevel="Update" messageType="General">Successfully connected to Salesforce as QARSF_Admin</logEntry>
      </logEntries>
    </executionItem>
    <executionItem endedUtc="1653588470192" executionErrorCount="0" executionStatus="Executed" executionWarningCount="0" failureCount="0" id="root:plans:Mayur-2-ShopFloor:RSTK-9676-CRUD operation on Routing Master.testinstance:RSTK-9676-CRUD operation on Routing Master.testcase:54" iterationIndex="-1" skippedCount="0" startedUtc="1653588468478" successfulCount="1" testApiId="com.provar.plugins.bundled.apis.If" testItemClass="IApiCall" title="If: {GetSelectedEnvironment() = &quot;PDE5&quot;}">
      <childItems>
        <executionItem endedUtc="0" executionErrorCount="0" executionWarningCount="0" failureCount="0" id="root:plans:Mayur-2-ShopFloor:RSTK-9676-CRUD operation on Routing Master.testinstance:RSTK-9676-CRUD operation on Routing Master.testcase:54:905" iterationIndex="-1" skippedCount="0" startedUtc="0" successfulCount="0" testClauseName="then" testItemClass="ITestClause" title="Then">
          <childItems>
            <executionItem endedUtc="0" executionErrorCount="0" executionWarningCount="0" failureCount="0" id="root:plans:Mayur-2-ShopFloor:RSTK-9676-CRUD operation on Routing Master.testinstance:RSTK-9676-CRUD operation on Routing Master.testcase:54:905:74" iterationIndex="-1" skippedCount="0" startedUtc="0" successfulCount="0" testApiId="com.provar.plugins.bundled.apis.control.StepGroup" testItemClass="IApiCall" title="Read Excel Data">
              <childItems>
                <executionItem endedUtc="0" executionErrorCount="0" executionWarningCount="0" failureCount="0" id="root:plans:Mayur-2-ShopFloor:RSTK-9676-CRUD operation on Routing Master.testinstance:RSTK-9676-CRUD operation on Routing Master.testcase:54:905:74:58" iterationIndex="-1" skippedCount="0" startedUtc="0" successfulCount="0" testClauseName="hidden" testItemClass="ITestClause" title="Steps">
                  <childItems/>
                </executionItem>
              </childItems>
            </executionItem>
          </childItems>
        </executionItem>
        <executionItem endedUtc="1653588470192" executionErrorCount="0" executionStatus="Executed" executionWarningCount="0" failureCount="0" id="root:plans:Mayur-2-ShopFloor:RSTK-9676-CRUD operation on Routing Master.testinstance:RSTK-9676-CRUD operation on Routing Master.testcase:54:906" iterationIndex="-1" skippedCount="0" startedUtc="1653588468500" successfulCount="1" testClauseName="else" testItemClass="ITestClause" title="Else">
          <childItems>
            <executionItem endedUtc="1653588470192" executionErrorCount="0" executionStatus="Executed" executionWarningCount="0" failureCount="0" id="root:plans:Mayur-2-ShopFloor:RSTK-9676-CRUD operation on Routing Master.testinstance:RSTK-9676-CRUD operation on Routing Master.testcase:54:906:918" iterationIndex="-1" skippedCount="0" startedUtc="1653588468525" successfulCount="1" testApiId="com.provar.plugins.bundled.apis.If" testItemClass="IApiCall" title="If: {GetSelectedEnvironment() = &quot;AutomationOrg&quot;}">
              <childItems>
                <executionItem endedUtc="1653588470191" executionErrorCount="0" executionStatus="Executed" executionWarningCount="0" failureCount="0" id="root:plans:Mayur-2-ShopFloor:RSTK-9676-CRUD operation on Routing Master.testinstance:RSTK-9676-CRUD operation on Routing Master.testcase:54:906:918:919" iterationIndex="-1" skippedCount="0" startedUtc="1653588468550" successfulCount="1" testClauseName="then" testItemClass="ITestClause" title="Then">
                  <childItems>
                    <executionItem endedUtc="1653588470191" executionErrorCount="0" executionStatus="Executed" executionWarningCount="0" failureCount="0" id="root:plans:Mayur-2-ShopFloor:RSTK-9676-CRUD operation on Routing Master.testinstance:RSTK-9676-CRUD operation on Routing Master.testcase:54:906:918:919:72" iterationIndex="-1" skippedCount="0" startedUtc="1653588469825" successfulCount="1" testApiId="com.provar.plugins.bundled.apis.control.StepGroup" testItemClass="IApiCall" title="Read Excel Data">
                      <childItems>
                        <executionItem endedUtc="1653588469986" executionErrorCount="0" executionStatus="Executed" executionWarningCount="0" failureCount="0" id="root:plans:Mayur-2-ShopFloor:RSTK-9676-CRUD operation on Routing Master.testinstance:RSTK-9676-CRUD operation on Routing Master.testcase:54:906:918:919:72:75" iterationIndex="-1" skippedCount="0" startedUtc="1653588469985" successfulCount="1" testClauseName="hidden" testItemClass="ITestClause" title="Steps">
                          <childItems/>
                        </executionItem>
                      </childItems>
                      <logEntries>
                        <logEntry id="1653588469826" messageType="ParameterValueSource">Loading data from Parameter Value Source ...</logEntry>
                        <logEntry id="1653588469955" messageType="General">Loading Parameter Value Source row 1:</logEntry>
                        <logEntry id="1653588469959" messageType="General">==Column=&gt; RowNumber = PrimitiveValueImpl [ value: 2, valueId=null, createdUpdateSeq=-1, updatedUpdateSeq=-1]</logEntry>
                        <logEntry id="1653588469976" messageType="General">==Column=&gt; Site = PrimitiveValueImpl [ value: 10 (Denver), valueId=null, createdUpdateSeq=-1, updatedUpdateSeq=-1]</logEntry>
                        <logEntry id="1653588469980" messageType="General">==Column=&gt; ItemNumber = PrimitiveValueImpl [ value: Pro-child1, valueId=null, createdUpdateSeq=-1, updatedUpdateSeq=-1]</logEntry>
                        <logEntry id="1653588469981" logLevel="Update" messageType="General">Loaded 1 rows from Parameter Value Source.</logEntry>
                      </logEntries>
                    </executionItem>
                  </childItems>
                  <logEntries>
                    <logEntry id="1653588468557" messageType="ParameterValueSource">Loading data from Parameter Value Source ...</logEntry>
                    <logEntry id="1653588469815" messageType="General">Loading Parameter Value Source row 1:</logEntry>
                    <logEntry id="1653588469817" messageType="General">==Column=&gt; RowNumber = PrimitiveValueImpl [ value: 2, valueId=null, createdUpdateSeq=-1, updatedUpdateSeq=-1]</logEntry>
                    <logEntry id="1653588469820" messageType="General">==Column=&gt; Site = PrimitiveValueImpl [ value: 10 (Denver), valueId=null, createdUpdateSeq=-1, updatedUpdateSeq=-1]</logEntry>
                    <logEntry id="1653588469824" messageType="General">==Column=&gt; ItemNumber = PrimitiveValueImpl [ value: Pro-child1, valueId=null, createdUpdateSeq=-1, updatedUpdateSeq=-1]</logEntry>
                    <logEntry id="1653588469825" logLevel="Update" messageType="General">Loaded 1 rows from Parameter Value Source.</logEntry>
                  </logEntries>
                </executionItem>
                <executionItem endedUtc="0" executionErrorCount="0" executionWarningCount="0" failureCount="0" id="root:plans:Mayur-2-ShopFloor:RSTK-9676-CRUD operation on Routing Master.testinstance:RSTK-9676-CRUD operation on Routing Master.testcase:54:906:918:922" iterationIndex="-1" skippedCount="0" startedUtc="0" successfulCount="0" testClauseName="else" testItemClass="ITestClause" title="Else">
                  <childItems>
                    <executionItem endedUtc="0" executionErrorCount="0" executionWarningCount="0" failureCount="0" id="root:plans:Mayur-2-ShopFloor:RSTK-9676-CRUD operation on Routing Master.testinstance:RSTK-9676-CRUD operation on Routing Master.testcase:54:906:918:922:57" iterationIndex="-1" skippedCount="0" startedUtc="0" successfulCount="0" testApiId="com.provar.plugins.bundled.apis.control.StepGroup" testItemClass="IApiCall" title="Read Excel Data">
                      <childItems>
                        <executionItem endedUtc="0" executionErrorCount="0" executionWarningCount="0" failureCount="0" id="root:plans:Mayur-2-ShopFloor:RSTK-9676-CRUD operation on Routing Master.testinstance:RSTK-9676-CRUD operation on Routing Master.testcase:54:906:918:922:57:73" iterationIndex="-1" skippedCount="0" startedUtc="0" successfulCount="0" testClauseName="hidden" testItemClass="ITestClause" title="Steps">
                          <childItems/>
                        </executionItem>
                      </childItems>
                    </executionItem>
                  </childItems>
                </executionItem>
              </childItems>
            </executionItem>
          </childItems>
        </executionItem>
      </childItems>
    </executionItem>
    <executionItem endedUtc="1653588535960" executionErrorCount="0" executionStatus="Executed" executionWarningCount="0" failureCount="1" id="root:plans:Mayur-2-ShopFloor:RSTK-9676-CRUD operation on Routing Master.testinstance:RSTK-9676-CRUD operation on Routing Master.testcase:49" iterationIndex="-1" skippedCount="0" startedUtc="1653588470192" successfulCount="0" testApiId="com.provar.plugins.bundled.apis.control.ForEach" testItemClass="IApiCall" title="Read Excel Data and perform Operation">
      <childItems>
        <executionItem endedUtc="1653588535960" executionErrorCount="0" executionStatus="Executed" executionWarningCount="0" failureCount="1" id="root:plans:Mayur-2-ShopFloor:RSTK-9676-CRUD operation on Routing Master.testinstance:RSTK-9676-CRUD operation on Routing Master.testcase:49:50.0" iterationIndex="0" skippedCount="0" startedUtc="1653588470238" successfulCount="0" testClauseName="substeps" testItemClass="ITestClause" title="Iteration 1">
          <childItems>
            <executionItem endedUtc="1653588523110" executionErrorCount="0" executionStatus="Executed" executionWarningCount="0" failureCount="1" id="root:plans:Mayur-2-ShopFloor:RSTK-9676-CRUD operation on Routing Master.testinstance:RSTK-9676-CRUD operation on Routing Master.testcase:49:50.0:923" iterationIndex="-1" skippedCount="0" startedUtc="1653588470240" successfulCount="0" testItemClass="ITestCaseCall" title="Call Create Routing Master">
              <childItems>
                <executionItem endedUtc="1653588523109" executionErrorCount="0" executionStatus="Executed" executionWarningCount="0" failureCount="1" id="root:plans:Mayur-2-ShopFloor:RSTK-9676-CRUD operation on Routing Master.testinstance:RSTK-9676-CRUD operation on Routing Master.testcase:49:50.0:923:Create Routing Master.testcase" iterationIndex="-1" skippedCount="0" startedUtc="1653588470241" successfulCount="0" testCasePath="D:\\provar\\EventDemo\\RootedInDemo\\tests\\Shop Floor\\Callable" testItemClass="ITestCase" title="Create Routing Master">
                  <testItemSummary/>
                  <childItems>
                    <executionItem endedUtc="1653588470260" executionErrorCount="0" executionStatus="Executed" executionWarningCount="0" failureCount="0" id="root:plans:Mayur-2-ShopFloor:RSTK-9676-CRUD operation on Routing Master.testinstance:RSTK-9676-CRUD operation on Routing Master.testcase:49:50.0:923:Create Routing Master.testcase:1" iterationIndex="-1" skippedCount="0" startedUtc="1653588470241" successfulCount="1" testApiId="com.provar.plugins.forcedotcom.core.testapis.ApexConnect" testItemClass="IApiCall" title="Salesforce Connect: SFConnection (Test)">
                      <childItems/>
                      <logEntries>
                        <logEntry id="1653588470259" messageType="General">Connecting to Salesforce as QARSF_Admin</logEntry>
                        <logEntry id="1653588470260" logLevel="Update" messageType="General">Re-using existing connection. Connection: QARSF_Admin, Result Name: SFConnection</logEntry>
                      </logEntries>
                    </executionItem>
                    <executionItem endedUtc="1653588510052" executionErrorCount="0" executionStatus="Executed" executionWarningCount="0" failureCount="0" id="root:plans:Mayur-2-ShopFloor:RSTK-9676-CRUD operation on Routing Master.testinstance:RSTK-9676-CRUD operation on Routing Master.testcase:49:50.0:923:Create Routing Master.testcase:17" iterationIndex="-1" skippedCount="0" startedUtc="1653588470261" successfulCount="1" testApiId="com.provar.plugins.forcedotcom.core.ui.UiWithScreen" testItemClass="IApiCall" title="On SF Routing Master New screen">
                      <childItems>
                        <executionItem endedUtc="1653588505508" executionErrorCount="0" executionStatus="Executed" executionWarningCount="0" failureCount="0" id="root:plans:Mayur-2-ShopFloor:RSTK-9676-CRUD operation on Routing Master.testinstance:RSTK-9676-CRUD operation on Routing Master.testcase:49:50.0:923:Create Routing Master.testcase:17:18" iterationIndex="-1" skippedCount="0" startedUtc="1653588505508" successfulCount="1" testClauseName="substeps" testItemClass="ITestClause" title="Sub Steps">
                          <childItems/>
                        </executionItem>
                      </childItems>
                      <logEntries>
                        <logEntry id="1653588470314" messageType="General">Start of With Screen.  Connection Name: SFConnection, target: sf:ui:target?object=rstk__rtrouthdr__c&amp;action=New</logEntry>
                        <logEntry id="1653588472374" messageType="Progress">Getting the rstk__Force_com Application: Loading Salesforce metadata index from disk ... 0%</logEntry>
                        <logEntry id="1653588473500" logLevel="Update" messageType="Progress">Getting the rstk__Force_com Application ... 100%</logEntry>
                        <logEntry id="1653588473509" logLevel="Update" messageType="Progress">Loading Connection model ... 100%</logEntry>
                        <logEntry id="1653588475196" messageType="General">Opening Chrome webdriver instance to https://automationtesting2.my.salesforce.com/secur/frontdoor.jsp</logEntry>
                        <logEntry id="1653588475196" logLevel="Debug" messageType="General">Add Chrome browser specific capabilities</logEntry>
                        <logEntry id="1653588475204" logLevel="Trace" messageType="General">Using executable from UserHome Provar.  executable: C:\\Users\\Mayur\\Provar\\.chromeDriver\\chromedriver.exe</logEntry>
                        <logEntry id="1653588478204" logLevel="Trace" messageType="General">Added Chrome command line switch to bypass proxy for local addresses: --proxy-bypass-list=localhost,127.0.0.1,192.168.1.14</logEntry>
                        <logEntry id="1653588478204" logLevel="Trace" messageType="General">Added desired capability for Chrome browser proxy Null</logEntry>
                        <logEntry id="1653588478204" logLevel="Trace" messageType="General">Using executable from UserHome Provar.  executable: C:\\Users\\Mayur\\Provar\\.chromeDriver\\chromedriver.exe</logEntry>
                        <logEntry id="1653588481294" logLevel="Update" messageType="General">Successfully opened Chrome webdriver to https://automationtesting2.my.salesforce.com/secur/frontdoor.jsp</logEntry>
                        <logEntry id="1653588482741" logLevel="Error" messageType="General">Unknown Page metadata file.  Page Name: Rtrouthdr, Namespace Prefix: null</logEntry>
                        <logEntry id="1653588482743" logLevel="Error" messageType="General">Unknown Page metadata file.  Page Name: Rtrouthdr, Namespace Prefix: null</logEntry>
                        <logEntry id="1653588485070" messageType="General">Opening Page context.  Name: screen, data: null, frame: null</logEntry>
                        <logEntry id="1653588485094" messageType="General">Opening Salesforce page.  Object: rstk__rtrouthdr__c, RelatedList: null, Action: New, Page URL: /a4r/e, Current URL: chrome://new-tab-page/</logEntry>
                        <logEntry id="1653588485101" messageType="General">Opening Salesforce user home page</logEntry>
                        <logEntry id="1653588485916" logLevel="Debug" messageType="General">Navigate to home page</logEntry>
                        <logEntry id="1653588485963" logLevel="Trace" messageType="General">Opening page.  URL: https://automationtesting2.my.salesforce.com/secur/frontdoor.jsp?retURL=/home/home.jsp?tsid=02u5f000000R3zG&amp;sid={accessToken}</logEntry>
                        <logEntry id="1653588493413" logLevel="Debug" messageType="General">Perform page load wait</logEntry>
                        <logEntry id="1653588494425" logLevel="Trace" messageType="General">Start of waitForPageToLoad. Timeout(ms): 90000</logEntry>
                        <logEntry id="1653588494457" logLevel="Trace" messageType="General">Re-attempting of waitForPageToLoad.  Timeout(ms): 90000</logEntry>
                        <logEntry id="1653588494491" logLevel="Trace" messageType="General">End of waitForPageToLoad.  Duration(ms): 66</logEntry>
                        <logEntry id="1653588494561" logLevel="Trace" messageType="General">Qualified relative URL.  URL: https://automationtesting2.my.salesforce.com/a4r/e</logEntry>
                        <logEntry id="1653588494561" logLevel="Trace" messageType="General">Opening page.  Requested URL: /a4r/e, Absolute URL: https://automationtesting2.my.salesforce.com/a4r/e?//automationtesting2.my.salesforce.com/a4r/e=</logEntry>
                        <logEntry id="1653588499846" logLevel="Debug" messageType="General">Perform page load wait</logEntry>
                        <logEntry id="1653588499914" logLevel="Update" messageType="General">Successfully opened user home page</logEntry>
                        <logEntry id="1653588505268" messageType="General">Going to update browser window handles.</logEntry>
                        <logEntry id="1653588505268" logLevel="Debug" messageType="General">Update browser window handles.</logEntry>
                        <logEntry id="1653588505508" logLevel="Update" messageType="General">Successfully updated browser window handles.</logEntry>
                        <logEntry id="1653588505508" messageType="General">All Sub-Test Steps were successful.</logEntry>
                        <logEntry id="1653588505680" messageType="General">Switched focus to main window.  URL: https://automationtesting2--rstk.visualforce.com/apex/Rtrouthdr?save_new=1&amp;sfdc.override=1</logEntry>
                        <logEntry id="1653588505680" logLevel="Trace" messageType="General">Start of waitForPageToLoad. Timeout(ms): 90000</logEntry>
                        <logEntry id="1653588505711" logLevel="Trace" messageType="General">Re-attempting of waitForPageToLoad.  Timeout(ms): 90000</logEntry>
                        <logEntry id="1653588505758" logLevel="Trace" messageType="General">End of waitForPageToLoad.  Duration(ms): 94</logEntry>
                        <logEntry id="1653588505790" messageType="General">Fetching created Id from URL</logEntry>
                        <logEntry id="1653588507840" messageType="General">Reattempting for the createdId</logEntry>
                        <logEntry id="1653588507856" messageType="General">Reattempting for the createdId</logEntry>
                        <logEntry id="1653588507873" messageType="General">Reattempting for the createdId</logEntry>
                        <logEntry id="1653588507889" logLevel="Summary" messageType="General">Storing created Salesforce Object ID.  Result Name: a, created ID: &lt;a href='sf:object?connection=QARSF_Admin&amp;object=rstk__rtrouthdr__c'&gt;null&lt;/a&gt;, location: https://automationtesting2--rstk.visualforce.com/apex/Rtrouthdr?save_new=1&amp;sfdc.override=1</logEntry>
                        <logEntry id="1653588507892" messageType="General">Closing Page context.  Name: screen, data: null, frame: null</logEntry>
                        <logEntry id="1653588507892" messageType="General">Main window reselected.  Window: main</logEntry>
                        <logEntry id="1653588507964" messageType="General">Switched focus to main window.  URL: https://automationtesting2--rstk.visualforce.com/apex/Rtrouthdr?save_new=1&amp;sfdc.override=1</logEntry>
                        <logEntry id="1653588509971" messageType="General">Going to update browser window handles.</logEntry>
                        <logEntry id="1653588509971" logLevel="Debug" messageType="General">Update browser window handles.</logEntry>
                        <logEntry id="1653588510052" logLevel="Update" messageType="General">Successfully updated browser window handles.</logEntry>
                      </logEntries>
                    </executionItem>
                    <executionItem endedUtc="1653588523109" executionErrorCount="0" executionStatus="Executed" executionWarningCount="0" failureCount="1" id="root:plans:Mayur-2-ShopFloor:RSTK-9676-CRUD operation on Routing Master.testinstance:RSTK-9676-CRUD operation on Routing Master.testcase:49:50.0:923:Create Routing Master.testcase:16" iterationIndex="-1" skippedCount="0" startedUtc="1653588512482" successfulCount="0" testApiId="com.provar.plugins.forcedotcom.core.ui.UiWithScreen" testItemClass="IApiCall" title="Create Routing Master">
                      <childItems>
                        <executionItem endedUtc="1653588522897" executionErrorCount="0" executionStatus="Executed" executionWarningCount="0" failureCount="1" id="root:plans:Mayur-2-ShopFloor:RSTK-9676-CRUD operation on Routing Master.testinstance:RSTK-9676-CRUD operation on Routing Master.testcase:49:50.0:923:Create Routing Master.testcase:16:8" iterationIndex="-1" skippedCount="0" startedUtc="1653588514875" successfulCount="0" testClauseName="substeps" testItemClass="ITestClause" title="Sub Steps">
                          <childItems>
                            <executionItem endedUtc="1653588516438" executionErrorCount="0" executionStatus="Executed" executionWarningCount="0" failureCount="0" id="root:plans:Mayur-2-ShopFloor:RSTK-9676-CRUD operation on Routing Master.testinstance:RSTK-9676-CRUD operation on Routing Master.testcase:49:50.0:923:Create Routing Master.testcase:16:8:9" iterationIndex="-1" skippedCount="0" startedUtc="1653588514875" successfulCount="1" testApiId="com.provar.plugins.forcedotcom.core.ui.UiDoAction" testItemClass="IApiCall" title="Set the Site select to 10 (Denver)">
                              <childItems/>
                              <logEntries>
                                <logEntry id="1653588514875" messageType="General">Start of Interact.  Connection: SFConnection, Locator: ui:locator?name=site, before wait: default, after wait: ui:wait:pageload?timeout=60, auto retry: default</logEntry>
                                <logEntry id="1653588514954" messageType="General">Locator: ui:locator?name=site</logEntry>
                                <logEntry id="1653588514954" messageType="General">Interaction: ui:interaction?name=set</logEntry>
                                <logEntry id="1653588515075" messageType="General">Switched focus to main window.  URL: https://automationtesting2--rstk.visualforce.com/apex/Rtrouthdr?save_new=1&amp;sfdc.override=1</logEntry>
                                <logEntry id="1653588515563" messageType="General">Doing before wait.  waitUrl: default</logEntry>
                                <logEntry id="1653588515569" messageType="General">End of &amp;lt;default&amp;gt; wait.</logEntry>
                                <logEntry id="1653588515570" messageType="General">Doing after wait.  waitUrl: ui:wait:pageload?timeout=60</logEntry>
                                <logEntry id="1653588515670" messageType="General">Got webElement.  tagName: SELECT, id: null, type: null, selector: null</logEntry>
                                <logEntry id="1653588516315" messageType="General">Doing after wait.  waitUrl: ui:wait:pageload?timeout=60</logEntry>
                                <logEntry id="1653588516316" messageType="General">Waiting for page to load.  Page URL: null, Timeout(secs): 60</logEntry>
                                <logEntry id="1653588516316" logLevel="Trace" messageType="General">Start of waitForPageToLoad. Timeout(ms): 60000</logEntry>
                                <logEntry id="1653588516351" logLevel="Trace" messageType="General">Re-attempting of waitForPageToLoad.  Timeout(ms): 60000</logEntry>
                                <logEntry id="1653588516379" logLevel="Trace" messageType="General">End of waitForPageToLoad.  Duration(ms): 63</logEntry>
                                <logEntry id="1653588516379" messageType="General">End for wait for page to load.</logEntry>
                                <logEntry id="1653588516380" messageType="General">Going to update browser window handles.</logEntry>
                                <logEntry id="1653588516380" logLevel="Debug" messageType="General">Update browser window handles.</logEntry>
                                <logEntry id="1653588516438" logLevel="Update" messageType="General">Successfully updated browser window handles.</logEntry>
                              </logEntries>
                            </executionItem>
                            <executionItem endedUtc="1653588521585" executionErrorCount="0" executionStatus="Executed" executionWarningCount="0" failureCount="0" id="root:plans:Mayur-2-ShopFloor:RSTK-9676-CRUD operation on Routing Master.testinstance:RSTK-9676-CRUD operation on Routing Master.testcase:49:50.0:923:Create Routing Master.testcase:16:8:10" iterationIndex="-1" skippedCount="0" startedUtc="1653588516438" successfulCount="1" testApiId="com.provar.plugins.forcedotcom.core.ui.UiDoAction" testItemClass="IApiCall" title="Call the selectItemNumber method">
                              <childItems/>
                              <logEntries>
                                <logEntry id="1653588516442" messageType="General">Start of Interact.  Connection: SFConnection, Locator: ui:pageobject:method?operation=selectItemNumber&amp;pageId=pageobjects.rstk__Rtrouthdr, before wait: ui:wait:auraBusy?timeout=60, after wait: ui:wait:pageload?timeout=60, auto retry: default</logEntry>
                                <logEntry id="1653588516515" messageType="General">Locator: ui:pageobject:method?operation=selectItemNumber&amp;pageId=pageobjects.rstk__Rtrouthdr</logEntry>
                                <logEntry id="1653588516515" messageType="General">Interaction: ui:interaction?name=invoke</logEntry>
                                <logEntry id="1653588516599" messageType="General">Switched focus to main window.  URL: https://automationtesting2--rstk.visualforce.com/apex/Rtrouthdr?save_new=1&amp;sfdc.override=1</logEntry>
                                <logEntry id="1653588516623" messageType="General">Doing before wait.  waitUrl: ui:wait:auraBusy?timeout=60</logEntry>
                                <logEntry id="1653588516624" messageType="General">Waiting for page to load.  Timeout(secs): 60</logEntry>
                                <logEntry id="1653588516624" logLevel="Trace" messageType="General">Start of waitForPageToLoad. Timeout(ms): 90000</logEntry>
                                <logEntry id="1653588516660" logLevel="Trace" messageType="General">Re-attempting of waitForPageToLoad.  Timeout(ms): 90000</logEntry>
                                <logEntry id="1653588516689" logLevel="Trace" messageType="General">End of waitForPageToLoad.  Duration(ms): 65</logEntry>
                                <logEntry id="1653588516689" messageType="General">End for wait for page to load.</logEntry>
                                <logEntry id="1653588516689" messageType="General">Waiting for aura busy controls to disappear.  Timeout(secs): 60</logEntry>
                                <logEntry id="1653588517797" messageType="General">End for wait for aura busy controls to disappear.</logEntry>
                                <logEntry id="1653588517797" messageType="General">Doing after wait.  waitUrl: ui:wait:pageload?timeout=60</logEntry>
                                <logEntry id="1653588517797" messageType="General">Got Page Object.  Class: pageobjects.rstk__Rtrouthdr</logEntry>
                                <logEntry id="1653588517797" messageType="General">Extracted arg value.  Arg Name: param_ItemNumber, value: Pro-child1</logEntry>
                                <logEntry id="1653588521457" messageType="General">Doing after wait.  waitUrl: ui:wait:pageload?timeout=60</logEntry>
                                <logEntry id="1653588521457" messageType="General">Waiting for page to load.  Page URL: null, Timeout(secs): 60</logEntry>
                                <logEntry id="1653588521457" logLevel="Trace" messageType="General">Start of waitForPageToLoad. Timeout(ms): 60000</logEntry>
                                <logEntry id="1653588521493" logLevel="Trace" messageType="General">Re-attempting of waitForPageToLoad.  Timeout(ms): 60000</logEntry>
                                <logEntry id="1653588521522" logLevel="Trace" messageType="General">End of waitForPageToLoad.  Duration(ms): 65</logEntry>
                                <logEntry id="1653588521522" messageType="General">End for wait for page to load.</logEntry>
                                <logEntry id="1653588521522" messageType="General">Going to update browser window handles.</logEntry>
                                <logEntry id="1653588521522" logLevel="Debug" messageType="General">Update browser window handles.</logEntry>
                                <logEntry id="1653588521585" logLevel="Update" messageType="General">Successfully updated browser window handles.</logEntry>
                              </logEntries>
                            </executionItem>
                            <executionItem endedUtc="1653588522138" executionErrorCount="0" executionStatus="Executed" executionWarningCount="0" failureCount="0" id="root:plans:Mayur-2-ShopFloor:RSTK-9676-CRUD operation on Routing Master.testinstance:RSTK-9676-CRUD operation on Routing Master.testcase:49:50.0:923:Create Routing Master.testcase:16:8:11" iterationIndex="-1" skippedCount="0" startedUtc="1653588521586" successfulCount="1" testApiId="com.provar.plugins.forcedotcom.core.ui.UiDoAction" testItemClass="IApiCall" title="Click the Save button">
                              <childItems/>
                              <logEntries>
                                <logEntry id="1653588521588" messageType="General">Start of Interact.  Connection: SFConnection, Locator: ui:locator?name=save, before wait: default, after wait: default, auto retry: default</logEntry>
                                <logEntry id="1653588521669" messageType="General">Locator: ui:locator?name=save</logEntry>
                                <logEntry id="1653588521670" messageType="General">Interaction: ui:interaction?name=action</logEntry>
                                <logEntry id="1653588521735" messageType="General">Switched focus to main window.  URL: https://automationtesting2--rstk.visualforce.com/apex/Rtrouthdr?save_new=1&amp;sfdc.override=1</logEntry>
                                <logEntry id="1653588521783" messageType="General">Doing before wait.  waitUrl: default</logEntry>
                                <logEntry id="1653588521783" messageType="General">End of &amp;lt;default&amp;gt; wait.</logEntry>
                                <logEntry id="1653588521784" messageType="General">Doing after wait.  waitUrl: default</logEntry>
                                <logEntry id="1653588522045" messageType="General">Clicking WebElement.  WebElement [tag: input, text: Save]</logEntry>
                                <logEntry id="1653588522077" messageType="General">Doing after wait.  waitUrl: default</logEntry>
                                <logEntry id="1653588522078" messageType="General">End of &amp;lt;default&amp;gt; wait.</logEntry>
                                <logEntry id="1653588522078" messageType="General">Going to update browser window handles.</logEntry>
                                <logEntry id="1653588522078" logLevel="Debug" messageType="General">Update browser window handles.</logEntry>
                                <logEntry id="1653588522137" logLevel="Update" messageType="General">Successfully updated browser window handles.</logEntry>
                              </logEntries>
                            </executionItem>
                            <executionItem endedUtc="1653588522896" executionErrorCount="0" executionStatus="Executed" executionWarningCount="0" failureCount="1" id="root:plans:Mayur-2-ShopFloor:RSTK-9676-CRUD operation on Routing Master.testinstance:RSTK-9676-CRUD operation on Routing Master.testcase:49:50.0:923:Create Routing Master.testcase:16:8:14" iterationIndex="-1" skippedCount="0" startedUtc="1653588522138" successfulCount="0" testApiId="com.provar.plugins.forcedotcom.core.ui.UiAssert" testItemClass="IApiCall" title="UI Assert: Name">
                              <childItems/>
                              <logEntries>
                                <logEntry id="1653588522143" messageType="General">Start of UiAssert.  Connection: SFConnection</logEntry>
                                <logEntry id="1653588522215" messageType="General">Resolving field name</logEntry>
                                <logEntry id="1653588522283" logLevel="Error" messageType="General">Error performing Ui Assert.  Connection Name: QARSF_Admin, cause: [UnhandledAlertException: unexpected alert open: {Alert text : Please enter a value for the following required fields \nResponsible Planner\nResponsible Engineer\nItem Number.}\n  (Session info: chrome=101.0.4951.67)\n  (Driver info: chromedriver=100.0.4896.60 (6a5d10861ce8de5fce22564658033b43cb7de047-refs/branch-heads/4896@{#875}),platform=Windows NT 10.0.22000 x86_64) (WARNING: The server did not provide any stacktrace information)\nCommand duration or timeout: 17 milliseconds: null\nBuild info: version: 'unknown', revision: 'unknown', time: 'unknown'\nSystem info: host: 'DFORCE-MAYUR', ip: '192.168.1.14', os.name: 'Windows 10', os.arch: 'amd64', os.version: '10.0', java.version: '1.8.0_271'\nDriver info: org.openqa.selenium.chrome.ChromeDriver\nCapabilities [{mobileEmulationEnabled=false, timeouts={implicit=0.0, pageLoad=300000.0, script=30000.0}, hasTouchScreen=false, platform=XP, acceptSslCerts=false, goog:chromeOptions={debuggerAddress=localhost:57194}, webauthn:extension:credBlob=true, acceptInsecureCerts=false, webStorageEnabled=true, browserName=chrome, takesScreenshot=true, javascriptEnabled=true, setWindowRect=true, webauthn:extension:largeBlob=true, unexpectedAlertBehaviour=ignore, rotatable=false, networkConnectionEnabled=false, chrome={chromedriverVersion=100.0.4896.60 (6a5d10861ce8de5fce22564658033b43cb7de047-refs/branch-heads/4896@{#875}), userDataDir=D:\\provar\\EventDemo\\RootedInDemo\\.provarCaches\\.chromeProfiles\\profile1}, takesHeapSnapshot=true, pageLoadStrategy=normal, strictFileInteractability=false, databaseEnabled=false, handlesAlerts=true, version=101.0.4951.67, browserConnectionEnabled=false, proxy=Proxy(direct), nativeEvents=true, locationContextEnabled=true, cssSelectorsEnabled=true, webauthn:virtualAuthenticators=true}]\nSession ID: 712a97ca781f3f24efcd5ae89ac02493]</logEntry>
                                <logEntry id="1653588522284" logLevel="Error" messageType="General">org.openqa.selenium.UnhandledAlertException: unexpected alert open: {Alert text : Please enter a value for the following required fields </logEntry>
                                <logEntry id="1653588522284" logLevel="Error" messageType="General">Responsible Planner</logEntry>
                                <logEntry id="1653588522284" messageType="General">Going to update browser window handles.</logEntry>
                                <logEntry id="1653588522284" logLevel="Debug" messageType="General">Update browser window handles.</logEntry>
                                <logEntry id="1653588522285" logLevel="Error" messageType="General">Responsible Engineer</logEntry>
                                <logEntry id="1653588522285" logLevel="Error" messageType="General">Item Number.}</logEntry>
                                <logEntry id="1653588522285" logLevel="Error" messageType="General">  (Session info: chrome=101.0.4951.67)</logEntry>
                                <logEntry id="1653588522286" logLevel="Error" messageType="General">  (Driver info: chromedriver=100.0.4896.60 (6a5d10861ce8de5fce22564658033b43cb7de047-refs/branch-heads/4896@{#875}),platform=Windows NT 10.0.22000 x86_64) (WARNING: The server did not provide any stacktrace information)</logEntry>
                                <logEntry id="1653588522286" logLevel="Error" messageType="General">Command duration or timeout: 17 milliseconds: null</logEntry>
                                <logEntry id="1653588522286" logLevel="Error" messageType="General">Build info: version: 'unknown', revision: 'unknown', time: 'unknown'</logEntry>
                                <logEntry id="1653588522287" logLevel="Error" messageType="General">System info: host: 'DFORCE-MAYUR', ip: '192.168.1.14', os.name: 'Windows 10', os.arch: 'amd64', os.version: '10.0', java.version: '1.8.0_271'</logEntry>
                                <logEntry id="1653588522287" logLevel="Error" messageType="General">Driver info: org.openqa.selenium.chrome.ChromeDriver</logEntry>
                                <logEntry id="1653588522288" logLevel="Error" messageType="General">Capabilities [{mobileEmulationEnabled=false, timeouts={implicit=0.0, pageLoad=300000.0, script=30000.0}, hasTouchScreen=false, platform=XP, acceptSslCerts=false, goog:chromeOptions={debuggerAddress=localhost:57194}, webauthn:extension:credBlob=true, acceptInsecureCerts=false, webStorageEnabled=true, browserName=chrome, takesScreenshot=true, javascriptEnabled=true, setWindowRect=true, webauthn:extension:largeBlob=true, unexpectedAlertBehaviour=ignore, rotatable=false, networkConnectionEnabled=false, chrome={chromedriverVersion=100.0.4896.60 (6a5d10861ce8de5fce22564658033b43cb7de047-refs/branch-heads/4896@{#875}), userDataDir=D:\\provar\\EventDemo\\RootedInDemo\\.provarCaches\\.chromeProfiles\\profile1}, takesHeapSnapshot=true, pageLoadStrategy=normal, strictFileInteractability=false, databaseEnabled=false, handlesAlerts=true, version=101.0.4951.67, browserConnectionEnabled=false, proxy=Proxy(direct), nativeEvents=true, locationContextEnabled=true, cssSelectorsEnabled=true, webauthn:virtualAuthenticators=true}]</logEntry>
                                <logEntry id="1653588522288" logLevel="Error" messageType="General">Session ID: 712a97ca781f3f24efcd5ae89ac02493</logEntry>
                                <logEntry id="1653588522288" logLevel="Error" messageType="General">\tat sun.reflect.NativeConstructorAccessorImpl.newInstance0(Native Method)</logEntry>
                                <logEntry id="1653588522292" logLevel="Error" messageType="General">\tat sun.reflect.NativeConstructorAccessorImpl.newInstance(NativeConstructorAccessorImpl.java:62)</logEntry>
                                <logEntry id="1653588522293" logLevel="Error" messageType="General">\tat sun.reflect.DelegatingConstructorAccessorImpl.newInstance(DelegatingConstructorAccessorImpl.java:45)</logEntry>
                                <logEntry id="1653588522293" logLevel="Error" messageType="General">\tat java.lang.reflect.Constructor.newInstance(Constructor.java:423)</logEntry>
                                <logEntry id="1653588522293" logLevel="Error" messageType="General">\tat org.openqa.selenium.remote.ErrorHandler.createThrowable(ErrorHandler.java:215)</logEntry>
                                <logEntry id="1653588522294" logLevel="Error" messageType="General">\tat org.openqa.selenium.remote.ErrorHandler.throwIfResponseFailed(ErrorHandler.java:173)</logEntry>
                                <logEntry id="1653588522294" logLevel="Error" messageType="General">\tat org.openqa.selenium.remote.RemoteWebDriver.execute(RemoteWebDriver.java:671)</logEntry>
                                <logEntry id="1653588522295" logLevel="Error" messageType="General">\tat org.openqa.selenium.remote.RemoteWebDriver.executeScript(RemoteWebDriver.java:573)</logEntry>
                                <logEntry id="1653588522295" logLevel="Error" messageType="General">\tat com.provar.core.testapi.ProvarSeleniumDriver.getCurrentUrl(ProvarSeleniumDriver.java:3129)</logEntry>
                                <logEntry id="1653588522295" logLevel="Error" messageType="General">\tat com.provar.core.testapi.ProvarSeleniumDriver.switchToCurrentFrame(ProvarSeleniumDriver.java:2365)</logEntry>
                                <logEntry id="1653588522296" logLevel="Error" messageType="General">\tat com.provar.plugins.forcedotcom.core.ui.SeleniumUiHandler.assertFieldAttributes(SeleniumUiHandler.java:7023)</logEntry>
                                <logEntry id="1653588522296" logLevel="Error" messageType="General">\tat com.provar.plugins.forcedotcom.core.ui.SeleniumUiHandler.performAssert(SeleniumUiHandler.java:6844)</logEntry>
                                <logEntry id="1653588522297" logLevel="Error" messageType="General">\tat com.provar.plugins.forcedotcom.core.ui.SeleniumUiHandler.perform(SeleniumUiHandler.java:408)</logEntry>
                                <logEntry id="1653588522297" logLevel="Error" messageType="General">\tat com.provar.plugins.forcedotcom.core.connection.SfConnectionHandler.delegateToUiHandler(SfConnectionHandler.java:346)</logEntry>
                                <logEntry id="1653588522298" logLevel="Error" messageType="General">\tat com.provar.plugins.forcedotcom.core.connection.SfConnectionHandler.perform(SfConnectionHandler.java:337)</logEntry>
                                <logEntry id="1653588522298" logLevel="Error" messageType="General">\tat com.provar.core.testexecution.common.java.TestExecutionContextImpl.doConnectionOperation(TestExecutionContextImpl.java:857)</logEntry>
                                <logEntry id="1653588522298" logLevel="Error" messageType="General">\tat com.provar.plugins.forcedotcom.core.ui.UiAssert.execute(UiAssert.java:135)</logEntry>
                                <logEntry id="1653588522298" logLevel="Error" messageType="General">\tat sun.reflect.NativeMethodAccessorImpl.invoke0(Native Method)</logEntry>
                                <logEntry id="1653588522299" logLevel="Error" messageType="General">\tat sun.reflect.NativeMethodAccessorImpl.invoke(NativeMethodAccessorImpl.java:62)</logEntry>
                                <logEntry id="1653588522299" logLevel="Error" messageType="General">\tat sun.reflect.DelegatingMethodAccessorImpl.invoke(DelegatingMethodAccessorImpl.java:43)</logEntry>
                                <logEntry id="1653588522299" logLevel="Error" messageType="General">\tat java.lang.reflect.Method.invoke(Method.java:498)</logEntry>
                                <logEntry id="1653588522300" logLevel="Error" messageType="General">\tat com.provar.core.testexecution.container.java.TestExecutionContainerImpl.invokeTestApi(TestExecutionContainerImpl.java:754)</logEntry>
                                <logEntry id="1653588522300" logLevel="Error" messageType="General">\tat com.provar.core.testexecution.container.java.LocalTestExecutionContainerRunner.doInvokeTestApi(LocalTestExecutionContainerRunner.java:746)</logEntry>
                                <logEntry id="1653588522300" logLevel="Error" messageType="General">\tat com.provar.core.testexecution.container.java.LocalTestExecutionContainerRunner.access$11(LocalTestExecutionContainerRunner.java:678)</logEntry>
                                <logEntry id="1653588522300" logLevel="Error" messageType="General">\tat com.provar.core.testexecution.container.java.LocalTestExecutionContainerRunner$MessageProcessor.run(LocalTestExecutionContainerRunner.java:1402)</logEntry>
                                <logEntry id="1653588522340" logLevel="Update" messageType="General">Successfully updated browser window handles.</logEntry>
                                <logEntry id="1653588522827" messageType="General">Going to update browser window handles.</logEntry>
                                <logEntry id="1653588522827" logLevel="Debug" messageType="General">Update browser window handles.</logEntry>
                                <logEntry id="1653588522884" logLevel="Update" messageType="General">Successfully updated browser window handles.</logEntry>
                              </logEntries>
                              <testArtifacts>
                                <artifactFile artifactsRelativePath="ScreenShot1" createdTimestamp="1653588522827" mimeContentType="image/png" name="ScreenShot1" title="Error Screenshot"/>
                              </testArtifacts>
                            </executionItem>
                          </childItems>
                        </executionItem>
                      </childItems>
                      <logEntries>
                        <logEntry id="1653588512488" messageType="General">Start of With Screen.  Connection Name: SFConnection, target: sf:ui:target?page=rstk__Rtrouthdr&amp;pageObject=pageobjects.rstk__Rtrouthdr</logEntry>
                        <logEntry id="1653588512594" messageType="General">Opening Page context.  Name: screen, data: null, frame: null</logEntry>
                        <logEntry id="1653588514816" messageType="General">Going to update browser window handles.</logEntry>
                        <logEntry id="1653588514816" logLevel="Debug" messageType="General">Update browser window handles.</logEntry>
                        <logEntry id="1653588514875" logLevel="Update" messageType="General">Successfully updated browser window handles.</logEntry>
                        <logEntry id="1653588522900" logLevel="Error" messageType="General">One or more Sub-Test Steps failed.</logEntry>
                        <logEntry id="1653588522980" messageType="General">Closing Page context.  Name: screen, data: null, frame: null</logEntry>
                        <logEntry id="1653588522981" messageType="General">Main window reselected.  Window: main</logEntry>
                        <logEntry id="1653588523046" logLevel="Error" messageType="General">Error opening Salesforce UI Connection.  Connection Name: QARSF_Admin, cause: [UnhandledAlertException: unexpected alert open: {Alert text : Please enter a value for the following required fields \nResponsible Planner\nResponsible Engineer\nItem Number.}\n  (Session info: chrome=101.0.4951.67)\n  (Driver info: chromedriver=100.0.4896.60 (6a5d10861ce8de5fce22564658033b43cb7de047-refs/branch-heads/4896@{#875}),platform=Windows NT 10.0.22000 x86_64) (WARNING: The server did not provide any stacktrace information)\nCommand duration or timeout: 11 milliseconds: null\nBuild info: version: 'unknown', revision: 'unknown', time: 'unknown'\nSystem info: host: 'DFORCE-MAYUR', ip: '192.168.1.14', os.name: 'Windows 10', os.arch: 'amd64', os.version: '10.0', java.version: '1.8.0_271'\nDriver info: org.openqa.selenium.chrome.ChromeDriver\nCapabilities [{mobileEmulationEnabled=false, timeouts={implicit=0.0, pageLoad=300000.0, script=30000.0}, hasTouchScreen=false, platform=XP, acceptSslCerts=false, goog:chromeOptions={debuggerAddress=localhost:57194}, webauthn:extension:credBlob=true, acceptInsecureCerts=false, webStorageEnabled=true, browserName=chrome, takesScreenshot=true, javascriptEnabled=true, setWindowRect=true, webauthn:extension:largeBlob=true, unexpectedAlertBehaviour=ignore, rotatable=false, networkConnectionEnabled=false, chrome={chromedriverVersion=100.0.4896.60 (6a5d10861ce8de5fce22564658033b43cb7de047-refs/branch-heads/4896@{#875}), userDataDir=D:\\provar\\EventDemo\\RootedInDemo\\.provarCaches\\.chromeProfiles\\profile1}, takesHeapSnapshot=true, pageLoadStrategy=normal, strictFileInteractability=false, databaseEnabled=false, handlesAlerts=true, version=101.0.4951.67, browserConnectionEnabled=false, proxy=Proxy(direct), nativeEvents=true, locationContextEnabled=true, cssSelectorsEnabled=true, webauthn:virtualAuthenticators=true}]\nSession ID: 712a97ca781f3f24efcd5ae89ac02493]</logEntry>
                        <logEntry id="1653588523047" logLevel="Error" messageType="General">org.openqa.selenium.UnhandledAlertException: unexpected alert open: {Alert text : Please enter a value for the following required fields </logEntry>
                        <logEntry id="1653588523047" messageType="General">Going to update browser window handles.</logEntry>
                        <logEntry id="1653588523047" logLevel="Debug" messageType="General">Update browser window handles.</logEntry>
                        <logEntry id="1653588523047" logLevel="Error" messageType="General">Responsible Planner</logEntry>
                        <logEntry id="1653588523048" logLevel="Error" messageType="General">Responsible Engineer</logEntry>
                        <logEntry id="1653588523048" logLevel="Error" messageType="General">Item Number.}</logEntry>
                        <logEntry id="1653588523048" logLevel="Error" messageType="General">  (Session info: chrome=101.0.4951.67)</logEntry>
                        <logEntry id="1653588523049" logLevel="Error" messageType="General">  (Driver info: chromedriver=100.0.4896.60 (6a5d10861ce8de5fce22564658033b43cb7de047-refs/branch-heads/4896@{#875}),platform=Windows NT 10.0.22000 x86_64) (WARNING: The server did not provide any stacktrace information)</logEntry>
                        <logEntry id="1653588523049" logLevel="Error" messageType="General">Command duration or timeout: 11 milliseconds: null</logEntry>
                        <logEntry id="1653588523049" logLevel="Error" messageType="General">Build info: version: 'unknown', revision: 'unknown', time: 'unknown'</logEntry>
                        <logEntry id="1653588523050" logLevel="Error" messageType="General">System info: host: 'DFORCE-MAYUR', ip: '192.168.1.14', os.name: 'Windows 10', os.arch: 'amd64', os.version: '10.0', java.version: '1.8.0_271'</logEntry>
                        <logEntry id="1653588523050" logLevel="Error" messageType="General">Driver info: org.openqa.selenium.chrome.ChromeDriver</logEntry>
                        <logEntry id="1653588523050" logLevel="Error" messageType="General">Capabilities [{mobileEmulationEnabled=false, timeouts={implicit=0.0, pageLoad=300000.0, script=30000.0}, hasTouchScreen=false, platform=XP, acceptSslCerts=false, goog:chromeOptions={debuggerAddress=localhost:57194}, webauthn:extension:credBlob=true, acceptInsecureCerts=false, webStorageEnabled=true, browserName=chrome, takesScreenshot=true, javascriptEnabled=true, setWindowRect=true, webauthn:extension:largeBlob=true, unexpectedAlertBehaviour=ignore, rotatable=false, networkConnectionEnabled=false, chrome={chromedriverVersion=100.0.4896.60 (6a5d10861ce8de5fce22564658033b43cb7de047-refs/branch-heads/4896@{#875}), userDataDir=D:\\provar\\EventDemo\\RootedInDemo\\.provarCaches\\.chromeProfiles\\profile1}, takesHeapSnapshot=true, pageLoadStrategy=normal, strictFileInteractability=false, databaseEnabled=false, handlesAlerts=true, version=101.0.4951.67, browserConnectionEnabled=false, proxy=Proxy(direct), nativeEvents=true, locationContextEnabled=true, cssSelectorsEnabled=true, webauthn:virtualAuthenticators=true}]</logEntry>
                        <logEntry id="1653588523050" logLevel="Error" messageType="General">Session ID: 712a97ca781f3f24efcd5ae89ac02493</logEntry>
                        <logEntry id="1653588523050" logLevel="Error" messageType="General">\tat sun.reflect.NativeConstructorAccessorImpl.newInstance0(Native Method)</logEntry>
                        <logEntry id="1653588523050" logLevel="Error" messageType="General">\tat sun.reflect.NativeConstructorAccessorImpl.newInstance(NativeConstructorAccessorImpl.java:62)</logEntry>
                        <logEntry id="1653588523051" logLevel="Error" messageType="General">\tat sun.reflect.DelegatingConstructorAccessorImpl.newInstance(DelegatingConstructorAccessorImpl.java:45)</logEntry>
                        <logEntry id="1653588523051" logLevel="Error" messageType="General">\tat java.lang.reflect.Constructor.newInstance(Constructor.java:423)</logEntry>
                        <logEntry id="1653588523051" logLevel="Error" messageType="General">\tat org.openqa.selenium.remote.ErrorHandler.createThrowable(ErrorHandler.java:215)</logEntry>
                        <logEntry id="1653588523053" logLevel="Error" messageType="General">\tat org.openqa.selenium.remote.ErrorHandler.throwIfResponseFailed(ErrorHandler.java:173)</logEntry>
                        <logEntry id="1653588523053" logLevel="Error" messageType="General">\tat org.openqa.selenium.remote.RemoteWebDriver.execute(RemoteWebDriver.java:671)</logEntry>
                        <logEntry id="1653588523053" logLevel="Error" messageType="General">\tat org.openqa.selenium.remote.RemoteWebDriver.executeScript(RemoteWebDriver.java:573)</logEntry>
                        <logEntry id="1653588523054" logLevel="Error" messageType="General">\tat com.provar.core.testapi.ProvarSeleniumDriver.getCurrentUrl(ProvarSeleniumDriver.java:3129)</logEntry>
                        <logEntry id="1653588523054" logLevel="Error" messageType="General">\tat com.provar.core.testapi.ProvarSeleniumDriver.switchToCurrentFrame(ProvarSeleniumDriver.java:2365)</logEntry>
                        <logEntry id="1653588523055" logLevel="Error" messageType="General">\tat com.provar.plugins.forcedotcom.core.ui.SfUiHandler.performScreenClose(SfUiHandler.java:4268)</logEntry>
                        <logEntry id="1653588523055" logLevel="Error" messageType="General">\tat com.provar.plugins.forcedotcom.core.ui.SeleniumUiHandler.perform(SeleniumUiHandler.java:388)</logEntry>
                        <logEntry id="1653588523056" logLevel="Error" messageType="General">\tat com.provar.plugins.forcedotcom.core.connection.SfConnectionHandler.delegateToUiHandler(SfConnectionHandler.java:346)</logEntry>
                        <logEntry id="1653588523057" logLevel="Error" messageType="General">\tat com.provar.plugins.forcedotcom.core.connection.SfConnectionHandler.perform(SfConnectionHandler.java:337)</logEntry>
                        <logEntry id="1653588523057" logLevel="Error" messageType="General">\tat com.provar.core.testexecution.common.java.TestExecutionContextImpl.doConnectionOperation(TestExecutionContextImpl.java:857)</logEntry>
                        <logEntry id="1653588523057" logLevel="Error" messageType="General">\tat com.provar.plugins.forcedotcom.core.ui.UiWithScreen.execute(UiWithScreen.java:188)</logEntry>
                        <logEntry id="1653588523057" logLevel="Error" messageType="General">\tat sun.reflect.NativeMethodAccessorImpl.invoke0(Native Method)</logEntry>
                        <logEntry id="1653588523057" logLevel="Error" messageType="General">\tat sun.reflect.NativeMethodAccessorImpl.invoke(NativeMethodAccessorImpl.java:62)</logEntry>
                        <logEntry id="1653588523057" logLevel="Error" messageType="General">\tat sun.reflect.DelegatingMethodAccessorImpl.invoke(DelegatingMethodAccessorImpl.java:43)</logEntry>
                        <logEntry id="1653588523057" logLevel="Error" messageType="General">\tat java.lang.reflect.Method.invoke(Method.java:498)</logEntry>
                        <logEntry id="1653588523058" logLevel="Error" messageType="General">\tat com.provar.core.testexecution.container.java.TestExecutionContainerImpl.invokeTestApi(TestExecutionContainerImpl.java:754)</logEntry>
                        <logEntry id="1653588523060" logLevel="Error" messageType="General">\tat com.provar.core.testexecution.container.java.LocalTestExecutionContainerRunner.doInvokeTestApi(LocalTestExecutionContainerRunner.java:746)</logEntry>
                        <logEntry id="1653588523061" logLevel="Error" messageType="General">\tat com.provar.core.testexecution.container.java.LocalTestExecutionContainerRunner.access$11(LocalTestExecutionContainerRunner.java:678)</logEntry>
                        <logEntry id="1653588523062" logLevel="Error" messageType="General">\tat com.provar.core.testexecution.container.java.LocalTestExecutionContainerRunner$MessageProcessor.run(LocalTestExecutionContainerRunner.java:1402)</logEntry>
                        <logEntry id="1653588523108" logLevel="Update" messageType="General">Successfully updated browser window handles.</logEntry>
                      </logEntries>
                    </executionItem>
                  </childItems>
                </executionItem>
              </childItems>
              <logEntries>
                <logEntry id="1653588523110" messageType="General">Handling managed resource.  Name: SFConnection</logEntry>
                <logEntry id="1653588523110" logLevel="Debug" messageType="General">Not closing Salesforce Connection because it is still being used.  Name: SFConnection</logEntry>
                <logEntry id="1653588523110" logLevel="Update" messageType="General">Salesforce Connection handled successfully.  Name: SFConnection</logEntry>
              </logEntries>
            </executionItem>
            <executionItem endedUtc="1653588523349" executionErrorCount="0" executionStatus="Executed" executionWarningCount="0" failureCount="0" id="root:plans:Mayur-2-ShopFloor:RSTK-9676-CRUD operation on Routing Master.testinstance:RSTK-9676-CRUD operation on Routing Master.testcase:49:50.0:59" iterationIndex="-1" skippedCount="0" startedUtc="1653588523112" successfulCount="1" testApiId="com.provar.plugins.bundled.apis.If" testItemClass="IApiCall" title="If: {GetSelectedEnvironment() = &quot;PDE5&quot;}">
              <childItems>
                <executionItem endedUtc="0" executionErrorCount="0" executionWarningCount="0" failureCount="0" id="root:plans:Mayur-2-ShopFloor:RSTK-9676-CRUD operation on Routing Master.testinstance:RSTK-9676-CRUD operation on Routing Master.testcase:49:50.0:59:60" iterationIndex="-1" skippedCount="0" startedUtc="0" successfulCount="0" testClauseName="then" testItemClass="ITestClause" title="Then">
                  <childItems>
                    <executionItem endedUtc="0" executionErrorCount="0" executionWarningCount="0" failureCount="0" id="root:plans:Mayur-2-ShopFloor:RSTK-9676-CRUD operation on Routing Master.testinstance:RSTK-9676-CRUD operation on Routing Master.testcase:49:50.0:59:60:70" iterationIndex="-1" skippedCount="0" startedUtc="0" successfulCount="0" testApiId="com.provar.plugins.bundled.apis.control.StepGroup" testItemClass="IApiCall" title="Read Excel Data">
                      <childItems>
                        <executionItem endedUtc="0" executionErrorCount="0" executionWarningCount="0" failureCount="0" id="root:plans:Mayur-2-ShopFloor:RSTK-9676-CRUD operation on Routing Master.testinstance:RSTK-9676-CRUD operation on Routing Master.testcase:49:50.0:59:60:70:66" iterationIndex="-1" skippedCount="0" startedUtc="0" successfulCount="0" testClauseName="hidden" testItemClass="ITestClause" title="Steps">
                          <childItems/>
                        </executionItem>
                      </childItems>
                    </executionItem>
                  </childItems>
                </executionItem>
                <executionItem endedUtc="1653588523349" executionErrorCount="0" executionStatus="Executed" executionWarningCount="0" failureCount="0" id="root:plans:Mayur-2-ShopFloor:RSTK-9676-CRUD operation on Routing Master.testinstance:RSTK-9676-CRUD operation on Routing Master.testcase:49:50.0:59:61" iterationIndex="-1" skippedCount="0" startedUtc="1653588523123" successfulCount="1" testClauseName="else" testItemClass="ITestClause" title="Else">
                  <childItems>
                    <executionItem endedUtc="1653588523349" executionErrorCount="0" executionStatus="Executed" executionWarningCount="0" failureCount="0" id="root:plans:Mayur-2-ShopFloor:RSTK-9676-CRUD operation on Routing Master.testinstance:RSTK-9676-CRUD operation on Routing Master.testcase:49:50.0:59:61:62" iterationIndex="-1" skippedCount="0" startedUtc="1653588523125" successfulCount="1" testApiId="com.provar.plugins.bundled.apis.If" testItemClass="IApiCall" title="If: {GetSelectedEnvironment() = &quot;AutomationOrg&quot;}">
                      <childItems>
                        <executionItem endedUtc="1653588523349" executionErrorCount="0" executionStatus="Executed" executionWarningCount="0" failureCount="0" id="root:plans:Mayur-2-ShopFloor:RSTK-9676-CRUD operation on Routing Master.testinstance:RSTK-9676-CRUD operation on Routing Master.testcase:49:50.0:59:61:62:63" iterationIndex="-1" skippedCount="0" startedUtc="1653588523130" successfulCount="1" testClauseName="then" testItemClass="ITestClause" title="Then">
                          <childItems>
                            <executionItem endedUtc="1653588523349" executionErrorCount="0" executionStatus="Executed" executionWarningCount="0" failureCount="0" id="root:plans:Mayur-2-ShopFloor:RSTK-9676-CRUD operation on Routing Master.testinstance:RSTK-9676-CRUD operation on Routing Master.testcase:49:50.0:59:61:62:63:68" iterationIndex="-1" skippedCount="0" startedUtc="1653588523279" successfulCount="1" testApiId="com.provar.plugins.bundled.apis.control.StepGroup" testItemClass="IApiCall" title="Read Excel Data">
                              <childItems>
                                <executionItem endedUtc="1653588523346" executionErrorCount="0" executionStatus="Executed" executionWarningCount="0" failureCount="0" id="root:plans:Mayur-2-ShopFloor:RSTK-9676-CRUD operation on Routing Master.testinstance:RSTK-9676-CRUD operation on Routing Master.testcase:49:50.0:59:61:62:63:68:71" iterationIndex="-1" skippedCount="0" startedUtc="1653588523346" successfulCount="1" testClauseName="hidden" testItemClass="ITestClause" title="Steps">
                                  <childItems/>
                                </executionItem>
                              </childItems>
                              <logEntries>
                                <logEntry id="1653588523280" messageType="ParameterValueSource">Loading data from Parameter Value Source ...</logEntry>
                                <logEntry id="1653588523342" logLevel="Update" messageType="General">Loaded 0 rows from Parameter Value Source.</logEntry>
                              </logEntries>
                            </executionItem>
                          </childItems>
                          <logEntries>
                            <logEntry id="1653588523130" messageType="ParameterValueSource">Loading data from Parameter Value Source ...</logEntry>
                            <logEntry id="1653588523278" logLevel="Update" messageType="General">Loaded 0 rows from Parameter Value Source.</logEntry>
                          </logEntries>
                        </executionItem>
                        <executionItem endedUtc="0" executionErrorCount="0" executionWarningCount="0" failureCount="0" id="root:plans:Mayur-2-ShopFloor:RSTK-9676-CRUD operation on Routing Master.testinstance:RSTK-9676-CRUD operation on Routing Master.testcase:49:50.0:59:61:62:64" iterationIndex="-1" skippedCount="0" startedUtc="0" successfulCount="0" testClauseName="else" testItemClass="ITestClause" title="Else">
                          <childItems>
                            <executionItem endedUtc="0" executionErrorCount="0" executionWarningCount="0" failureCount="0" id="root:plans:Mayur-2-ShopFloor:RSTK-9676-CRUD operation on Routing Master.testinstance:RSTK-9676-CRUD operation on Routing Master.testcase:49:50.0:59:61:62:64:65" iterationIndex="-1" skippedCount="0" startedUtc="0" successfulCount="0" testApiId="com.provar.plugins.bundled.apis.control.StepGroup" testItemClass="IApiCall" title="Read Excel Data">
                              <childItems>
                                <executionItem endedUtc="0" executionErrorCount="0" executionWarningCount="0" failureCount="0" id="root:plans:Mayur-2-ShopFloor:RSTK-9676-CRUD operation on Routing Master.testinstance:RSTK-9676-CRUD operation on Routing Master.testcase:49:50.0:59:61:62:64:65:69" iterationIndex="-1" skippedCount="0" startedUtc="0" successfulCount="0" testClauseName="hidden" testItemClass="ITestClause" title="Steps">
                                  <childItems/>
                                </executionItem>
                              </childItems>
                            </executionItem>
                          </childItems>
                        </executionItem>
                      </childItems>
                    </executionItem>
                  </childItems>
                </executionItem>
              </childItems>
            </executionItem>
            <executionItem endedUtc="1653588523352" executionErrorCount="0" executionStatus="Executed" executionWarningCount="0" failureCount="0" id="root:plans:Mayur-2-ShopFloor:RSTK-9676-CRUD operation on Routing Master.testinstance:RSTK-9676-CRUD operation on Routing Master.testcase:49:50.0:51" iterationIndex="-1" skippedCount="0" startedUtc="1653588523349" successfulCount="1" testApiId="com.provar.plugins.bundled.apis.control.ForEach" testItemClass="IApiCall" title="For Each: {op_excelDataUpdate}=&gt;op_excelDataUpdateRow">
              <childItems/>
              <logEntries>
                <logEntry id="1653588523352" messageType="General">The list is empty.</logEntry>
              </logEntries>
            </executionItem>
            <executionItem endedUtc="1653588535960" executionErrorCount="0" executionStatus="Executed" executionWarningCount="0" failureCount="1" id="root:plans:Mayur-2-ShopFloor:RSTK-9676-CRUD operation on Routing Master.testinstance:RSTK-9676-CRUD operation on Routing Master.testcase:49:50.0:39" iterationIndex="-1" skippedCount="0" startedUtc="1653588523352" successfulCount="0" testApiId="com.provar.plugins.forcedotcom.core.ui.UiWithScreen" testItemClass="IApiCall" title="Delete Routing Master">
              <childItems>
                <executionItem endedUtc="1653588533735" executionErrorCount="0" executionStatus="Executed" executionWarningCount="0" failureCount="1" id="root:plans:Mayur-2-ShopFloor:RSTK-9676-CRUD operation on Routing Master.testinstance:RSTK-9676-CRUD operation on Routing Master.testcase:49:50.0:39:40" iterationIndex="-1" skippedCount="0" startedUtc="1653588523758" successfulCount="0" testClauseName="substeps" testItemClass="ITestClause" title="Sub Steps">
                  <childItems>
                    <executionItem endedUtc="1653588524451" executionErrorCount="0" executionStatus="Executed" executionWarningCount="0" failureCount="1" id="root:plans:Mayur-2-ShopFloor:RSTK-9676-CRUD operation on Routing Master.testinstance:RSTK-9676-CRUD operation on Routing Master.testcase:49:50.0:39:40:45" iterationIndex="-1" skippedCount="0" startedUtc="1653588523758" successfulCount="0" testApiId="com.provar.plugins.forcedotcom.core.ui.UiDoAction" testItemClass="IApiCall" title="Click the Delete button">
                      <childItems/>
                      <logEntries>
                        <logEntry id="1653588523762" messageType="General">Start of Interact.  Connection: SFConnection, Locator: ui:locator?name=delete, before wait: default, after wait: default, auto retry: default</logEntry>
                        <logEntry id="1653588523835" messageType="General">Locator: ui:locator?name=delete</logEntry>
                        <logEntry id="1653588523836" messageType="General">Interaction: ui:interaction?name=action</logEntry>
                        <logEntry id="1653588523913" logLevel="Error" messageType="General">Error doing interaction.  Connection Name: QARSF_Admin, cause: [UnhandledAlertException: unexpected alert open: {Alert text : Please enter a value for the following required fields \nResponsible Planner\nResponsible Engineer\nItem Number.}\n  (Session info: chrome=101.0.4951.67)\n  (Driver info: chromedriver=100.0.4896.60 (6a5d10861ce8de5fce22564658033b43cb7de047-refs/branch-heads/4896@{#875}),platform=Windows NT 10.0.22000 x86_64) (WARNING: The server did not provide any stacktrace information)\nCommand duration or timeout: 16 milliseconds: null\nBuild info: version: 'unknown', revision: 'unknown', time: 'unknown'\nSystem info: host: 'DFORCE-MAYUR', ip: '192.168.1.14', os.name: 'Windows 10', os.arch: 'amd64', os.version: '10.0', java.version: '1.8.0_271'\nDriver info: org.openqa.selenium.chrome.ChromeDriver\nCapabilities [{mobileEmulationEnabled=false, timeouts={implicit=0.0, pageLoad=300000.0, script=30000.0}, hasTouchScreen=false, platform=XP, acceptSslCerts=false, goog:chromeOptions={debuggerAddress=localhost:57194}, webauthn:extension:credBlob=true, acceptInsecureCerts=false, webStorageEnabled=true, browserName=chrome, takesScreenshot=true, javascriptEnabled=true, setWindowRect=true, webauthn:extension:largeBlob=true, unexpectedAlertBehaviour=ignore, rotatable=false, networkConnectionEnabled=false, chrome={chromedriverVersion=100.0.4896.60 (6a5d10861ce8de5fce22564658033b43cb7de047-refs/branch-heads/4896@{#875}), userDataDir=D:\\provar\\EventDemo\\RootedInDemo\\.provarCaches\\.chromeProfiles\\profile1}, takesHeapSnapshot=true, pageLoadStrategy=normal, strictFileInteractability=false, databaseEnabled=false, handlesAlerts=true, version=101.0.4951.67, browserConnectionEnabled=false, proxy=Proxy(direct), nativeEvents=true, locationContextEnabled=true, cssSelectorsEnabled=true, webauthn:virtualAuthenticators=true}]\nSession ID: 712a97ca781f3f24efcd5ae89ac02493]</logEntry>
                        <logEntry id="1653588523914" logLevel="Error" messageType="General">org.openqa.selenium.UnhandledAlertException: unexpected alert open: {Alert text : Please enter a value for the following required fields </logEntry>
                        <logEntry id="1653588523914" logLevel="Error" messageType="General">Responsible Planner</logEntry>
                        <logEntry id="1653588523914" messageType="General">Going to update browser window handles.</logEntry>
                        <logEntry id="1653588523914" logLevel="Debug" messageType="General">Update browser window handles.</logEntry>
                        <logEntry id="1653588523914" logLevel="Error" messageType="General">Responsible Engineer</logEntry>
                        <logEntry id="1653588523915" logLevel="Error" messageType="General">Item Number.}</logEntry>
                        <logEntry id="1653588523915" logLevel="Error" messageType="General">  (Session info: chrome=101.0.4951.67)</logEntry>
                        <logEntry id="1653588523915" logLevel="Error" messageType="General">  (Driver info: chromedriver=100.0.4896.60 (6a5d10861ce8de5fce22564658033b43cb7de047-refs/branch-heads/4896@{#875}),platform=Windows NT 10.0.22000 x86_64) (WARNING: The server did not provide any stacktrace information)</logEntry>
                        <logEntry id="1653588523915" logLevel="Error" messageType="General">Command duration or timeout: 16 milliseconds: null</logEntry>
                        <logEntry id="1653588523915" logLevel="Error" messageType="General">Build info: version: 'unknown', revision: 'unknown', time: 'unknown'</logEntry>
                        <logEntry id="1653588523917" logLevel="Error" messageType="General">System info: host: 'DFORCE-MAYUR', ip: '192.168.1.14', os.name: 'Windows 10', os.arch: 'amd64', os.version: '10.0', java.version: '1.8.0_271'</logEntry>
                        <logEntry id="1653588523917" logLevel="Error" messageType="General">Driver info: org.openqa.selenium.chrome.ChromeDriver</logEntry>
                        <logEntry id="1653588523918" logLevel="Error" messageType="General">Capabilities [{mobileEmulationEnabled=false, timeouts={implicit=0.0, pageLoad=300000.0, script=30000.0}, hasTouchScreen=false, platform=XP, acceptSslCerts=false, goog:chromeOptions={debuggerAddress=localhost:57194}, webauthn:extension:credBlob=true, acceptInsecureCerts=false, webStorageEnabled=true, browserName=chrome, takesScreenshot=true, javascriptEnabled=true, setWindowRect=true, webauthn:extension:largeBlob=true, unexpectedAlertBehaviour=ignore, rotatable=false, networkConnectionEnabled=false, chrome={chromedriverVersion=100.0.4896.60 (6a5d10861ce8de5fce22564658033b43cb7de047-refs/branch-heads/4896@{#875}), userDataDir=D:\\provar\\EventDemo\\RootedInDemo\\.provarCaches\\.chromeProfiles\\profile1}, takesHeapSnapshot=true, pageLoadStrategy=normal, strictFileInteractability=false, databaseEnabled=false, handlesAlerts=true, version=101.0.4951.67, browserConnectionEnabled=false, proxy=Proxy(direct), nativeEvents=true, locationContextEnabled=true, cssSelectorsEnabled=true, webauthn:virtualAuthenticators=true}]</logEntry>
                        <logEntry id="1653588523918" logLevel="Error" messageType="General">Session ID: 712a97ca781f3f24efcd5ae89ac02493</logEntry>
                        <logEntry id="1653588523918" logLevel="Error" messageType="General">\tat sun.reflect.NativeConstructorAccessorImpl.newInstance0(Native Method)</logEntry>
                        <logEntry id="1653588523919" logLevel="Error" messageType="General">\tat sun.reflect.NativeConstructorAccessorImpl.newInstance(NativeConstructorAccessorImpl.java:62)</logEntry>
                        <logEntry id="1653588523919" logLevel="Error" messageType="General">\tat sun.reflect.DelegatingConstructorAccessorImpl.newInstance(DelegatingConstructorAccessorImpl.java:45)</logEntry>
                        <logEntry id="1653588523920" logLevel="Error" messageType="General">\tat java.lang.reflect.Constructor.newInstance(Constructor.java:423)</logEntry>
                        <logEntry id="1653588523920" logLevel="Error" messageType="General">\tat org.openqa.selenium.remote.ErrorHandler.createThrowable(ErrorHandler.java:215)</logEntry>
                        <logEntry id="1653588523921" logLevel="Error" messageType="General">\tat org.openqa.selenium.remote.ErrorHandler.throwIfResponseFailed(ErrorHandler.java:173)</logEntry>
                        <logEntry id="1653588523921" logLevel="Error" messageType="General">\tat org.openqa.selenium.remote.RemoteWebDriver.execute(RemoteWebDriver.java:671)</logEntry>
                        <logEntry id="1653588523923" logLevel="Error" messageType="General">\tat org.openqa.selenium.remote.RemoteWebDriver.executeScript(RemoteWebDriver.java:573)</logEntry>
                        <logEntry id="1653588523923" logLevel="Error" messageType="General">\tat com.provar.core.testapi.ProvarSeleniumDriver.getCurrentUrl(ProvarSeleniumDriver.java:3129)</logEntry>
                        <logEntry id="1653588523924" logLevel="Error" messageType="General">\tat com.provar.core.testapi.ProvarSeleniumDriver.switchToCurrentFrame(ProvarSeleniumDriver.java:2365)</logEntry>
                        <logEntry id="1653588523924" logLevel="Error" messageType="General">\tat com.provar.plugins.forcedotcom.core.ui.SeleniumUiHandler.performInteraction(SeleniumUiHandler.java:1985)</logEntry>
                        <logEntry id="1653588523925" logLevel="Error" messageType="General">\tat com.provar.plugins.forcedotcom.core.ui.SfUiHandler.performInteraction(SfUiHandler.java:5450)</logEntry>
                        <logEntry id="1653588523925" logLevel="Error" messageType="General">\tat com.provar.plugins.forcedotcom.core.ui.SeleniumUiHandler.perform(SeleniumUiHandler.java:418)</logEntry>
                        <logEntry id="1653588523926" logLevel="Error" messageType="General">\tat com.provar.plugins.forcedotcom.core.connection.SfConnectionHandler.delegateToUiHandler(SfConnectionHandler.java:346)</logEntry>
                        <logEntry id="1653588523926" logLevel="Error" messageType="General">\tat com.provar.plugins.forcedotcom.core.connection.SfConnectionHandler.perform(SfConnectionHandler.java:337)</logEntry>
                        <logEntry id="1653588523927" logLevel="Error" messageType="General">\tat com.provar.core.testexecution.common.java.TestExecutionContextImpl.doConnectionOperation(TestExecutionContextImpl.java:857)</logEntry>
                        <logEntry id="1653588523928" logLevel="Error" messageType="General">\tat com.provar.plugins.forcedotcom.core.ui.UiDoAction.execute(UiDoAction.java:130)</logEntry>
                        <logEntry id="1653588523929" logLevel="Error" messageType="General">\tat sun.reflect.NativeMethodAccessorImpl.invoke0(Native Method)</logEntry>
                        <logEntry id="1653588523930" logLevel="Error" messageType="General">\tat sun.reflect.NativeMethodAccessorImpl.invoke(NativeMethodAccessorImpl.java:62)</logEntry>
                        <logEntry id="1653588523930" logLevel="Error" messageType="General">\tat sun.reflect.DelegatingMethodAccessorImpl.invoke(DelegatingMethodAccessorImpl.java:43)</logEntry>
                        <logEntry id="1653588523930" logLevel="Error" messageType="General">\tat java.lang.reflect.Method.invoke(Method.java:498)</logEntry>
                        <logEntry id="1653588523931" logLevel="Error" messageType="General">\tat com.provar.core.testexecution.container.java.TestExecutionContainerImpl.invokeTestApi(TestExecutionContainerImpl.java:754)</logEntry>
                        <logEntry id="1653588523931" logLevel="Error" messageType="General">\tat com.provar.core.testexecution.container.java.LocalTestExecutionContainerRunner.doInvokeTestApi(LocalTestExecutionContainerRunner.java:746)</logEntry>
                        <logEntry id="1653588523932" logLevel="Error" messageType="General">\tat com.provar.core.testexecution.container.java.LocalTestExecutionContainerRunner.access$11(LocalTestExecutionContainerRunner.java:678)</logEntry>
                        <logEntry id="1653588523932" logLevel="Error" messageType="General">\tat com.provar.core.testexecution.container.java.LocalTestExecutionContainerRunner$MessageProcessor.run(LocalTestExecutionContainerRunner.java:1402)</logEntry>
                        <logEntry id="1653588523984" logLevel="Update" messageType="General">Successfully updated browser window handles.</logEntry>
                        <logEntry id="1653588524377" messageType="General">Going to update browser window handles.</logEntry>
                        <logEntry id="1653588524377" logLevel="Debug" messageType="General">Update browser window handles.</logEntry>
                        <logEntry id="1653588524435" logLevel="Update" messageType="General">Successfully updated browser window handles.</logEntry>
                      </logEntries>
                      <testArtifacts>
                        <artifactFile artifactsRelativePath="ScreenShot3" createdTimestamp="1653588524373" mimeContentType="image/png" name="ScreenShot3" title="Error Screenshot"/>
                      </testArtifacts>
                    </executionItem>
                    <executionItem endedUtc="1653588532611" executionErrorCount="0" executionStatus="Executed" executionWarningCount="0" failureCount="1" id="root:plans:Mayur-2-ShopFloor:RSTK-9676-CRUD operation on Routing Master.testinstance:RSTK-9676-CRUD operation on Routing Master.testcase:49:50.0:39:40:46" iterationIndex="-1" skippedCount="0" startedUtc="1653588524452" successfulCount="0" testApiId="com.provar.plugins.forcedotcom.core.ui.UiHandleAlert" testItemClass="IApiCall" title="Handle UI Alerts">
                      <childItems/>
                      <logEntries>
                        <logEntry id="1653588524459" messageType="General">Start of Handle Alert.  Connection: SFConnection</logEntry>
                        <logEntry id="1653588524776" messageType="General">Sending screenshot.  Data length: 65264</logEntry>
                        <logEntry id="1653588528885" messageType="General">Start of Alert Wait.  Timeout (seconds): 30</logEntry>
                        <logEntry id="1653588528900" messageType="General">Polling for Alert successful.  Attempt: 1</logEntry>
                        <logEntry id="1653588528901" messageType="General">End of Alert Wait.  Actual duration(seconds): 0.016</logEntry>
                        <logEntry id="1653588528901" messageType="General">Switching to alert.  ExpectedMessage: Delete this record?</logEntry>
                        <logEntry id="1653588528934" messageType="General">Got alert text: Please enter a value for the following required fields \nResponsible Planner\nResponsible Engineer\nItem Number.</logEntry>
                        <logEntry id="1653588528934" messageType="General">com.provar.core.model.base.java.ComparisonType$Options@689833c6</logEntry>
                        <logEntry id="1653588528935" messageType="General">Asserting Alert Message, To: 'Delete this record?', Comparision Type: Equals</logEntry>
                        <logEntry id="1653588528937" logLevel="Error" messageType="AssertionFailed">Assertion Failed. 'Please enter a value for the following required fields \nResponsible Planner\nResponsible Engineer\nItem Number.' Equals 'Delete this record?'</logEntry>
                        <logEntry id="1653588528938" messageType="General">Accepting alert.</logEntry>
                        <logEntry id="1653588528948" messageType="General">Switching back to current frame.</logEntry>
                        <logEntry id="1653588529013" messageType="General">Switched focus to main window.  URL: https://automationtesting2--rstk.visualforce.com/apex/Rtrouthdr?save_new=1&amp;sfdc.override=1</logEntry>
                        <logEntry id="1653588529013" messageType="General">Going to update browser window handles.</logEntry>
                        <logEntry id="1653588529013" logLevel="Debug" messageType="General">Update browser window handles.</logEntry>
                        <logEntry id="1653588529071" logLevel="Update" messageType="General">Successfully updated browser window handles.</logEntry>
                        <logEntry id="1653588529174" logLevel="Trace" messageType="General">Start of waitForPageToLoad. Timeout(ms): 90000</logEntry>
                        <logEntry id="1653588529197" logLevel="Trace" messageType="General">Re-attempting of waitForPageToLoad.  Timeout(ms): 90000</logEntry>
                        <logEntry id="1653588529228" logLevel="Trace" messageType="General">End of waitForPageToLoad.  Duration(ms): 54</logEntry>
                        <logEntry id="1653588532548" messageType="General">Going to update browser window handles.</logEntry>
                        <logEntry id="1653588532549" logLevel="Debug" messageType="General">Update browser window handles.</logEntry>
                        <logEntry id="1653588532604" logLevel="Update" messageType="General">Successfully updated browser window handles.</logEntry>
                      </logEntries>
                      <testArtifacts>
                        <artifactFile artifactsRelativePath="ScreenShot4" createdTimestamp="1653588524774" mimeContentType="image/png" name="ScreenShot4" title="Before Screenshot : 2022/05/26 23:38:44"/>
                        <artifactFile artifactsRelativePath="ScreenShot5" createdTimestamp="1653588532548" mimeContentType="image/png" name="ScreenShot5" title="Error Screenshot"/>
                      </testArtifacts>
                    </executionItem>
                    <executionItem endedUtc="1653588533728" executionErrorCount="0" executionStatus="Executed" executionWarningCount="0" failureCount="0" id="root:plans:Mayur-2-ShopFloor:RSTK-9676-CRUD operation on Routing Master.testinstance:RSTK-9676-CRUD operation on Routing Master.testcase:49:50.0:39:40:47" iterationIndex="-1" skippedCount="0" startedUtc="1653588532612" successfulCount="1" testApiId="com.provar.plugins.forcedotcom.core.testapis.ApexSoqlQuery" testItemClass="IApiCall" title="Read Routing Master Qty">
                      <childItems/>
                      <logEntries>
                        <logEntry id="1653588532614" messageType="General">Reading a Salesforce object.  Connection Name: SFConnection, Query: select count() from rstk__rtrouthdr__c\twhere Name='null'</logEntry>
                        <logEntry id="1653588533728" messageType="General">The count query returned 0.</logEntry>
                      </logEntries>
                    </executionItem>
                    <executionItem endedUtc="1653588533735" executionErrorCount="0" executionStatus="Executed" executionWarningCount="0" failureCount="0" id="root:plans:Mayur-2-ShopFloor:RSTK-9676-CRUD operation on Routing Master.testinstance:RSTK-9676-CRUD operation on Routing Master.testcase:49:50.0:39:40:48" iterationIndex="-1" skippedCount="0" startedUtc="1653588533728" successfulCount="1" testApiId="com.provar.plugins.bundled.apis.AssertValues" testItemClass="IApiCall" title="Assert: 0 EqualTo 0">
                      <childItems/>
                      <logEntries>
                        <logEntry id="1653588533735" messageType="AssertionSuccessful">Assertion successful. (result) 0 = 0 (target)</logEntry>
                      </logEntries>
                    </executionItem>
                  </childItems>
                </executionItem>
              </childItems>
              <logEntries>
                <logEntry id="1653588523356" messageType="General">Start of With Screen.  Connection Name: SFConnection, target: sf:ui:target?page=rstk__Rtrouthdr&amp;pageObject=pageobjects.rstk__Rtrouthdr</logEntry>
                <logEntry id="1653588523443" messageType="General">Opening Page context.  Name: screen, data: null, frame: null</logEntry>
                <logEntry id="1653588523461" logLevel="Error" messageType="General">Error opening Salesforce UI Connection.  Connection Name: QARSF_Admin, cause: [UnhandledAlertException: unexpected alert open: {Alert text : Please enter a value for the following required fields \nResponsible Planner\nResponsible Engineer\nItem Number.}\n  (Session info: chrome=101.0.4951.67)\n  (Driver info: chromedriver=100.0.4896.60 (6a5d10861ce8de5fce22564658033b43cb7de047-refs/branch-heads/4896@{#875}),platform=Windows NT 10.0.22000 x86_64) (WARNING: The server did not provide any stacktrace information)\nCommand duration or timeout: 11 milliseconds: null\nBuild info: version: 'unknown', revision: 'unknown', time: 'unknown'\nSystem info: host: 'DFORCE-MAYUR', ip: '192.168.1.14', os.name: 'Windows 10', os.arch: 'amd64', os.version: '10.0', java.version: '1.8.0_271'\nDriver info: org.openqa.selenium.chrome.ChromeDriver\nCapabilities [{mobileEmulationEnabled=false, timeouts={implicit=0.0, pageLoad=300000.0, script=30000.0}, hasTouchScreen=false, platform=XP, acceptSslCerts=false, goog:chromeOptions={debuggerAddress=localhost:57194}, webauthn:extension:credBlob=true, acceptInsecureCerts=false, webStorageEnabled=true, browserName=chrome, takesScreenshot=true, javascriptEnabled=true, setWindowRect=true, webauthn:extension:largeBlob=true, unexpectedAlertBehaviour=ignore, rotatable=false, networkConnectionEnabled=false, chrome={chromedriverVersion=100.0.4896.60 (6a5d10861ce8de5fce22564658033b43cb7de047-refs/branch-heads/4896@{#875}), userDataDir=D:\\provar\\EventDemo\\RootedInDemo\\.provarCaches\\.chromeProfiles\\profile1}, takesHeapSnapshot=true, pageLoadStrategy=normal, strictFileInteractability=false, databaseEnabled=false, handlesAlerts=true, version=101.0.4951.67, browserConnectionEnabled=false, proxy=Proxy(direct), nativeEvents=true, locationContextEnabled=true, cssSelectorsEnabled=true, webauthn:virtualAuthenticators=true}]\nSession ID: 712a97ca781f3f24efcd5ae89ac02493\n*** Element info: {Using=css selector, value=sb-page-container , div#sbDocGenPreview}]</logEntry>
                <logEntry id="1653588523691" messageType="General">Sending screenshot.  Data length: 65264</logEntry>
                <logEntry id="1653588523704" messageType="General">Going to update browser window handles.</logEntry>
                <logEntry id="1653588523704" logLevel="Debug" messageType="General">Update browser window handles.</logEntry>
                <logEntry id="1653588523758" logLevel="Update" messageType="General">Successfully updated browser window handles.</logEntry>
                <logEntry id="1653588533735" logLevel="Error" messageType="General">One or more Sub-Test Steps failed.</logEntry>
                <logEntry id="1653588533807" messageType="General">Closing Page context.  Name: screen, data: null, frame: null</logEntry>
                <logEntry id="1653588533807" messageType="General">Main window reselected.  Window: main</logEntry>
                <logEntry id="1653588533870" messageType="General">Switched focus to main window.  URL: https://automationtesting2--rstk.visualforce.com/apex/Rtrouthdr?save_new=1&amp;sfdc.override=1</logEntry>
                <logEntry id="1653588535882" messageType="General">Going to update browser window handles.</logEntry>
                <logEntry id="1653588535882" logLevel="Debug" messageType="General">Update browser window handles.</logEntry>
                <logEntry id="1653588535960" logLevel="Update" messageType="General">Successfully updated browser window handles.</logEntry>
              </logEntries>
              <testArtifacts>
                <artifactFile artifactsRelativePath="ScreenShot2" createdTimestamp="1653588523688" mimeContentType="image/png" name="ScreenShot2" title="Error Screenshot : 2022/05/26 23:38:43"/>
              </testArtifacts>
            </executionItem>
          </childItems>
        </executionItem>
      </childItems>
      <logEntries>
        <logEntry id="1653588470235" messageType="General">Start of iteration 1 of 1.</logEntry>
        <logEntry id="1653588535960" messageType="General">Reached the end of the List.</logEntry>
      </logEntries>
    </executionItem>
  </childItems>
</executionItem>
