<?xml version="1.0" encoding="UTF-8" standalone="no"?>
<executionItem endedUtc="1653590226339" executionErrorCount="0" executionStatus="Executed" executionWarningCount="0" failureCount="0" id="root:plans:Mayur-2-ShopFloor:RSTK-9709-CRUD Operation on Labor Pay Type.testinstance:RSTK-9709-CRUD Operation on Labor Pay Type.testcase" iterationIndex="-1" skippedCount="0" startedUtc="1653590144696" successfulCount="1" testCasePath="D:\\provar\\EventDemo\\RootedInDemo\\tests\\Shop Floor" testItemClass="ITestCase" title="RSTK-9709-CRUD Operation on Labor Pay Type.testcase">
  <testItemSummary/>
  <childItems>
    <executionItem endedUtc="1653590149555" executionErrorCount="0" executionStatus="Executed" executionWarningCount="0" failureCount="0" id="root:plans:Mayur-2-ShopFloor:RSTK-9709-CRUD Operation on Labor Pay Type.testinstance:RSTK-9709-CRUD Operation on Labor Pay Type.testcase:1" iterationIndex="-1" skippedCount="0" startedUtc="1653590144707" successfulCount="1" testApiId="com.provar.plugins.forcedotcom.core.testapis.ApexConnect" testItemClass="IApiCall" title="Salesforce Connect: SFConnection (Test)">
      <childItems/>
      <logEntries>
        <logEntry id="1653590144711" messageType="General">Connecting to Salesforce as QARSF_Admin</logEntry>
        <logEntry id="1653590144711" logLevel="Debug" messageType="General">Connection details. Connection name: QARSF_Admin, result name: SFConnection, result scope: Test, urlString: sf:environment=PRERELEASE;apiLoginUrl=https://automationtesting2.my.salesforce.com;identityServiceUrl=https://login.salesforce.com/id/00D5f000005vwGkEAI/0055f000008Hn0WAAS;clientId={clientId};clientSecret={clientSecret};authenticationType=OAUTH;callbackUrl={callbackUrl};accessToken={accessToken};refreshToken={refreshToken}, environment: AutomationOrg, clientId: [supplied], clientSecret: [supplied], callBackUrl: [supplied], accessToken: [supplied], refreshToken: [supplied]</logEntry>
        <logEntry id="1653590144711" logLevel="Debug" messageType="General">Create object id log file.</logEntry>
        <logEntry id="1653590144716" logLevel="Trace" messageType="General">Absolute path: D:\\provar\\EventDemo\\RootedInDemo\\ANT\\..\\ANT\\Results(2)\\Artifacts\\QARSF_Admin-objectids.log</logEntry>
        <logEntry id="1653590145815" logLevel="Debug" messageType="General">Access Token refreshed successfully.</logEntry>
        <logEntry id="1653590148478" logLevel="Debug" messageType="General">Identity Service successful. ToolingEndpoint: https://automationtesting2.my.salesforce.com/services/Soap/T/54.0/00D5f000005vwGk, ToolingRestEndpoint: https://automationtesting2.my.salesforce.com/services/data/v54.0/tooling/, PartnerEndpoint: https://automationtesting2.my.salesforce.com/services/Soap/u/54.0/00D5f000005vwGk, MetadataEndpoint: https://automationtesting2.my.salesforce.com/services/Soap/m/54.0/00D5f000005vwGk, EnterpriseEndpoint: https://automationtesting2.my.salesforce.com/services/Soap/c/54.0/00D5f000005vwGk</logEntry>
        <logEntry id="1653590148478" logLevel="Debug" messageType="General">Opening Partner connection</logEntry>
        <logEntry id="1653590148486" logLevel="Trace" messageType="General">Connection configurations: userName: automation@rootstock.com,  password: [empty], securityToken: [empty], authEndpoint: https://automationtesting2.my.salesforce.com/services/Soap/u/54.0, serviceEndpoint: https://automationtesting2.my.salesforce.com/services/Soap/u/54.0/00D5f000005vwGk</logEntry>
        <logEntry id="1653590149545" logLevel="Debug" messageType="General">Opening SOAP connection</logEntry>
        <logEntry id="1653590149550" logLevel="Trace" messageType="General">Connection configurations: userName: automation@rootstock.com,  password: [empty], securityToken: [empty], authEndpoint: https://automationtesting2.my.salesforce.com/services/Soap/u/54.0, serviceEndpoint: https://automationtesting2.my.salesforce.com/services/Soap/u/54.0</logEntry>
        <logEntry id="1653590149550" logLevel="Debug" messageType="General">Opening Metadata connection</logEntry>
        <logEntry id="1653590149553" logLevel="Trace" messageType="General">Connection configurations: userName: null,  password: [empty], securityToken: [empty], authEndpoint: https://automationtesting2.my.salesforce.com/services/Soap/u/54.0, serviceEndpoint: https://automationtesting2.my.salesforce.com/services/Soap/m/54.0/00D5f000005vwGk</logEntry>
        <logEntry id="1653590149554" logLevel="Update" messageType="General">Successfully connected to Salesforce as QARSF_Admin</logEntry>
      </logEntries>
    </executionItem>
    <executionItem endedUtc="1653590149632" executionErrorCount="0" executionStatus="Executed" executionWarningCount="0" failureCount="0" id="root:plans:Mayur-2-ShopFloor:RSTK-9709-CRUD Operation on Labor Pay Type.testinstance:RSTK-9709-CRUD Operation on Labor Pay Type.testcase:48" iterationIndex="-1" skippedCount="0" startedUtc="1653590149564" successfulCount="1" testApiId="com.provar.plugins.bundled.apis.If" testItemClass="IApiCall" title="If: {GetSelectedEnvironment() = &quot;PDE5&quot;}">
      <childItems>
        <executionItem endedUtc="0" executionErrorCount="0" executionWarningCount="0" failureCount="0" id="root:plans:Mayur-2-ShopFloor:RSTK-9709-CRUD Operation on Labor Pay Type.testinstance:RSTK-9709-CRUD Operation on Labor Pay Type.testcase:48:905" iterationIndex="-1" skippedCount="0" startedUtc="0" successfulCount="0" testClauseName="then" testItemClass="ITestClause" title="Then">
          <childItems>
            <executionItem endedUtc="0" executionErrorCount="0" executionWarningCount="0" failureCount="0" id="root:plans:Mayur-2-ShopFloor:RSTK-9709-CRUD Operation on Labor Pay Type.testinstance:RSTK-9709-CRUD Operation on Labor Pay Type.testcase:48:905:948" iterationIndex="-1" skippedCount="0" startedUtc="0" successfulCount="0" testApiId="com.provar.plugins.bundled.apis.control.StepGroup" testItemClass="IApiCall" title="Read Excel data based on selected Enviornment">
              <childItems>
                <executionItem endedUtc="0" executionErrorCount="0" executionWarningCount="0" failureCount="0" id="root:plans:Mayur-2-ShopFloor:RSTK-9709-CRUD Operation on Labor Pay Type.testinstance:RSTK-9709-CRUD Operation on Labor Pay Type.testcase:48:905:948:925" iterationIndex="-1" skippedCount="0" startedUtc="0" successfulCount="0" testClauseName="hidden" testItemClass="ITestClause" title="Steps">
                  <childItems/>
                </executionItem>
              </childItems>
            </executionItem>
          </childItems>
        </executionItem>
        <executionItem endedUtc="1653590149632" executionErrorCount="0" executionStatus="Executed" executionWarningCount="0" failureCount="0" id="root:plans:Mayur-2-ShopFloor:RSTK-9709-CRUD Operation on Labor Pay Type.testinstance:RSTK-9709-CRUD Operation on Labor Pay Type.testcase:48:906" iterationIndex="-1" skippedCount="0" startedUtc="1653590149572" successfulCount="1" testClauseName="else" testItemClass="ITestClause" title="Else">
          <childItems>
            <executionItem endedUtc="1653590149632" executionErrorCount="0" executionStatus="Executed" executionWarningCount="0" failureCount="0" id="root:plans:Mayur-2-ShopFloor:RSTK-9709-CRUD Operation on Labor Pay Type.testinstance:RSTK-9709-CRUD Operation on Labor Pay Type.testcase:48:906:918" iterationIndex="-1" skippedCount="0" startedUtc="1653590149580" successfulCount="1" testApiId="com.provar.plugins.bundled.apis.If" testItemClass="IApiCall" title="If: {GetSelectedEnvironment() = &quot;AutomationOrg&quot;}">
              <childItems>
                <executionItem endedUtc="1653590149632" executionErrorCount="0" executionStatus="Executed" executionWarningCount="0" failureCount="0" id="root:plans:Mayur-2-ShopFloor:RSTK-9709-CRUD Operation on Labor Pay Type.testinstance:RSTK-9709-CRUD Operation on Labor Pay Type.testcase:48:906:918:919" iterationIndex="-1" skippedCount="0" startedUtc="1653590149591" successfulCount="1" testClauseName="then" testItemClass="ITestClause" title="Then">
                  <childItems>
                    <executionItem endedUtc="1653590149632" executionErrorCount="0" executionStatus="Executed" executionWarningCount="0" failureCount="0" id="root:plans:Mayur-2-ShopFloor:RSTK-9709-CRUD Operation on Labor Pay Type.testinstance:RSTK-9709-CRUD Operation on Labor Pay Type.testcase:48:906:918:919:946" iterationIndex="-1" skippedCount="0" startedUtc="1653590149610" successfulCount="1" testApiId="com.provar.plugins.bundled.apis.control.StepGroup" testItemClass="IApiCall" title="Read Excel data based on selected Enviornment">
                      <childItems>
                        <executionItem endedUtc="1653590149630" executionErrorCount="0" executionStatus="Executed" executionWarningCount="0" failureCount="0" id="root:plans:Mayur-2-ShopFloor:RSTK-9709-CRUD Operation on Labor Pay Type.testinstance:RSTK-9709-CRUD Operation on Labor Pay Type.testcase:48:906:918:919:946:949" iterationIndex="-1" skippedCount="0" startedUtc="1653590149630" successfulCount="1" testClauseName="hidden" testItemClass="ITestClause" title="Steps">
                          <childItems/>
                        </executionItem>
                      </childItems>
                      <logEntries>
                        <logEntry id="1653590149611" messageType="ParameterValueSource">Loading data from Parameter Value Source ...</logEntry>
                        <logEntry id="1653590149626" messageType="General">Loading Parameter Value Source row 1:</logEntry>
                        <logEntry id="1653590149626" messageType="General">==Column=&gt; RowNumber = PrimitiveValueImpl [ value: 2, valueId=null, createdUpdateSeq=-1, updatedUpdateSeq=-1]</logEntry>
                        <logEntry id="1653590149626" messageType="General">==Column=&gt; LaborPayType = PrimitiveValueImpl [ value: Pro-labPay, valueId=null, createdUpdateSeq=-1, updatedUpdateSeq=-1]</logEntry>
                        <logEntry id="1653590149626" messageType="General">==Column=&gt; Description = PrimitiveValueImpl [ value: Test, valueId=null, createdUpdateSeq=-1, updatedUpdateSeq=-1]</logEntry>
                        <logEntry id="1653590149626" messageType="General">==Column=&gt; HourlyAddAmount = PrimitiveValueImpl [ value: 10, valueId=null, createdUpdateSeq=-1, updatedUpdateSeq=-1]</logEntry>
                        <logEntry id="1653590149626" messageType="General">==Column=&gt; RateFactor = null</logEntry>
                        <logEntry id="1653590149626" logLevel="Update" messageType="General">Loaded 1 rows from Parameter Value Source.</logEntry>
                      </logEntries>
                    </executionItem>
                  </childItems>
                  <logEntries>
                    <logEntry id="1653590149592" messageType="ParameterValueSource">Loading data from Parameter Value Source ...</logEntry>
                    <logEntry id="1653590149609" messageType="General">Loading Parameter Value Source row 1:</logEntry>
                    <logEntry id="1653590149610" messageType="General">==Column=&gt; RowNumber = PrimitiveValueImpl [ value: 2, valueId=null, createdUpdateSeq=-1, updatedUpdateSeq=-1]</logEntry>
                    <logEntry id="1653590149610" messageType="General">==Column=&gt; LaborPayType = PrimitiveValueImpl [ value: Pro-labPay, valueId=null, createdUpdateSeq=-1, updatedUpdateSeq=-1]</logEntry>
                    <logEntry id="1653590149610" messageType="General">==Column=&gt; Description = PrimitiveValueImpl [ value: Test, valueId=null, createdUpdateSeq=-1, updatedUpdateSeq=-1]</logEntry>
                    <logEntry id="1653590149610" messageType="General">==Column=&gt; HourlyAddAmount = PrimitiveValueImpl [ value: 10, valueId=null, createdUpdateSeq=-1, updatedUpdateSeq=-1]</logEntry>
                    <logEntry id="1653590149610" messageType="General">==Column=&gt; RateFactor = null</logEntry>
                    <logEntry id="1653590149610" logLevel="Update" messageType="General">Loaded 1 rows from Parameter Value Source.</logEntry>
                  </logEntries>
                </executionItem>
                <executionItem endedUtc="0" executionErrorCount="0" executionWarningCount="0" failureCount="0" id="root:plans:Mayur-2-ShopFloor:RSTK-9709-CRUD Operation on Labor Pay Type.testinstance:RSTK-9709-CRUD Operation on Labor Pay Type.testcase:48:906:918:922" iterationIndex="-1" skippedCount="0" startedUtc="0" successfulCount="0" testClauseName="else" testItemClass="ITestClause" title="Else">
                  <childItems>
                    <executionItem endedUtc="0" executionErrorCount="0" executionWarningCount="0" failureCount="0" id="root:plans:Mayur-2-ShopFloor:RSTK-9709-CRUD Operation on Labor Pay Type.testinstance:RSTK-9709-CRUD Operation on Labor Pay Type.testcase:48:906:918:922:924" iterationIndex="-1" skippedCount="0" startedUtc="0" successfulCount="0" testApiId="com.provar.plugins.bundled.apis.control.StepGroup" testItemClass="IApiCall" title="Read Excel data based on selected Enviornment">
                      <childItems>
                        <executionItem endedUtc="0" executionErrorCount="0" executionWarningCount="0" failureCount="0" id="root:plans:Mayur-2-ShopFloor:RSTK-9709-CRUD Operation on Labor Pay Type.testinstance:RSTK-9709-CRUD Operation on Labor Pay Type.testcase:48:906:918:922:924:947" iterationIndex="-1" skippedCount="0" startedUtc="0" successfulCount="0" testClauseName="hidden" testItemClass="ITestClause" title="Steps">
                          <childItems/>
                        </executionItem>
                      </childItems>
                    </executionItem>
                  </childItems>
                </executionItem>
              </childItems>
            </executionItem>
          </childItems>
        </executionItem>
      </childItems>
    </executionItem>
    <executionItem endedUtc="1653590226338" executionErrorCount="0" executionStatus="Executed" executionWarningCount="0" failureCount="0" id="root:plans:Mayur-2-ShopFloor:RSTK-9709-CRUD Operation on Labor Pay Type.testinstance:RSTK-9709-CRUD Operation on Labor Pay Type.testcase:2" iterationIndex="-1" skippedCount="0" startedUtc="1653590149632" successfulCount="1" testApiId="com.provar.plugins.bundled.apis.control.ForEach" testItemClass="IApiCall" title="Read excel data and process record">
      <childItems>
        <executionItem endedUtc="1653590226330" executionErrorCount="0" executionStatus="Executed" executionWarningCount="0" failureCount="0" id="root:plans:Mayur-2-ShopFloor:RSTK-9709-CRUD Operation on Labor Pay Type.testinstance:RSTK-9709-CRUD Operation on Labor Pay Type.testcase:2:3.0" iterationIndex="0" skippedCount="0" startedUtc="1653590149635" successfulCount="1" testClauseName="substeps" testItemClass="ITestClause" title="Iteration 1">
          <childItems>
            <executionItem endedUtc="1653590150480" executionErrorCount="0" executionStatus="Executed" executionWarningCount="0" failureCount="0" id="root:plans:Mayur-2-ShopFloor:RSTK-9709-CRUD Operation on Labor Pay Type.testinstance:RSTK-9709-CRUD Operation on Labor Pay Type.testcase:2:3.0:950" iterationIndex="-1" skippedCount="0" startedUtc="1653590149635" successfulCount="1" testApiId="com.provar.plugins.forcedotcom.core.testapis.ApexSoqlQuery" testItemClass="IApiCall" title="Read Labor Pay Type Record Count">
              <childItems/>
              <logEntries>
                <logEntry id="1653590149637" messageType="General">Reading a Salesforce object.  Connection Name: SFConnection, Query: select count() from rstk__tapaytype__c where Name like 'Pro-labPay%'</logEntry>
                <logEntry id="1653590150477" messageType="General">The count query returned 0.</logEntry>
              </logEntries>
            </executionItem>
            <executionItem endedUtc="1653590150486" executionErrorCount="0" executionStatus="Executed" executionWarningCount="0" failureCount="0" id="root:plans:Mayur-2-ShopFloor:RSTK-9709-CRUD Operation on Labor Pay Type.testinstance:RSTK-9709-CRUD Operation on Labor Pay Type.testcase:2:3.0:955" iterationIndex="-1" skippedCount="0" startedUtc="1653590150481" successfulCount="1" testApiId="com.provar.plugins.bundled.apis.If" testItemClass="IApiCall" title="Delete if record is present">
              <childItems>
                <executionItem endedUtc="0" executionErrorCount="0" executionWarningCount="0" failureCount="0" id="root:plans:Mayur-2-ShopFloor:RSTK-9709-CRUD Operation on Labor Pay Type.testinstance:RSTK-9709-CRUD Operation on Labor Pay Type.testcase:2:3.0:955:956" iterationIndex="-1" skippedCount="0" startedUtc="0" successfulCount="0" testClauseName="then" testItemClass="ITestClause" title="Then">
                  <childItems>
                    <executionItem endedUtc="0" executionErrorCount="0" executionWarningCount="0" failureCount="0" id="root:plans:Mayur-2-ShopFloor:RSTK-9709-CRUD Operation on Labor Pay Type.testinstance:RSTK-9709-CRUD Operation on Labor Pay Type.testcase:2:3.0:955:956:960" iterationIndex="-1" skippedCount="0" startedUtc="0" successfulCount="0" testApiId="com.provar.plugins.forcedotcom.core.testapis.ApexSoqlQuery" testItemClass="IApiCall" title="Read Labor Pay Type Record Count">
                      <childItems/>
                    </executionItem>
                    <executionItem endedUtc="0" executionErrorCount="0" executionWarningCount="0" failureCount="0" id="root:plans:Mayur-2-ShopFloor:RSTK-9709-CRUD Operation on Labor Pay Type.testinstance:RSTK-9709-CRUD Operation on Labor Pay Type.testcase:2:3.0:955:956:958" iterationIndex="-1" skippedCount="0" startedUtc="0" successfulCount="0" testApiId="com.provar.plugins.forcedotcom.core.testapis.ApexDeleteObject" testItemClass="IApiCall" title="Delete Object: {op_tapaytypeCount.id}">
                      <childItems/>
                    </executionItem>
                  </childItems>
                </executionItem>
              </childItems>
            </executionItem>
            <executionItem endedUtc="1653590177024" executionErrorCount="0" executionStatus="Executed" executionWarningCount="0" failureCount="0" id="root:plans:Mayur-2-ShopFloor:RSTK-9709-CRUD Operation on Labor Pay Type.testinstance:RSTK-9709-CRUD Operation on Labor Pay Type.testcase:2:3.0:952" iterationIndex="-1" skippedCount="0" startedUtc="1653590150486" successfulCount="1" testApiId="com.provar.plugins.forcedotcom.core.ui.UiWithScreen" testItemClass="IApiCall" title="On SF Rootstock Site Map tab">
              <childItems>
                <executionItem endedUtc="1653590173699" executionErrorCount="0" executionStatus="Executed" executionWarningCount="0" failureCount="0" id="root:plans:Mayur-2-ShopFloor:RSTK-9709-CRUD Operation on Labor Pay Type.testinstance:RSTK-9709-CRUD Operation on Labor Pay Type.testcase:2:3.0:952:953" iterationIndex="-1" skippedCount="0" startedUtc="1653590172726" successfulCount="1" testClauseName="substeps" testItemClass="ITestClause" title="Sub Steps">
                  <childItems>
                    <executionItem endedUtc="1653590173699" executionErrorCount="0" executionStatus="Executed" executionWarningCount="0" failureCount="0" id="root:plans:Mayur-2-ShopFloor:RSTK-9709-CRUD Operation on Labor Pay Type.testinstance:RSTK-9709-CRUD Operation on Labor Pay Type.testcase:2:3.0:952:953:954" iterationIndex="-1" skippedCount="0" startedUtc="1653590172726" successfulCount="1" testApiId="com.provar.plugins.forcedotcom.core.ui.UiDoAction" testItemClass="IApiCall" title="Click the Labor Pay Type button">
                      <childItems/>
                      <logEntries>
                        <logEntry id="1653590172728" messageType="General">Start of Interact.  Connection: SFConnection, Locator: ui:locator?name=laborPayType, before wait: default, after wait: default, auto retry: default</logEntry>
                        <logEntry id="1653590172801" messageType="General">Locator: ui:locator?name=laborPayType</logEntry>
                        <logEntry id="1653590172801" messageType="General">Interaction: ui:interaction?name=action</logEntry>
                        <logEntry id="1653590172850" messageType="General">Switched focus to main window.  URL: https://automationtesting2--rstk.visualforce.com/apex/Manufacturing?sfdc.tabName=01r5f000000Ptu4</logEntry>
                        <logEntry id="1653590173008" messageType="General">Doing before wait.  waitUrl: default</logEntry>
                        <logEntry id="1653590173008" messageType="General">End of &amp;lt;default&amp;gt; wait.</logEntry>
                        <logEntry id="1653590173008" messageType="General">Doing after wait.  waitUrl: default</logEntry>
                        <logEntry id="1653590173561" messageType="General">Clicking WebElement.  WebElement [tag: a, text: Labor Pay Type, href: https://automationtesting2--rstk.visualforce.com/a9T?retURL=%2Fapex%2Frstk__Manufacturing%3Fsfdc.tabName%3D01r5f000000Ptu4]</logEntry>
                        <logEntry id="1653590173633" messageType="General">Doing after wait.  waitUrl: default</logEntry>
                        <logEntry id="1653590173634" messageType="General">End of &amp;lt;default&amp;gt; wait.</logEntry>
                        <logEntry id="1653590173634" messageType="General">Going to update browser window handles.</logEntry>
                        <logEntry id="1653590173634" logLevel="Debug" messageType="General">Update browser window handles.</logEntry>
                        <logEntry id="1653590173698" logLevel="Update" messageType="General">Successfully updated browser window handles.</logEntry>
                      </logEntries>
                    </executionItem>
                  </childItems>
                </executionItem>
              </childItems>
              <logEntries>
                <logEntry id="1653590150490" messageType="General">Start of With Screen.  Connection Name: SFConnection, target: sf:ui:target?application=rstk__Force_com&amp;pageObject=pageobjects.rstk__Manufacturing&amp;tab=rstk__Rootstock_Site_Map</logEntry>
                <logEntry id="1653590150493" messageType="General">Opening Chrome webdriver instance to https://automationtesting2.my.salesforce.com/secur/frontdoor.jsp</logEntry>
                <logEntry id="1653590150494" logLevel="Debug" messageType="General">Add Chrome browser specific capabilities</logEntry>
                <logEntry id="1653590150494" logLevel="Trace" messageType="General">Using executable from UserHome Provar.  executable: C:\\Users\\Mayur\\Provar\\.chromeDriver\\chromedriver.exe</logEntry>
                <logEntry id="1653590150507" logLevel="Trace" messageType="General">Added Chrome command line switch to bypass proxy for local addresses: --proxy-bypass-list=localhost,127.0.0.1,192.168.1.14</logEntry>
                <logEntry id="1653590150507" logLevel="Trace" messageType="General">Added desired capability for Chrome browser proxy Null</logEntry>
                <logEntry id="1653590150507" logLevel="Trace" messageType="General">Using executable from UserHome Provar.  executable: C:\\Users\\Mayur\\Provar\\.chromeDriver\\chromedriver.exe</logEntry>
                <logEntry id="1653590152042" logLevel="Update" messageType="General">Successfully opened Chrome webdriver to https://automationtesting2.my.salesforce.com/secur/frontdoor.jsp</logEntry>
                <logEntry id="1653590152647" messageType="General">Opening Page context.  Name: screen, data: null, frame: null</logEntry>
                <logEntry id="1653590153608" messageType="General">Opening Salesforce Tab.  Tab Name: rstk__Rootstock_Site_Map, Url: https://automationtesting2.my.salesforce.com/servlet/servlet.Integration?lid=01r5f000000Ptu4&amp;ic=1&amp;linkToken=VmpFPSxNakF5TWkwd05TMHlObFF4TnpvMU9EbzBOQzQzTmpWYSxYclJCU3JxX3lrNEZDLXlpeENIMWlNLFlXWmtNR0po</logEntry>
                <logEntry id="1653590153614" messageType="General">Opening Salesforce user home page</logEntry>
                <logEntry id="1653590154434" logLevel="Debug" messageType="General">Navigate to home page</logEntry>
                <logEntry id="1653590154468" logLevel="Trace" messageType="General">Opening page.  URL: https://automationtesting2.my.salesforce.com/secur/frontdoor.jsp?retURL=/home/home.jsp?tsid=02u5f000000R3zG&amp;sid={accessToken}</logEntry>
                <logEntry id="1653590160419" logLevel="Debug" messageType="General">Perform page load wait</logEntry>
                <logEntry id="1653590161431" logLevel="Trace" messageType="General">Start of waitForPageToLoad. Timeout(ms): 90000</logEntry>
                <logEntry id="1653590161467" logLevel="Trace" messageType="General">Re-attempting of waitForPageToLoad.  Timeout(ms): 90000</logEntry>
                <logEntry id="1653590161504" logLevel="Trace" messageType="General">End of waitForPageToLoad.  Duration(ms): 73</logEntry>
                <logEntry id="1653590161587" logLevel="Trace" messageType="General">Opening page.  URL: https://automationtesting2.my.salesforce.com/servlet/servlet.Integration?lid=01r5f000000Ptu4&amp;ic=1&amp;linkToken=VmpFPSxNakF5TWkwd05TMHlObFF4TnpvMU9EbzBOQzQzTmpWYSxYclJCU3JxX3lrNEZDLXlpeENIMWlNLFlXWmtNR0po</logEntry>
                <logEntry id="1653590167498" logLevel="Debug" messageType="General">Perform page load wait</logEntry>
                <logEntry id="1653590167558" logLevel="Update" messageType="General">Successfully opened user home page</logEntry>
                <logEntry id="1653590172610" messageType="General">Going to update browser window handles.</logEntry>
                <logEntry id="1653590172610" logLevel="Debug" messageType="General">Update browser window handles.</logEntry>
                <logEntry id="1653590172725" logLevel="Update" messageType="General">Successfully updated browser window handles.</logEntry>
                <logEntry id="1653590173701" messageType="General">All Sub-Test Steps were successful.</logEntry>
                <logEntry id="1653590173775" messageType="General">Closing Page context.  Name: screen, data: null, frame: null</logEntry>
                <logEntry id="1653590173775" messageType="General">Main window reselected.  Window: main</logEntry>
                <logEntry id="1653590174939" messageType="General">Switched focus to main window.  URL: https://automationtesting2.my.salesforce.com/a9T?retURL=%2Fapex%2Frstk__Manufacturing%3Fsfdc.tabName%3D01r5f000000Ptu4</logEntry>
                <logEntry id="1653590176945" messageType="General">Going to update browser window handles.</logEntry>
                <logEntry id="1653590176945" logLevel="Debug" messageType="General">Update browser window handles.</logEntry>
                <logEntry id="1653590177024" logLevel="Update" messageType="General">Successfully updated browser window handles.</logEntry>
              </logEntries>
            </executionItem>
            <executionItem endedUtc="0" executionErrorCount="0" executionWarningCount="0" failureCount="0" id="root:plans:Mayur-2-ShopFloor:RSTK-9709-CRUD Operation on Labor Pay Type.testinstance:RSTK-9709-CRUD Operation on Labor Pay Type.testcase:2:3.0:8" iterationIndex="-1" skippedCount="0" startedUtc="0" successfulCount="0" testApiId="com.provar.plugins.forcedotcom.core.ui.UiWithScreen" testItemClass="IApiCall" title="On SF Labor Pay Type New screen">
              <childItems>
                <executionItem endedUtc="0" executionErrorCount="0" executionWarningCount="0" failureCount="0" id="root:plans:Mayur-2-ShopFloor:RSTK-9709-CRUD Operation on Labor Pay Type.testinstance:RSTK-9709-CRUD Operation on Labor Pay Type.testcase:2:3.0:8:9" iterationIndex="-1" skippedCount="0" startedUtc="0" successfulCount="0" testClauseName="substeps" testItemClass="ITestClause" title="Sub Steps">
                  <childItems/>
                </executionItem>
              </childItems>
            </executionItem>
            <executionItem endedUtc="1653590199838" executionErrorCount="0" executionStatus="Executed" executionWarningCount="0" failureCount="0" id="root:plans:Mayur-2-ShopFloor:RSTK-9709-CRUD Operation on Labor Pay Type.testinstance:RSTK-9709-CRUD Operation on Labor Pay Type.testcase:2:3.0:16" iterationIndex="-1" skippedCount="0" startedUtc="1653590177024" successfulCount="1" testApiId="com.provar.plugins.forcedotcom.core.ui.UiWithScreen" testItemClass="IApiCall" title="On SF rstk__tapaytype page with pageobject Rstk__tapaytype">
              <childItems>
                <executionItem endedUtc="1653590197606" executionErrorCount="0" executionStatus="Executed" executionWarningCount="0" failureCount="0" id="root:plans:Mayur-2-ShopFloor:RSTK-9709-CRUD Operation on Labor Pay Type.testinstance:RSTK-9709-CRUD Operation on Labor Pay Type.testcase:2:3.0:16:17" iterationIndex="-1" skippedCount="0" startedUtc="1653590184104" successfulCount="1" testClauseName="substeps" testItemClass="ITestClause" title="Sub Steps">
                  <childItems>
                    <executionItem endedUtc="1653590185077" executionErrorCount="0" executionStatus="Executed" executionWarningCount="0" failureCount="0" id="root:plans:Mayur-2-ShopFloor:RSTK-9709-CRUD Operation on Labor Pay Type.testinstance:RSTK-9709-CRUD Operation on Labor Pay Type.testcase:2:3.0:16:17:18" iterationIndex="-1" skippedCount="0" startedUtc="1653590184104" successfulCount="1" testApiId="com.provar.plugins.forcedotcom.core.ui.UiDoAction" testItemClass="IApiCall" title="Set the Labor Pay Type field to Pro-labPay">
                      <childItems/>
                      <logEntries>
                        <logEntry id="1653590184106" messageType="General">Start of Interact.  Connection: SFConnection, Locator: ui:locator?name=laborPayType, before wait: default, after wait: default, auto retry: default</logEntry>
                        <logEntry id="1653590184181" messageType="General">Locator: ui:locator?name=laborPayType</logEntry>
                        <logEntry id="1653590184181" messageType="General">Interaction: ui:interaction?name=set</logEntry>
                        <logEntry id="1653590184249" messageType="General">Switched focus to main window.  URL: https://automationtesting2--rstk.visualforce.com/apex/tapaytype</logEntry>
                        <logEntry id="1653590184393" messageType="General">Doing before wait.  waitUrl: default</logEntry>
                        <logEntry id="1653590184393" messageType="General">End of &amp;lt;default&amp;gt; wait.</logEntry>
                        <logEntry id="1653590184393" messageType="General">Doing after wait.  waitUrl: default</logEntry>
                        <logEntry id="1653590184471" messageType="General">Got webElement.  tagName: INPUT, id: pg:fm:pb:pbs_Main:j_id100:tapaytype_paycode__c:j_id102:j_id108, type: text, selector: null</logEntry>
                        <logEntry id="1653590184660" messageType="General">Typing value.  tagName: INPUT, type: text, value: Pro-labPay, blur: false, selector: null</logEntry>
                        <logEntry id="1653590185014" messageType="General">Doing after wait.  waitUrl: default</logEntry>
                        <logEntry id="1653590185015" messageType="General">End of &amp;lt;default&amp;gt; wait.</logEntry>
                        <logEntry id="1653590185015" messageType="General">Going to update browser window handles.</logEntry>
                        <logEntry id="1653590185015" logLevel="Debug" messageType="General">Update browser window handles.</logEntry>
                        <logEntry id="1653590185077" logLevel="Update" messageType="General">Successfully updated browser window handles.</logEntry>
                      </logEntries>
                    </executionItem>
                    <executionItem endedUtc="1653590186109" executionErrorCount="0" executionStatus="Executed" executionWarningCount="0" failureCount="0" id="root:plans:Mayur-2-ShopFloor:RSTK-9709-CRUD Operation on Labor Pay Type.testinstance:RSTK-9709-CRUD Operation on Labor Pay Type.testcase:2:3.0:16:17:19" iterationIndex="-1" skippedCount="0" startedUtc="1653590185077" successfulCount="1" testApiId="com.provar.plugins.forcedotcom.core.ui.UiDoAction" testItemClass="IApiCall" title="Set the Description field to Test">
                      <childItems/>
                      <logEntries>
                        <logEntry id="1653590185077" messageType="General">Start of Interact.  Connection: SFConnection, Locator: ui:locator?name=description, before wait: default, after wait: default, auto retry: default</logEntry>
                        <logEntry id="1653590185156" messageType="General">Locator: ui:locator?name=description</logEntry>
                        <logEntry id="1653590185156" messageType="General">Interaction: ui:interaction?name=set</logEntry>
                        <logEntry id="1653590185222" messageType="General">Switched focus to main window.  URL: https://automationtesting2--rstk.visualforce.com/apex/tapaytype</logEntry>
                        <logEntry id="1653590185337" messageType="General">Doing before wait.  waitUrl: default</logEntry>
                        <logEntry id="1653590185337" messageType="General">End of &amp;lt;default&amp;gt; wait.</logEntry>
                        <logEntry id="1653590185337" messageType="General">Doing after wait.  waitUrl: default</logEntry>
                        <logEntry id="1653590185428" messageType="General">Got webElement.  tagName: INPUT, id: pg:fm:pb:pbs_Main:j_id114:tapaytype_desc__c:j_id116:j_id122, type: text, selector: null</logEntry>
                        <logEntry id="1653590185672" messageType="General">Typing value.  tagName: INPUT, type: text, value: Test, blur: false, selector: null</logEntry>
                        <logEntry id="1653590186041" messageType="General">Doing after wait.  waitUrl: default</logEntry>
                        <logEntry id="1653590186041" messageType="General">End of &amp;lt;default&amp;gt; wait.</logEntry>
                        <logEntry id="1653590186042" messageType="General">Going to update browser window handles.</logEntry>
                        <logEntry id="1653590186042" logLevel="Debug" messageType="General">Update browser window handles.</logEntry>
                        <logEntry id="1653590186109" logLevel="Update" messageType="General">Successfully updated browser window handles.</logEntry>
                      </logEntries>
                    </executionItem>
                    <executionItem endedUtc="1653590187110" executionErrorCount="0" executionStatus="Executed" executionWarningCount="0" failureCount="0" id="root:plans:Mayur-2-ShopFloor:RSTK-9709-CRUD Operation on Labor Pay Type.testinstance:RSTK-9709-CRUD Operation on Labor Pay Type.testcase:2:3.0:16:17:20" iterationIndex="-1" skippedCount="0" startedUtc="1653590186109" successfulCount="1" testApiId="com.provar.plugins.forcedotcom.core.ui.UiDoAction" testItemClass="IApiCall" title="Set the Hourly Add Amount field to 10">
                      <childItems/>
                      <logEntries>
                        <logEntry id="1653590186109" messageType="General">Start of Interact.  Connection: SFConnection, Locator: ui:locator?name=hourlyAddAmount, before wait: default, after wait: default, auto retry: default</logEntry>
                        <logEntry id="1653590186187" messageType="General">Locator: ui:locator?name=hourlyAddAmount</logEntry>
                        <logEntry id="1653590186187" messageType="General">Interaction: ui:interaction?name=set</logEntry>
                        <logEntry id="1653590186250" messageType="General">Switched focus to main window.  URL: https://automationtesting2--rstk.visualforce.com/apex/tapaytype</logEntry>
                        <logEntry id="1653590186360" messageType="General">Doing before wait.  waitUrl: default</logEntry>
                        <logEntry id="1653590186360" messageType="General">End of &amp;lt;default&amp;gt; wait.</logEntry>
                        <logEntry id="1653590186360" messageType="General">Doing after wait.  waitUrl: default</logEntry>
                        <logEntry id="1653590186438" messageType="General">Got webElement.  tagName: INPUT, id: pg:fm:pb:pbs_Main:j_id128:tapaytype_addamount__c:j_id130:j_id136, type: text, selector: null</logEntry>
                        <logEntry id="1653590186627" messageType="General">Typing value.  tagName: INPUT, type: text, value: 10, blur: false, selector: null</logEntry>
                        <logEntry id="1653590187056" messageType="General">Doing after wait.  waitUrl: default</logEntry>
                        <logEntry id="1653590187057" messageType="General">End of &amp;lt;default&amp;gt; wait.</logEntry>
                        <logEntry id="1653590187057" messageType="General">Going to update browser window handles.</logEntry>
                        <logEntry id="1653590187057" logLevel="Debug" messageType="General">Update browser window handles.</logEntry>
                        <logEntry id="1653590187110" logLevel="Update" messageType="General">Successfully updated browser window handles.</logEntry>
                      </logEntries>
                    </executionItem>
                    <executionItem endedUtc="1653590188071" executionErrorCount="0" executionStatus="Executed" executionWarningCount="0" failureCount="0" id="root:plans:Mayur-2-ShopFloor:RSTK-9709-CRUD Operation on Labor Pay Type.testinstance:RSTK-9709-CRUD Operation on Labor Pay Type.testcase:2:3.0:16:17:21" iterationIndex="-1" skippedCount="0" startedUtc="1653590187110" successfulCount="1" testApiId="com.provar.plugins.forcedotcom.core.ui.UiDoAction" testItemClass="IApiCall" title="Set the Rate Factor field to {op_create.RateFactor}">
                      <childItems/>
                      <logEntries>
                        <logEntry id="1653590187110" messageType="General">Start of Interact.  Connection: SFConnection, Locator: ui:locator?name=rateFactor, before wait: default, after wait: default, auto retry: default</logEntry>
                        <logEntry id="1653590187187" messageType="General">Locator: ui:locator?name=rateFactor</logEntry>
                        <logEntry id="1653590187187" messageType="General">Interaction: ui:interaction?name=set</logEntry>
                        <logEntry id="1653590187250" messageType="General">Switched focus to main window.  URL: https://automationtesting2--rstk.visualforce.com/apex/tapaytype</logEntry>
                        <logEntry id="1653590187360" messageType="General">Doing before wait.  waitUrl: default</logEntry>
                        <logEntry id="1653590187360" messageType="General">End of &amp;lt;default&amp;gt; wait.</logEntry>
                        <logEntry id="1653590187360" messageType="General">Doing after wait.  waitUrl: default</logEntry>
                        <logEntry id="1653590187452" messageType="General">Got webElement.  tagName: INPUT, id: pg:fm:pb:pbs_Main:j_id142:tapaytype_ratefactor__c:j_id144:j_id150, type: text, selector: null</logEntry>
                        <logEntry id="1653590187648" messageType="General">Typing value.  tagName: INPUT, type: text, value: , blur: false, selector: null</logEntry>
                        <logEntry id="1653590188011" messageType="General">Doing after wait.  waitUrl: default</logEntry>
                        <logEntry id="1653590188011" messageType="General">End of &amp;lt;default&amp;gt; wait.</logEntry>
                        <logEntry id="1653590188011" messageType="General">Going to update browser window handles.</logEntry>
                        <logEntry id="1653590188011" logLevel="Debug" messageType="General">Update browser window handles.</logEntry>
                        <logEntry id="1653590188071" logLevel="Update" messageType="General">Successfully updated browser window handles.</logEntry>
                      </logEntries>
                    </executionItem>
                    <executionItem endedUtc="1653590188592" executionErrorCount="0" executionStatus="Executed" executionWarningCount="0" failureCount="0" id="root:plans:Mayur-2-ShopFloor:RSTK-9709-CRUD Operation on Labor Pay Type.testinstance:RSTK-9709-CRUD Operation on Labor Pay Type.testcase:2:3.0:16:17:22" iterationIndex="-1" skippedCount="0" startedUtc="1653590188071" successfulCount="1" testApiId="com.provar.plugins.forcedotcom.core.ui.UiDoAction" testItemClass="IApiCall" title="Click the Save button">
                      <childItems/>
                      <logEntries>
                        <logEntry id="1653590188071" messageType="General">Start of Interact.  Connection: SFConnection, Locator: ui:locator?name=save, before wait: default, after wait: default, auto retry: default</logEntry>
                        <logEntry id="1653590188149" messageType="General">Locator: ui:locator?name=save</logEntry>
                        <logEntry id="1653590188149" messageType="General">Interaction: ui:interaction?name=action</logEntry>
                        <logEntry id="1653590188212" messageType="General">Switched focus to main window.  URL: https://automationtesting2--rstk.visualforce.com/apex/tapaytype</logEntry>
                        <logEntry id="1653590188243" messageType="General">Doing before wait.  waitUrl: default</logEntry>
                        <logEntry id="1653590188243" messageType="General">End of &amp;lt;default&amp;gt; wait.</logEntry>
                        <logEntry id="1653590188243" messageType="General">Doing after wait.  waitUrl: default</logEntry>
                        <logEntry id="1653590188498" messageType="General">Clicking WebElement.  WebElement [tag: input, text: Save]</logEntry>
                        <logEntry id="1653590188530" messageType="General">Doing after wait.  waitUrl: default</logEntry>
                        <logEntry id="1653590188530" messageType="General">End of &amp;lt;default&amp;gt; wait.</logEntry>
                        <logEntry id="1653590188530" messageType="General">Going to update browser window handles.</logEntry>
                        <logEntry id="1653590188530" logLevel="Debug" messageType="General">Update browser window handles.</logEntry>
                        <logEntry id="1653590188591" logLevel="Update" messageType="General">Successfully updated browser window handles.</logEntry>
                      </logEntries>
                    </executionItem>
                    <executionItem endedUtc="1653590197606" executionErrorCount="0" executionStatus="Executed" executionWarningCount="0" failureCount="0" id="root:plans:Mayur-2-ShopFloor:RSTK-9709-CRUD Operation on Labor Pay Type.testinstance:RSTK-9709-CRUD Operation on Labor Pay Type.testcase:2:3.0:16:17:23" iterationIndex="-1" skippedCount="0" startedUtc="1653590188592" successfulCount="1" testApiId="com.provar.plugins.forcedotcom.core.ui.UiAssert" testItemClass="IApiCall" title="UI Assert">
                      <childItems/>
                      <logEntries>
                        <logEntry id="1653590188595" messageType="General">Start of UiAssert.  Connection: SFConnection</logEntry>
                        <logEntry id="1653590188671" messageType="General">Resolving field name</logEntry>
                        <logEntry id="1653590195170" messageType="General">Switched focus to main window.  URL: https://automationtesting2--rstk.visualforce.com/apex/tapaytype?actionType=view&amp;id=a9T5f000000shue</logEntry>
                        <logEntry id="1653590195175" messageType="General">Doing before wait.  waitUrl: default</logEntry>
                        <logEntry id="1653590195175" messageType="General">End of &amp;lt;default&amp;gt; wait.</logEntry>
                        <logEntry id="1653590196664" messageType="General">Switched focus to main window.  URL: https://automationtesting2--rstk.visualforce.com/apex/tapaytype?actionType=view&amp;id=a9T5f000000shue</logEntry>
                        <logEntry id="1653590197551" messageType="General">Asserting field attributes: name</logEntry>
                        <logEntry id="1653590197551" messageType="General">Asserting Attribute: value to PrimitiveValueImpl [ value: Pro-labPay (Test), valueId=0, createdUpdateSeq=1752, updatedUpdateSeq=1752]</logEntry>
                        <logEntry id="1653590197551" messageType="AssertionSuccessful">Assertion successful.Pro-labPay (Test) EqualTo Pro-labPay (Test)</logEntry>
                        <logEntry id="1653590197551" messageType="General">Object read successfully.  Result Name: op_labPayName</logEntry>
                        <logEntry id="1653590197552" messageType="General">Going to update browser window handles.</logEntry>
                        <logEntry id="1653590197552" logLevel="Debug" messageType="General">Update browser window handles.</logEntry>
                        <logEntry id="1653590197605" logLevel="Update" messageType="General">Successfully updated browser window handles.</logEntry>
                      </logEntries>
                    </executionItem>
                  </childItems>
                </executionItem>
              </childItems>
              <logEntries>
                <logEntry id="1653590177024" messageType="General">Start of With Screen.  Connection Name: SFConnection, target: sf:ui:target?page=rstk__tapaytype&amp;pageObject=pageobjects.rstk__tapaytype</logEntry>
                <logEntry id="1653590177118" messageType="General">Opening Page context.  Name: screen, data: null, frame: null</logEntry>
                <logEntry id="1653590177140" messageType="General">Opening Salesforce Page.  Page Name: rstk__tapaytype, Url: /apex/rstk__tapaytype</logEntry>
                <logEntry id="1653590177140" messageType="General">Opening Salesforce user home page</logEntry>
                <logEntry id="1653590178647" logLevel="Debug" messageType="General">Navigate to home page</logEntry>
                <logEntry id="1653590178662" logLevel="Trace" messageType="General">Qualified relative URL.  URL: https://automationtesting2.my.salesforce.com/apex/rstk__tapaytype</logEntry>
                <logEntry id="1653590178662" logLevel="Trace" messageType="General">Opening page.  Requested URL: /apex/rstk__tapaytype, Absolute URL: https://automationtesting2.my.salesforce.com/apex/rstk__tapaytype?//automationtesting2.my.salesforce.com/apex/rstk__tapaytype=</logEntry>
                <logEntry id="1653590183870" logLevel="Debug" messageType="General">Perform page load wait</logEntry>
                <logEntry id="1653590183936" logLevel="Update" messageType="General">Successfully opened user home page</logEntry>
                <logEntry id="1653590184054" messageType="General">Going to update browser window handles.</logEntry>
                <logEntry id="1653590184054" logLevel="Debug" messageType="General">Update browser window handles.</logEntry>
                <logEntry id="1653590184103" logLevel="Update" messageType="General">Successfully updated browser window handles.</logEntry>
                <logEntry id="1653590197614" messageType="General">All Sub-Test Steps were successful.</logEntry>
                <logEntry id="1653590197685" messageType="General">Closing Page context.  Name: screen, data: null, frame: null</logEntry>
                <logEntry id="1653590197685" messageType="General">Main window reselected.  Window: main</logEntry>
                <logEntry id="1653590197751" messageType="General">Switched focus to main window.  URL: https://automationtesting2--rstk.visualforce.com/apex/tapaytype?actionType=view&amp;id=a9T5f000000shue</logEntry>
                <logEntry id="1653590199758" messageType="General">Going to update browser window handles.</logEntry>
                <logEntry id="1653590199758" logLevel="Debug" messageType="General">Update browser window handles.</logEntry>
                <logEntry id="1653590199837" logLevel="Update" messageType="General">Successfully updated browser window handles.</logEntry>
              </logEntries>
            </executionItem>
            <executionItem endedUtc="1653590199960" executionErrorCount="0" executionStatus="Executed" executionWarningCount="0" failureCount="0" id="root:plans:Mayur-2-ShopFloor:RSTK-9709-CRUD Operation on Labor Pay Type.testinstance:RSTK-9709-CRUD Operation on Labor Pay Type.testcase:2:3.0:934" iterationIndex="-1" skippedCount="0" startedUtc="1653590199844" successfulCount="1" testApiId="com.provar.plugins.bundled.apis.If" testItemClass="IApiCall" title="If: {GetSelectedEnvironment() = &quot;PDE5&quot;}">
              <childItems>
                <executionItem endedUtc="0" executionErrorCount="0" executionWarningCount="0" failureCount="0" id="root:plans:Mayur-2-ShopFloor:RSTK-9709-CRUD Operation on Labor Pay Type.testinstance:RSTK-9709-CRUD Operation on Labor Pay Type.testcase:2:3.0:934:935" iterationIndex="-1" skippedCount="0" startedUtc="0" successfulCount="0" testClauseName="then" testItemClass="ITestClause" title="Then">
                  <childItems>
                    <executionItem endedUtc="0" executionErrorCount="0" executionWarningCount="0" failureCount="0" id="root:plans:Mayur-2-ShopFloor:RSTK-9709-CRUD Operation on Labor Pay Type.testinstance:RSTK-9709-CRUD Operation on Labor Pay Type.testcase:2:3.0:934:935:944" iterationIndex="-1" skippedCount="0" startedUtc="0" successfulCount="0" testApiId="com.provar.plugins.bundled.apis.control.StepGroup" testItemClass="IApiCall" title="Read Excel data based on selected Enviornment">
                      <childItems>
                        <executionItem endedUtc="0" executionErrorCount="0" executionWarningCount="0" failureCount="0" id="root:plans:Mayur-2-ShopFloor:RSTK-9709-CRUD Operation on Labor Pay Type.testinstance:RSTK-9709-CRUD Operation on Labor Pay Type.testcase:2:3.0:934:935:944:941" iterationIndex="-1" skippedCount="0" startedUtc="0" successfulCount="0" testClauseName="hidden" testItemClass="ITestClause" title="Steps">
                          <childItems/>
                        </executionItem>
                      </childItems>
                    </executionItem>
                  </childItems>
                </executionItem>
                <executionItem endedUtc="1653590199960" executionErrorCount="0" executionStatus="Executed" executionWarningCount="0" failureCount="0" id="root:plans:Mayur-2-ShopFloor:RSTK-9709-CRUD Operation on Labor Pay Type.testinstance:RSTK-9709-CRUD Operation on Labor Pay Type.testcase:2:3.0:934:936" iterationIndex="-1" skippedCount="0" startedUtc="1653590199851" successfulCount="1" testClauseName="else" testItemClass="ITestClause" title="Else">
                  <childItems>
                    <executionItem endedUtc="1653590199960" executionErrorCount="0" executionStatus="Executed" executionWarningCount="0" failureCount="0" id="root:plans:Mayur-2-ShopFloor:RSTK-9709-CRUD Operation on Labor Pay Type.testinstance:RSTK-9709-CRUD Operation on Labor Pay Type.testcase:2:3.0:934:936:937" iterationIndex="-1" skippedCount="0" startedUtc="1653590199924" successfulCount="1" testApiId="com.provar.plugins.bundled.apis.If" testItemClass="IApiCall" title="If: {GetSelectedEnvironment() = &quot;AutomationOrg&quot;}">
                      <childItems>
                        <executionItem endedUtc="1653590199960" executionErrorCount="0" executionStatus="Executed" executionWarningCount="0" failureCount="0" id="root:plans:Mayur-2-ShopFloor:RSTK-9709-CRUD Operation on Labor Pay Type.testinstance:RSTK-9709-CRUD Operation on Labor Pay Type.testcase:2:3.0:934:936:937:938" iterationIndex="-1" skippedCount="0" startedUtc="1653590199931" successfulCount="1" testClauseName="then" testItemClass="ITestClause" title="Then">
                          <childItems>
                            <executionItem endedUtc="1653590199960" executionErrorCount="0" executionStatus="Executed" executionWarningCount="0" failureCount="0" id="root:plans:Mayur-2-ShopFloor:RSTK-9709-CRUD Operation on Labor Pay Type.testinstance:RSTK-9709-CRUD Operation on Labor Pay Type.testcase:2:3.0:934:936:937:938:942" iterationIndex="-1" skippedCount="0" startedUtc="1653590199944" successfulCount="1" testApiId="com.provar.plugins.bundled.apis.control.StepGroup" testItemClass="IApiCall" title="Read Excel data based on selected Enviornment">
                              <childItems>
                                <executionItem endedUtc="1653590199958" executionErrorCount="0" executionStatus="Executed" executionWarningCount="0" failureCount="0" id="root:plans:Mayur-2-ShopFloor:RSTK-9709-CRUD Operation on Labor Pay Type.testinstance:RSTK-9709-CRUD Operation on Labor Pay Type.testcase:2:3.0:934:936:937:938:942:945" iterationIndex="-1" skippedCount="0" startedUtc="1653590199958" successfulCount="1" testClauseName="hidden" testItemClass="ITestClause" title="Steps">
                                  <childItems/>
                                </executionItem>
                              </childItems>
                              <logEntries>
                                <logEntry id="1653590199944" messageType="ParameterValueSource">Loading data from Parameter Value Source ...</logEntry>
                                <logEntry id="1653590199955" messageType="General">Loading Parameter Value Source row 1:</logEntry>
                                <logEntry id="1653590199955" messageType="General">==Column=&gt; RowNumber = PrimitiveValueImpl [ value: 2, valueId=null, createdUpdateSeq=-1, updatedUpdateSeq=-1]</logEntry>
                                <logEntry id="1653590199955" messageType="General">==Column=&gt; LaborPayType = PrimitiveValueImpl [ value: Pro-labPay, valueId=null, createdUpdateSeq=-1, updatedUpdateSeq=-1]</logEntry>
                                <logEntry id="1653590199955" messageType="General">==Column=&gt; Description = PrimitiveValueImpl [ value: Test Description Update, valueId=null, createdUpdateSeq=-1, updatedUpdateSeq=-1]</logEntry>
                                <logEntry id="1653590199955" messageType="General">==Column=&gt; HourlyAddAmount = PrimitiveValueImpl [ value: 10, valueId=null, createdUpdateSeq=-1, updatedUpdateSeq=-1]</logEntry>
                                <logEntry id="1653590199956" messageType="General">==Column=&gt; RateFactor = PrimitiveValueImpl [ value: 1, valueId=null, createdUpdateSeq=-1, updatedUpdateSeq=-1]</logEntry>
                                <logEntry id="1653590199956" logLevel="Update" messageType="General">Loaded 1 rows from Parameter Value Source.</logEntry>
                              </logEntries>
                            </executionItem>
                          </childItems>
                          <logEntries>
                            <logEntry id="1653590199931" messageType="ParameterValueSource">Loading data from Parameter Value Source ...</logEntry>
                            <logEntry id="1653590199943" messageType="General">Loading Parameter Value Source row 1:</logEntry>
                            <logEntry id="1653590199943" messageType="General">==Column=&gt; RowNumber = PrimitiveValueImpl [ value: 2, valueId=null, createdUpdateSeq=-1, updatedUpdateSeq=-1]</logEntry>
                            <logEntry id="1653590199943" messageType="General">==Column=&gt; LaborPayType = PrimitiveValueImpl [ value: Pro-labPay, valueId=null, createdUpdateSeq=-1, updatedUpdateSeq=-1]</logEntry>
                            <logEntry id="1653590199943" messageType="General">==Column=&gt; Description = PrimitiveValueImpl [ value: Test Description Update, valueId=null, createdUpdateSeq=-1, updatedUpdateSeq=-1]</logEntry>
                            <logEntry id="1653590199943" messageType="General">==Column=&gt; HourlyAddAmount = PrimitiveValueImpl [ value: 10, valueId=null, createdUpdateSeq=-1, updatedUpdateSeq=-1]</logEntry>
                            <logEntry id="1653590199943" messageType="General">==Column=&gt; RateFactor = PrimitiveValueImpl [ value: 1, valueId=null, createdUpdateSeq=-1, updatedUpdateSeq=-1]</logEntry>
                            <logEntry id="1653590199944" logLevel="Update" messageType="General">Loaded 1 rows from Parameter Value Source.</logEntry>
                          </logEntries>
                        </executionItem>
                        <executionItem endedUtc="0" executionErrorCount="0" executionWarningCount="0" failureCount="0" id="root:plans:Mayur-2-ShopFloor:RSTK-9709-CRUD Operation on Labor Pay Type.testinstance:RSTK-9709-CRUD Operation on Labor Pay Type.testcase:2:3.0:934:936:937:939" iterationIndex="-1" skippedCount="0" startedUtc="0" successfulCount="0" testClauseName="else" testItemClass="ITestClause" title="Else">
                          <childItems>
                            <executionItem endedUtc="0" executionErrorCount="0" executionWarningCount="0" failureCount="0" id="root:plans:Mayur-2-ShopFloor:RSTK-9709-CRUD Operation on Labor Pay Type.testinstance:RSTK-9709-CRUD Operation on Labor Pay Type.testcase:2:3.0:934:936:937:939:940" iterationIndex="-1" skippedCount="0" startedUtc="0" successfulCount="0" testApiId="com.provar.plugins.bundled.apis.control.StepGroup" testItemClass="IApiCall" title="Read Excel data based on selected Enviornment">
                              <childItems>
                                <executionItem endedUtc="0" executionErrorCount="0" executionWarningCount="0" failureCount="0" id="root:plans:Mayur-2-ShopFloor:RSTK-9709-CRUD Operation on Labor Pay Type.testinstance:RSTK-9709-CRUD Operation on Labor Pay Type.testcase:2:3.0:934:936:937:939:940:943" iterationIndex="-1" skippedCount="0" startedUtc="0" successfulCount="0" testClauseName="hidden" testItemClass="ITestClause" title="Steps">
                                  <childItems/>
                                </executionItem>
                              </childItems>
                            </executionItem>
                          </childItems>
                        </executionItem>
                      </childItems>
                    </executionItem>
                  </childItems>
                </executionItem>
              </childItems>
            </executionItem>
            <executionItem endedUtc="1653590214778" executionErrorCount="0" executionStatus="Executed" executionWarningCount="0" failureCount="0" id="root:plans:Mayur-2-ShopFloor:RSTK-9709-CRUD Operation on Labor Pay Type.testinstance:RSTK-9709-CRUD Operation on Labor Pay Type.testcase:2:3.0:24" iterationIndex="-1" skippedCount="0" startedUtc="1653590199960" successfulCount="1" testApiId="com.provar.plugins.bundled.apis.control.ForEach" testItemClass="IApiCall" title="Update Record">
              <childItems>
                <executionItem endedUtc="1653590214775" executionErrorCount="0" executionStatus="Executed" executionWarningCount="0" failureCount="0" id="root:plans:Mayur-2-ShopFloor:RSTK-9709-CRUD Operation on Labor Pay Type.testinstance:RSTK-9709-CRUD Operation on Labor Pay Type.testcase:2:3.0:24:25.0" iterationIndex="0" skippedCount="0" startedUtc="1653590199962" successfulCount="1" testClauseName="substeps" testItemClass="ITestClause" title="Iteration 1">
                  <childItems>
                    <executionItem endedUtc="1653590214775" executionErrorCount="0" executionStatus="Executed" executionWarningCount="0" failureCount="0" id="root:plans:Mayur-2-ShopFloor:RSTK-9709-CRUD Operation on Labor Pay Type.testinstance:RSTK-9709-CRUD Operation on Labor Pay Type.testcase:2:3.0:24:25.0:26" iterationIndex="-1" skippedCount="0" startedUtc="1653590199962" successfulCount="1" testApiId="com.provar.plugins.forcedotcom.core.ui.UiWithScreen" testItemClass="IApiCall" title="On SF rstk__tapaytype page with pageobject Rstk__tapaytype">
                      <childItems>
                        <executionItem endedUtc="1653590212541" executionErrorCount="0" executionStatus="Executed" executionWarningCount="0" failureCount="0" id="root:plans:Mayur-2-ShopFloor:RSTK-9709-CRUD Operation on Labor Pay Type.testinstance:RSTK-9709-CRUD Operation on Labor Pay Type.testcase:2:3.0:24:25.0:26:27" iterationIndex="-1" skippedCount="0" startedUtc="1653590200140" successfulCount="1" testClauseName="substeps" testItemClass="ITestClause" title="Sub Steps">
                          <childItems>
                            <executionItem endedUtc="1653590200711" executionErrorCount="0" executionStatus="Executed" executionWarningCount="0" failureCount="0" id="root:plans:Mayur-2-ShopFloor:RSTK-9709-CRUD Operation on Labor Pay Type.testinstance:RSTK-9709-CRUD Operation on Labor Pay Type.testcase:2:3.0:24:25.0:26:27:28" iterationIndex="-1" skippedCount="0" startedUtc="1653590200140" successfulCount="1" testApiId="com.provar.plugins.forcedotcom.core.ui.UiDoAction" testItemClass="IApiCall" title="Click the Edit button">
                              <childItems/>
                              <logEntries>
                                <logEntry id="1653590200143" messageType="General">Start of Interact.  Connection: SFConnection, Locator: ui:locator?name=edit, before wait: default, after wait: default, auto retry: default</logEntry>
                                <logEntry id="1653590200218" messageType="General">Locator: ui:locator?name=edit</logEntry>
                                <logEntry id="1653590200218" messageType="General">Interaction: ui:interaction?name=action</logEntry>
                                <logEntry id="1653590200284" messageType="General">Switched focus to main window.  URL: https://automationtesting2--rstk.visualforce.com/apex/tapaytype?actionType=view&amp;id=a9T5f000000shue</logEntry>
                                <logEntry id="1653590200336" messageType="General">Doing before wait.  waitUrl: default</logEntry>
                                <logEntry id="1653590200336" messageType="General">End of &amp;lt;default&amp;gt; wait.</logEntry>
                                <logEntry id="1653590200336" messageType="General">Doing after wait.  waitUrl: default</logEntry>
                                <logEntry id="1653590200616" messageType="General">Clicking WebElement.  WebElement [tag: input, text: Edit]</logEntry>
                                <logEntry id="1653590200649" messageType="General">Doing after wait.  waitUrl: default</logEntry>
                                <logEntry id="1653590200650" messageType="General">End of &amp;lt;default&amp;gt; wait.</logEntry>
                                <logEntry id="1653590200650" messageType="General">Going to update browser window handles.</logEntry>
                                <logEntry id="1653590200650" logLevel="Debug" messageType="General">Update browser window handles.</logEntry>
                                <logEntry id="1653590200709" logLevel="Update" messageType="General">Successfully updated browser window handles.</logEntry>
                              </logEntries>
                            </executionItem>
                            <executionItem endedUtc="1653590204997" executionErrorCount="0" executionStatus="Executed" executionWarningCount="0" failureCount="0" id="root:plans:Mayur-2-ShopFloor:RSTK-9709-CRUD Operation on Labor Pay Type.testinstance:RSTK-9709-CRUD Operation on Labor Pay Type.testcase:2:3.0:24:25.0:26:27:29" iterationIndex="-1" skippedCount="0" startedUtc="1653590200711" successfulCount="1" testApiId="com.provar.plugins.forcedotcom.core.ui.UiDoAction" testItemClass="IApiCall" title="Set the Description field to Test">
                              <childItems/>
                              <logEntries>
                                <logEntry id="1653590200714" messageType="General">Start of Interact.  Connection: SFConnection, Locator: ui:locator?name=description, before wait: default, after wait: default, auto retry: default</logEntry>
                                <logEntry id="1653590200786" messageType="General">Locator: ui:locator?name=description</logEntry>
                                <logEntry id="1653590200787" messageType="General">Interaction: ui:interaction?name=set</logEntry>
                                <logEntry id="1653590204060" messageType="General">Switched focus to main window.  URL: https://automationtesting2--rstk.visualforce.com/apex/tapaytype?id=a9T5f000000shue&amp;sfdc.override=1</logEntry>
                                <logEntry id="1653590204199" messageType="General">Doing before wait.  waitUrl: default</logEntry>
                                <logEntry id="1653590204199" messageType="General">End of &amp;lt;default&amp;gt; wait.</logEntry>
                                <logEntry id="1653590204199" messageType="General">Doing after wait.  waitUrl: default</logEntry>
                                <logEntry id="1653590204262" messageType="General">Got webElement.  tagName: INPUT, id: pg:fm:pb:pbs_Main:j_id114:tapaytype_desc__c:j_id116:j_id122, type: text, selector: null</logEntry>
                                <logEntry id="1653590204497" messageType="General">Typing value.  tagName: INPUT, type: text, value: Test, blur: false, selector: null</logEntry>
                                <logEntry id="1653590204845" messageType="General">Doing after wait.  waitUrl: default</logEntry>
                                <logEntry id="1653590204846" messageType="General">End of &amp;lt;default&amp;gt; wait.</logEntry>
                                <logEntry id="1653590204846" messageType="General">Going to update browser window handles.</logEntry>
                                <logEntry id="1653590204846" logLevel="Debug" messageType="General">Update browser window handles.</logEntry>
                                <logEntry id="1653590204997" logLevel="Update" messageType="General">Successfully updated browser window handles.</logEntry>
                              </logEntries>
                            </executionItem>
                            <executionItem endedUtc="1653590205947" executionErrorCount="0" executionStatus="Executed" executionWarningCount="0" failureCount="0" id="root:plans:Mayur-2-ShopFloor:RSTK-9709-CRUD Operation on Labor Pay Type.testinstance:RSTK-9709-CRUD Operation on Labor Pay Type.testcase:2:3.0:24:25.0:26:27:30" iterationIndex="-1" skippedCount="0" startedUtc="1653590204998" successfulCount="1" testApiId="com.provar.plugins.forcedotcom.core.ui.UiDoAction" testItemClass="IApiCall" title="Set the Hourly Add Amount field to 10">
                              <childItems/>
                              <logEntries>
                                <logEntry id="1653590205009" messageType="General">Start of Interact.  Connection: SFConnection, Locator: ui:locator?name=hourlyAddAmount, before wait: default, after wait: default, auto retry: default</logEntry>
                                <logEntry id="1653590205076" messageType="General">Locator: ui:locator?name=hourlyAddAmount</logEntry>
                                <logEntry id="1653590205076" messageType="General">Interaction: ui:interaction?name=set</logEntry>
                                <logEntry id="1653590205140" messageType="General">Switched focus to main window.  URL: https://automationtesting2--rstk.visualforce.com/apex/tapaytype?id=a9T5f000000shue&amp;sfdc.override=1</logEntry>
                                <logEntry id="1653590205302" messageType="General">Doing before wait.  waitUrl: default</logEntry>
                                <logEntry id="1653590205304" messageType="General">End of &amp;lt;default&amp;gt; wait.</logEntry>
                                <logEntry id="1653590205304" messageType="General">Doing after wait.  waitUrl: default</logEntry>
                                <logEntry id="1653590205360" messageType="General">Got webElement.  tagName: INPUT, id: pg:fm:pb:pbs_Main:j_id128:tapaytype_addamount__c:j_id130:j_id136, type: text, selector: null</logEntry>
                                <logEntry id="1653590205551" messageType="General">Typing value.  tagName: INPUT, type: text, value: 10, blur: false, selector: null</logEntry>
                                <logEntry id="1653590205896" messageType="General">Doing after wait.  waitUrl: default</logEntry>
                                <logEntry id="1653590205896" messageType="General">End of &amp;lt;default&amp;gt; wait.</logEntry>
                                <logEntry id="1653590205896" messageType="General">Going to update browser window handles.</logEntry>
                                <logEntry id="1653590205896" logLevel="Debug" messageType="General">Update browser window handles.</logEntry>
                                <logEntry id="1653590205947" logLevel="Update" messageType="General">Successfully updated browser window handles.</logEntry>
                              </logEntries>
                            </executionItem>
                            <executionItem endedUtc="1653590206893" executionErrorCount="0" executionStatus="Executed" executionWarningCount="0" failureCount="0" id="root:plans:Mayur-2-ShopFloor:RSTK-9709-CRUD Operation on Labor Pay Type.testinstance:RSTK-9709-CRUD Operation on Labor Pay Type.testcase:2:3.0:24:25.0:26:27:31" iterationIndex="-1" skippedCount="0" startedUtc="1653590205948" successfulCount="1" testApiId="com.provar.plugins.forcedotcom.core.ui.UiDoAction" testItemClass="IApiCall" title="Set the Rate Factor field to {op_create.RateFactor}">
                              <childItems/>
                              <logEntries>
                                <logEntry id="1653590205949" messageType="General">Start of Interact.  Connection: SFConnection, Locator: ui:locator?name=rateFactor, before wait: default, after wait: default, auto retry: default</logEntry>
                                <logEntry id="1653590206026" messageType="General">Locator: ui:locator?name=rateFactor</logEntry>
                                <logEntry id="1653590206026" messageType="General">Interaction: ui:interaction?name=set</logEntry>
                                <logEntry id="1653590206094" messageType="General">Switched focus to main window.  URL: https://automationtesting2--rstk.visualforce.com/apex/tapaytype?id=a9T5f000000shue&amp;sfdc.override=1</logEntry>
                                <logEntry id="1653590206204" messageType="General">Doing before wait.  waitUrl: default</logEntry>
                                <logEntry id="1653590206204" messageType="General">End of &amp;lt;default&amp;gt; wait.</logEntry>
                                <logEntry id="1653590206204" messageType="General">Doing after wait.  waitUrl: default</logEntry>
                                <logEntry id="1653590206264" messageType="General">Got webElement.  tagName: INPUT, id: pg:fm:pb:pbs_Main:j_id142:tapaytype_ratefactor__c:j_id144:j_id150, type: text, selector: null</logEntry>
                                <logEntry id="1653590206529" messageType="General">Typing value.  tagName: INPUT, type: text, value: , blur: false, selector: null</logEntry>
                                <logEntry id="1653590206830" messageType="General">Doing after wait.  waitUrl: default</logEntry>
                                <logEntry id="1653590206830" messageType="General">End of &amp;lt;default&amp;gt; wait.</logEntry>
                                <logEntry id="1653590206830" messageType="General">Going to update browser window handles.</logEntry>
                                <logEntry id="1653590206830" logLevel="Debug" messageType="General">Update browser window handles.</logEntry>
                                <logEntry id="1653590206892" logLevel="Update" messageType="General">Successfully updated browser window handles.</logEntry>
                              </logEntries>
                            </executionItem>
                            <executionItem endedUtc="1653590207444" executionErrorCount="0" executionStatus="Executed" executionWarningCount="0" failureCount="0" id="root:plans:Mayur-2-ShopFloor:RSTK-9709-CRUD Operation on Labor Pay Type.testinstance:RSTK-9709-CRUD Operation on Labor Pay Type.testcase:2:3.0:24:25.0:26:27:32" iterationIndex="-1" skippedCount="0" startedUtc="1653590206893" successfulCount="1" testApiId="com.provar.plugins.forcedotcom.core.ui.UiDoAction" testItemClass="IApiCall" title="Click the Save button">
                              <childItems/>
                              <logEntries>
                                <logEntry id="1653590206899" messageType="General">Start of Interact.  Connection: SFConnection, Locator: ui:locator?name=save, before wait: default, after wait: default, auto retry: default</logEntry>
                                <logEntry id="1653590206970" messageType="General">Locator: ui:locator?name=save</logEntry>
                                <logEntry id="1653590206970" messageType="General">Interaction: ui:interaction?name=action</logEntry>
                                <logEntry id="1653590207034" messageType="General">Switched focus to main window.  URL: https://automationtesting2--rstk.visualforce.com/apex/tapaytype?id=a9T5f000000shue&amp;sfdc.override=1</logEntry>
                                <logEntry id="1653590207068" messageType="General">Doing before wait.  waitUrl: default</logEntry>
                                <logEntry id="1653590207068" messageType="General">End of &amp;lt;default&amp;gt; wait.</logEntry>
                                <logEntry id="1653590207068" messageType="General">Doing after wait.  waitUrl: default</logEntry>
                                <logEntry id="1653590207318" messageType="General">Clicking WebElement.  WebElement [tag: input, text: Save]</logEntry>
                                <logEntry id="1653590207388" messageType="General">Doing after wait.  waitUrl: default</logEntry>
                                <logEntry id="1653590207388" messageType="General">End of &amp;lt;default&amp;gt; wait.</logEntry>
                                <logEntry id="1653590207388" messageType="General">Going to update browser window handles.</logEntry>
                                <logEntry id="1653590207388" logLevel="Debug" messageType="General">Update browser window handles.</logEntry>
                                <logEntry id="1653590207443" logLevel="Update" messageType="General">Successfully updated browser window handles.</logEntry>
                              </logEntries>
                            </executionItem>
                            <executionItem endedUtc="1653590212541" executionErrorCount="0" executionStatus="Executed" executionWarningCount="0" failureCount="0" id="root:plans:Mayur-2-ShopFloor:RSTK-9709-CRUD Operation on Labor Pay Type.testinstance:RSTK-9709-CRUD Operation on Labor Pay Type.testcase:2:3.0:24:25.0:26:27:33" iterationIndex="-1" skippedCount="0" startedUtc="1653590207444" successfulCount="1" testApiId="com.provar.plugins.forcedotcom.core.ui.UiAssert" testItemClass="IApiCall" title="UI Assert">
                              <childItems/>
                              <logEntries>
                                <logEntry id="1653590207446" messageType="General">Start of UiAssert.  Connection: SFConnection</logEntry>
                                <logEntry id="1653590207522" messageType="General">Resolving field name</logEntry>
                                <logEntry id="1653590210406" messageType="General">Switched focus to main window.  URL: https://automationtesting2--rstk.visualforce.com/apex/tapaytype?actionType=view&amp;id=a9T5f000000shue</logEntry>
                                <logEntry id="1653590210409" messageType="General">Doing before wait.  waitUrl: default</logEntry>
                                <logEntry id="1653590210409" messageType="General">End of &amp;lt;default&amp;gt; wait.</logEntry>
                                <logEntry id="1653590211573" messageType="General">Switched focus to main window.  URL: https://automationtesting2--rstk.visualforce.com/apex/tapaytype?actionType=view&amp;id=a9T5f000000shue</logEntry>
                                <logEntry id="1653590212484" messageType="General">Asserting field attributes: name</logEntry>
                                <logEntry id="1653590212484" messageType="General">Asserting Attribute: value to PrimitiveValueImpl [ value: Pro-labPay (Test), valueId=0, createdUpdateSeq=1786, updatedUpdateSeq=1786]</logEntry>
                                <logEntry id="1653590212484" messageType="AssertionSuccessful">Assertion successful.Pro-labPay (Test) EqualTo Pro-labPay (Test)</logEntry>
                                <logEntry id="1653590212484" messageType="General">Object read successfully.  Result Name: op_labPayName</logEntry>
                                <logEntry id="1653590212484" messageType="General">Going to update browser window handles.</logEntry>
                                <logEntry id="1653590212484" logLevel="Debug" messageType="General">Update browser window handles.</logEntry>
                                <logEntry id="1653590212540" logLevel="Update" messageType="General">Successfully updated browser window handles.</logEntry>
                              </logEntries>
                            </executionItem>
                          </childItems>
                        </executionItem>
                      </childItems>
                      <logEntries>
                        <logEntry id="1653590199964" messageType="General">Start of With Screen.  Connection Name: SFConnection, target: sf:ui:target?page=rstk__tapaytype&amp;pageObject=pageobjects.rstk__tapaytype</logEntry>
                        <logEntry id="1653590200060" messageType="General">Opening Page context.  Name: screen, data: null, frame: null</logEntry>
                        <logEntry id="1653590200084" messageType="General">Going to update browser window handles.</logEntry>
                        <logEntry id="1653590200084" logLevel="Debug" messageType="General">Update browser window handles.</logEntry>
                        <logEntry id="1653590200139" logLevel="Update" messageType="General">Successfully updated browser window handles.</logEntry>
                        <logEntry id="1653590212547" messageType="General">All Sub-Test Steps were successful.</logEntry>
                        <logEntry id="1653590212615" messageType="General">Closing Page context.  Name: screen, data: null, frame: null</logEntry>
                        <logEntry id="1653590212615" messageType="General">Main window reselected.  Window: main</logEntry>
                        <logEntry id="1653590212681" messageType="General">Switched focus to main window.  URL: https://automationtesting2--rstk.visualforce.com/apex/tapaytype?actionType=view&amp;id=a9T5f000000shue</logEntry>
                        <logEntry id="1653590214697" messageType="General">Going to update browser window handles.</logEntry>
                        <logEntry id="1653590214697" logLevel="Debug" messageType="General">Update browser window handles.</logEntry>
                        <logEntry id="1653590214774" logLevel="Update" messageType="General">Successfully updated browser window handles.</logEntry>
                      </logEntries>
                    </executionItem>
                  </childItems>
                </executionItem>
              </childItems>
              <logEntries>
                <logEntry id="1653590199961" messageType="General">Start of iteration 1 of 1.</logEntry>
                <logEntry id="1653590214777" messageType="General">Reached the end of the List.</logEntry>
              </logEntries>
            </executionItem>
            <executionItem endedUtc="1653590226330" executionErrorCount="0" executionStatus="Executed" executionWarningCount="0" failureCount="0" id="root:plans:Mayur-2-ShopFloor:RSTK-9709-CRUD Operation on Labor Pay Type.testinstance:RSTK-9709-CRUD Operation on Labor Pay Type.testcase:2:3.0:34" iterationIndex="-1" skippedCount="0" startedUtc="1653590214778" successfulCount="1" testApiId="com.provar.plugins.bundled.apis.control.StepGroup" testItemClass="IApiCall" title="Delete Record">
              <childItems>
                <executionItem endedUtc="1653590226325" executionErrorCount="0" executionStatus="Executed" executionWarningCount="0" failureCount="0" id="root:plans:Mayur-2-ShopFloor:RSTK-9709-CRUD Operation on Labor Pay Type.testinstance:RSTK-9709-CRUD Operation on Labor Pay Type.testcase:2:3.0:34:35" iterationIndex="-1" skippedCount="0" startedUtc="1653590214780" successfulCount="1" testClauseName="hidden" testItemClass="ITestClause" title="Steps">
                  <childItems>
                    <executionItem endedUtc="1653590226325" executionErrorCount="0" executionStatus="Executed" executionWarningCount="0" failureCount="0" id="root:plans:Mayur-2-ShopFloor:RSTK-9709-CRUD Operation on Labor Pay Type.testinstance:RSTK-9709-CRUD Operation on Labor Pay Type.testcase:2:3.0:34:35:36" iterationIndex="-1" skippedCount="0" startedUtc="1653590214780" successfulCount="1" testApiId="com.provar.plugins.forcedotcom.core.ui.UiWithScreen" testItemClass="IApiCall" title="On SF rstk__tapaytype page with pageobject Rstk__tapaytype">
                      <childItems>
                        <executionItem endedUtc="1653590224097" executionErrorCount="0" executionStatus="Executed" executionWarningCount="0" failureCount="0" id="root:plans:Mayur-2-ShopFloor:RSTK-9709-CRUD Operation on Labor Pay Type.testinstance:RSTK-9709-CRUD Operation on Labor Pay Type.testcase:2:3.0:34:35:36:37" iterationIndex="-1" skippedCount="0" startedUtc="1653590214947" successfulCount="1" testClauseName="substeps" testItemClass="ITestClause" title="Sub Steps">
                          <childItems>
                            <executionItem endedUtc="1653590215480" executionErrorCount="0" executionStatus="Executed" executionWarningCount="0" failureCount="0" id="root:plans:Mayur-2-ShopFloor:RSTK-9709-CRUD Operation on Labor Pay Type.testinstance:RSTK-9709-CRUD Operation on Labor Pay Type.testcase:2:3.0:34:35:36:37:44" iterationIndex="-1" skippedCount="0" startedUtc="1653590214947" successfulCount="1" testApiId="com.provar.plugins.forcedotcom.core.ui.UiDoAction" testItemClass="IApiCall" title="Click the Delete button">
                              <childItems/>
                              <logEntries>
                                <logEntry id="1653590214948" messageType="General">Start of Interact.  Connection: SFConnection, Locator: ui:locator?name=delete, before wait: default, after wait: default, auto retry: default</logEntry>
                                <logEntry id="1653590215028" messageType="General">Locator: ui:locator?name=delete</logEntry>
                                <logEntry id="1653590215028" messageType="General">Interaction: ui:interaction?name=action</logEntry>
                                <logEntry id="1653590215094" messageType="General">Switched focus to main window.  URL: https://automationtesting2--rstk.visualforce.com/apex/tapaytype?actionType=view&amp;id=a9T5f000000shue</logEntry>
                                <logEntry id="1653590215124" messageType="General">Doing before wait.  waitUrl: default</logEntry>
                                <logEntry id="1653590215124" messageType="General">End of &amp;lt;default&amp;gt; wait.</logEntry>
                                <logEntry id="1653590215124" messageType="General">Doing after wait.  waitUrl: default</logEntry>
                                <logEntry id="1653590215388" messageType="General">Clicking WebElement.  WebElement [tag: input, text: Delete]</logEntry>
                                <logEntry id="1653590215419" messageType="General">Doing after wait.  waitUrl: default</logEntry>
                                <logEntry id="1653590215420" messageType="General">End of &amp;lt;default&amp;gt; wait.</logEntry>
                                <logEntry id="1653590215420" messageType="General">Going to update browser window handles.</logEntry>
                                <logEntry id="1653590215420" logLevel="Debug" messageType="General">Update browser window handles.</logEntry>
                                <logEntry id="1653590215479" logLevel="Update" messageType="General">Successfully updated browser window handles.</logEntry>
                              </logEntries>
                            </executionItem>
                            <executionItem endedUtc="1653590222744" executionErrorCount="0" executionStatus="Executed" executionWarningCount="0" failureCount="0" id="root:plans:Mayur-2-ShopFloor:RSTK-9709-CRUD Operation on Labor Pay Type.testinstance:RSTK-9709-CRUD Operation on Labor Pay Type.testcase:2:3.0:34:35:36:37:45" iterationIndex="-1" skippedCount="0" startedUtc="1653590215480" successfulCount="1" testApiId="com.provar.plugins.forcedotcom.core.ui.UiHandleAlert" testItemClass="IApiCall" title="Handle UI Alerts">
                              <childItems/>
                              <logEntries>
                                <logEntry id="1653590215481" messageType="General">Start of Handle Alert.  Connection: SFConnection</logEntry>
                                <logEntry id="1653590215991" messageType="General">Sending screenshot.  Data length: 186940</logEntry>
                                <logEntry id="1653590220045" messageType="General">Start of Alert Wait.  Timeout (seconds): 30</logEntry>
                                <logEntry id="1653590220061" messageType="General">Polling for Alert successful.  Attempt: 1</logEntry>
                                <logEntry id="1653590220061" messageType="General">End of Alert Wait.  Actual duration(seconds): 0.016</logEntry>
                                <logEntry id="1653590220061" messageType="General">Switching to alert.  ExpectedMessage: Delete this record?</logEntry>
                                <logEntry id="1653590220093" messageType="General">Got alert text: Delete this record?</logEntry>
                                <logEntry id="1653590220093" messageType="General">com.provar.core.model.base.java.ComparisonType$Options@32214409</logEntry>
                                <logEntry id="1653590220093" messageType="General">Asserting Alert Message, To: 'Delete this record?', Comparision Type: Equals</logEntry>
                                <logEntry id="1653590220093" messageType="AssertionSuccessful">Assertion successful. 'Delete this record?' Equals 'Delete this record?'</logEntry>
                                <logEntry id="1653590220093" messageType="General">Accepting alert.</logEntry>
                                <logEntry id="1653590220111" messageType="General">Switching back to current frame.</logEntry>
                                <logEntry id="1653590222688" messageType="General">Switched focus to main window.  URL: https://automationtesting2.my.salesforce.com/a9T</logEntry>
                                <logEntry id="1653590222688" messageType="General">Going to update browser window handles.</logEntry>
                                <logEntry id="1653590222688" logLevel="Debug" messageType="General">Update browser window handles.</logEntry>
                                <logEntry id="1653590222743" logLevel="Update" messageType="General">Successfully updated browser window handles.</logEntry>
                              </logEntries>
                              <testArtifacts>
                                <artifactFile artifactsRelativePath="ScreenShot188" createdTimestamp="1653590215991" mimeContentType="image/png" name="ScreenShot188" title="Before Screenshot : 2022/05/27 00:06:55"/>
                              </testArtifacts>
                            </executionItem>
                            <executionItem endedUtc="1653590224093" executionErrorCount="0" executionStatus="Executed" executionWarningCount="0" failureCount="0" id="root:plans:Mayur-2-ShopFloor:RSTK-9709-CRUD Operation on Labor Pay Type.testinstance:RSTK-9709-CRUD Operation on Labor Pay Type.testcase:2:3.0:34:35:36:37:46" iterationIndex="-1" skippedCount="0" startedUtc="1653590222744" successfulCount="1" testApiId="com.provar.plugins.forcedotcom.core.testapis.ApexSoqlQuery" testItemClass="IApiCall" title="Read Labor Pay Type Record Count">
                              <childItems/>
                              <logEntries>
                                <logEntry id="1653590222746" messageType="General">Reading a Salesforce object.  Connection Name: SFConnection, Query: select count() from rstk__tapaytype__c where Name='Pro-labPay (Test)'</logEntry>
                                <logEntry id="1653590224092" messageType="General">The count query returned 0.</logEntry>
                              </logEntries>
                            </executionItem>
                            <executionItem endedUtc="1653590224096" executionErrorCount="0" executionStatus="Executed" executionWarningCount="0" failureCount="0" id="root:plans:Mayur-2-ShopFloor:RSTK-9709-CRUD Operation on Labor Pay Type.testinstance:RSTK-9709-CRUD Operation on Labor Pay Type.testcase:2:3.0:34:35:36:37:47" iterationIndex="-1" skippedCount="0" startedUtc="1653590224093" successfulCount="1" testApiId="com.provar.plugins.bundled.apis.AssertValues" testItemClass="IApiCall" title="Assert: 0 EqualTo 0">
                              <childItems/>
                              <logEntries>
                                <logEntry id="1653590224096" messageType="AssertionSuccessful">Assertion successful. (result) 0 = 0 (target)</logEntry>
                              </logEntries>
                            </executionItem>
                          </childItems>
                        </executionItem>
                      </childItems>
                      <logEntries>
                        <logEntry id="1653590214782" messageType="General">Start of With Screen.  Connection Name: SFConnection, target: sf:ui:target?page=rstk__tapaytype&amp;pageObject=pageobjects.rstk__tapaytype</logEntry>
                        <logEntry id="1653590214866" messageType="General">Opening Page context.  Name: screen, data: null, frame: null</logEntry>
                        <logEntry id="1653590214890" messageType="General">Going to update browser window handles.</logEntry>
                        <logEntry id="1653590214890" logLevel="Debug" messageType="General">Update browser window handles.</logEntry>
                        <logEntry id="1653590214946" logLevel="Update" messageType="General">Successfully updated browser window handles.</logEntry>
                        <logEntry id="1653590224099" messageType="General">All Sub-Test Steps were successful.</logEntry>
                        <logEntry id="1653590224173" messageType="General">Closing Page context.  Name: screen, data: null, frame: null</logEntry>
                        <logEntry id="1653590224173" messageType="General">Main window reselected.  Window: main</logEntry>
                        <logEntry id="1653590224239" messageType="General">Switched focus to main window.  URL: https://automationtesting2.my.salesforce.com/a9T</logEntry>
                        <logEntry id="1653590226245" messageType="General">Going to update browser window handles.</logEntry>
                        <logEntry id="1653590226245" logLevel="Debug" messageType="General">Update browser window handles.</logEntry>
                        <logEntry id="1653590226323" logLevel="Update" messageType="General">Successfully updated browser window handles.</logEntry>
                      </logEntries>
                    </executionItem>
                  </childItems>
                </executionItem>
              </childItems>
            </executionItem>
          </childItems>
        </executionItem>
      </childItems>
      <logEntries>
        <logEntry id="1653590149634" messageType="General">Start of iteration 1 of 1.</logEntry>
        <logEntry id="1653590226336" messageType="General">Reached the end of the List.</logEntry>
      </logEntries>
    </executionItem>
  </childItems>
</executionItem>
