<?xml version="1.0" encoding="UTF-8" standalone="no"?>
<executionItem endedUtc="1653590315683" executionErrorCount="0" executionStatus="Executed" executionWarningCount="0" failureCount="0" id="root:plans:Mayur-2-ShopFloor:RSTK-9710-CRUD operation on Work Center Group.testinstance:RSTK-9710-CRUD operation on Work Center Group.testcase" iterationIndex="-1" skippedCount="0" startedUtc="1653590227628" successfulCount="1" testCasePath="D:\\provar\\EventDemo\\RootedInDemo\\tests\\Shop Floor" testItemClass="ITestCase" title="RSTK-9710-CRUD operation on Work Center Group.testcase">
  <testItemSummary/>
  <childItems>
    <executionItem endedUtc="1653590232910" executionErrorCount="0" executionStatus="Executed" executionWarningCount="0" failureCount="0" id="root:plans:Mayur-2-ShopFloor:RSTK-9710-CRUD operation on Work Center Group.testinstance:RSTK-9710-CRUD operation on Work Center Group.testcase:1" iterationIndex="-1" skippedCount="0" startedUtc="1653590227637" successfulCount="1" testApiId="com.provar.plugins.forcedotcom.core.testapis.ApexConnect" testItemClass="IApiCall" title="Salesforce Connect: SFConnection (Test)">
      <childItems/>
      <logEntries>
        <logEntry id="1653590227644" messageType="General">Connecting to Salesforce as QARSF_Admin</logEntry>
        <logEntry id="1653590227644" logLevel="Debug" messageType="General">Connection details. Connection name: QARSF_Admin, result name: SFConnection, result scope: Test, urlString: sf:environment=PRERELEASE;apiLoginUrl=https://automationtesting2.my.salesforce.com;identityServiceUrl=https://login.salesforce.com/id/00D5f000005vwGkEAI/0055f000008Hn0WAAS;clientId={clientId};clientSecret={clientSecret};authenticationType=OAUTH;callbackUrl={callbackUrl};accessToken={accessToken};refreshToken={refreshToken}, environment: AutomationOrg, clientId: [supplied], clientSecret: [supplied], callBackUrl: [supplied], accessToken: [supplied], refreshToken: [supplied]</logEntry>
        <logEntry id="1653590227644" logLevel="Debug" messageType="General">Create object id log file.</logEntry>
        <logEntry id="1653590227644" logLevel="Trace" messageType="General">Absolute path: D:\\provar\\EventDemo\\RootedInDemo\\ANT\\..\\ANT\\Results(2)\\Artifacts\\QARSF_Admin-objectids.log</logEntry>
        <logEntry id="1653590228877" logLevel="Debug" messageType="General">Access Token refreshed successfully.</logEntry>
        <logEntry id="1653590231711" logLevel="Debug" messageType="General">Identity Service successful. ToolingEndpoint: https://automationtesting2.my.salesforce.com/services/Soap/T/54.0/00D5f000005vwGk, ToolingRestEndpoint: https://automationtesting2.my.salesforce.com/services/data/v54.0/tooling/, PartnerEndpoint: https://automationtesting2.my.salesforce.com/services/Soap/u/54.0/00D5f000005vwGk, MetadataEndpoint: https://automationtesting2.my.salesforce.com/services/Soap/m/54.0/00D5f000005vwGk, EnterpriseEndpoint: https://automationtesting2.my.salesforce.com/services/Soap/c/54.0/00D5f000005vwGk</logEntry>
        <logEntry id="1653590231711" logLevel="Debug" messageType="General">Opening Partner connection</logEntry>
        <logEntry id="1653590231726" logLevel="Trace" messageType="General">Connection configurations: userName: automation@rootstock.com,  password: [empty], securityToken: [empty], authEndpoint: https://automationtesting2.my.salesforce.com/services/Soap/u/54.0, serviceEndpoint: https://automationtesting2.my.salesforce.com/services/Soap/u/54.0/00D5f000005vwGk</logEntry>
        <logEntry id="1653590232907" logLevel="Debug" messageType="General">Opening SOAP connection</logEntry>
        <logEntry id="1653590232910" logLevel="Trace" messageType="General">Connection configurations: userName: automation@rootstock.com,  password: [empty], securityToken: [empty], authEndpoint: https://automationtesting2.my.salesforce.com/services/Soap/u/54.0, serviceEndpoint: https://automationtesting2.my.salesforce.com/services/Soap/u/54.0</logEntry>
        <logEntry id="1653590232910" logLevel="Debug" messageType="General">Opening Metadata connection</logEntry>
        <logEntry id="1653590232910" logLevel="Trace" messageType="General">Connection configurations: userName: null,  password: [empty], securityToken: [empty], authEndpoint: https://automationtesting2.my.salesforce.com/services/Soap/u/54.0, serviceEndpoint: https://automationtesting2.my.salesforce.com/services/Soap/m/54.0/00D5f000005vwGk</logEntry>
        <logEntry id="1653590232910" logLevel="Update" messageType="General">Successfully connected to Salesforce as QARSF_Admin</logEntry>
      </logEntries>
    </executionItem>
    <executionItem endedUtc="1653590233071" executionErrorCount="0" executionStatus="Executed" executionWarningCount="0" failureCount="0" id="root:plans:Mayur-2-ShopFloor:RSTK-9710-CRUD operation on Work Center Group.testinstance:RSTK-9710-CRUD operation on Work Center Group.testcase:55" iterationIndex="-1" skippedCount="0" startedUtc="1653590233008" successfulCount="1" testApiId="com.provar.plugins.bundled.apis.If" testItemClass="IApiCall" title="If: {GetSelectedEnvironment() = &quot;PDE5&quot;}">
      <childItems>
        <executionItem endedUtc="0" executionErrorCount="0" executionWarningCount="0" failureCount="0" id="root:plans:Mayur-2-ShopFloor:RSTK-9710-CRUD operation on Work Center Group.testinstance:RSTK-9710-CRUD operation on Work Center Group.testcase:55:905" iterationIndex="-1" skippedCount="0" startedUtc="0" successfulCount="0" testClauseName="then" testItemClass="ITestClause" title="Then">
          <childItems>
            <executionItem endedUtc="0" executionErrorCount="0" executionWarningCount="0" failureCount="0" id="root:plans:Mayur-2-ShopFloor:RSTK-9710-CRUD operation on Work Center Group.testinstance:RSTK-9710-CRUD operation on Work Center Group.testcase:55:905:948" iterationIndex="-1" skippedCount="0" startedUtc="0" successfulCount="0" testApiId="com.provar.plugins.bundled.apis.control.StepGroup" testItemClass="IApiCall" title="Read Excel Data">
              <childItems>
                <executionItem endedUtc="0" executionErrorCount="0" executionWarningCount="0" failureCount="0" id="root:plans:Mayur-2-ShopFloor:RSTK-9710-CRUD operation on Work Center Group.testinstance:RSTK-9710-CRUD operation on Work Center Group.testcase:55:905:948:925" iterationIndex="-1" skippedCount="0" startedUtc="0" successfulCount="0" testClauseName="hidden" testItemClass="ITestClause" title="Steps">
                  <childItems/>
                </executionItem>
              </childItems>
            </executionItem>
          </childItems>
        </executionItem>
        <executionItem endedUtc="1653590233071" executionErrorCount="0" executionStatus="Executed" executionWarningCount="0" failureCount="0" id="root:plans:Mayur-2-ShopFloor:RSTK-9710-CRUD operation on Work Center Group.testinstance:RSTK-9710-CRUD operation on Work Center Group.testcase:55:906" iterationIndex="-1" skippedCount="0" startedUtc="1653590233008" successfulCount="1" testClauseName="else" testItemClass="ITestClause" title="Else">
          <childItems>
            <executionItem endedUtc="1653590233071" executionErrorCount="0" executionStatus="Executed" executionWarningCount="0" failureCount="0" id="root:plans:Mayur-2-ShopFloor:RSTK-9710-CRUD operation on Work Center Group.testinstance:RSTK-9710-CRUD operation on Work Center Group.testcase:55:906:918" iterationIndex="-1" skippedCount="0" startedUtc="1653590233027" successfulCount="1" testApiId="com.provar.plugins.bundled.apis.If" testItemClass="IApiCall" title="If: {GetSelectedEnvironment() = &quot;AutomationOrg&quot;}">
              <childItems>
                <executionItem endedUtc="1653590233071" executionErrorCount="0" executionStatus="Executed" executionWarningCount="0" failureCount="0" id="root:plans:Mayur-2-ShopFloor:RSTK-9710-CRUD operation on Work Center Group.testinstance:RSTK-9710-CRUD operation on Work Center Group.testcase:55:906:918:919" iterationIndex="-1" skippedCount="0" startedUtc="1653590233035" successfulCount="1" testClauseName="then" testItemClass="ITestClause" title="Then">
                  <childItems>
                    <executionItem endedUtc="1653590233071" executionErrorCount="0" executionStatus="Executed" executionWarningCount="0" failureCount="0" id="root:plans:Mayur-2-ShopFloor:RSTK-9710-CRUD operation on Work Center Group.testinstance:RSTK-9710-CRUD operation on Work Center Group.testcase:55:906:918:919:946" iterationIndex="-1" skippedCount="0" startedUtc="1653590233048" successfulCount="1" testApiId="com.provar.plugins.bundled.apis.control.StepGroup" testItemClass="IApiCall" title="Read Excel Data">
                      <childItems>
                        <executionItem endedUtc="1653590233068" executionErrorCount="0" executionStatus="Executed" executionWarningCount="0" failureCount="0" id="root:plans:Mayur-2-ShopFloor:RSTK-9710-CRUD operation on Work Center Group.testinstance:RSTK-9710-CRUD operation on Work Center Group.testcase:55:906:918:919:946:949" iterationIndex="-1" skippedCount="0" startedUtc="1653590233068" successfulCount="1" testClauseName="hidden" testItemClass="ITestClause" title="Steps">
                          <childItems/>
                        </executionItem>
                      </childItems>
                      <logEntries>
                        <logEntry id="1653590233048" messageType="ParameterValueSource">Loading data from Parameter Value Source ...</logEntry>
                        <logEntry id="1653590233065" messageType="General">Loading Parameter Value Source row 1:</logEntry>
                        <logEntry id="1653590233065" messageType="General">==Column=&gt; RowNumber = PrimitiveValueImpl [ value: 2, valueId=null, createdUpdateSeq=-1, updatedUpdateSeq=-1]</logEntry>
                        <logEntry id="1653590233065" messageType="General">==Column=&gt; GroupID = PrimitiveValueImpl [ value: Pro-WCGroup, valueId=null, createdUpdateSeq=-1, updatedUpdateSeq=-1]</logEntry>
                        <logEntry id="1653590233065" messageType="General">==Column=&gt; Description = PrimitiveValueImpl [ value: Provar Test, valueId=null, createdUpdateSeq=-1, updatedUpdateSeq=-1]</logEntry>
                        <logEntry id="1653590233065" messageType="General">==Column=&gt; Comments = PrimitiveValueImpl [ value: Test comments, valueId=null, createdUpdateSeq=-1, updatedUpdateSeq=-1]</logEntry>
                        <logEntry id="1653590233065" logLevel="Update" messageType="General">Loaded 1 rows from Parameter Value Source.</logEntry>
                      </logEntries>
                    </executionItem>
                  </childItems>
                  <logEntries>
                    <logEntry id="1653590233036" messageType="ParameterValueSource">Loading data from Parameter Value Source ...</logEntry>
                    <logEntry id="1653590233048" messageType="General">Loading Parameter Value Source row 1:</logEntry>
                    <logEntry id="1653590233048" messageType="General">==Column=&gt; RowNumber = PrimitiveValueImpl [ value: 2, valueId=null, createdUpdateSeq=-1, updatedUpdateSeq=-1]</logEntry>
                    <logEntry id="1653590233048" messageType="General">==Column=&gt; GroupID = PrimitiveValueImpl [ value: Pro-WCGroup, valueId=null, createdUpdateSeq=-1, updatedUpdateSeq=-1]</logEntry>
                    <logEntry id="1653590233048" messageType="General">==Column=&gt; Description = PrimitiveValueImpl [ value: Provar Test, valueId=null, createdUpdateSeq=-1, updatedUpdateSeq=-1]</logEntry>
                    <logEntry id="1653590233048" messageType="General">==Column=&gt; Comments = PrimitiveValueImpl [ value: Test comments, valueId=null, createdUpdateSeq=-1, updatedUpdateSeq=-1]</logEntry>
                    <logEntry id="1653590233048" logLevel="Update" messageType="General">Loaded 1 rows from Parameter Value Source.</logEntry>
                  </logEntries>
                </executionItem>
                <executionItem endedUtc="0" executionErrorCount="0" executionWarningCount="0" failureCount="0" id="root:plans:Mayur-2-ShopFloor:RSTK-9710-CRUD operation on Work Center Group.testinstance:RSTK-9710-CRUD operation on Work Center Group.testcase:55:906:918:922" iterationIndex="-1" skippedCount="0" startedUtc="0" successfulCount="0" testClauseName="else" testItemClass="ITestClause" title="Else">
                  <childItems>
                    <executionItem endedUtc="0" executionErrorCount="0" executionWarningCount="0" failureCount="0" id="root:plans:Mayur-2-ShopFloor:RSTK-9710-CRUD operation on Work Center Group.testinstance:RSTK-9710-CRUD operation on Work Center Group.testcase:55:906:918:922:924" iterationIndex="-1" skippedCount="0" startedUtc="0" successfulCount="0" testApiId="com.provar.plugins.bundled.apis.control.StepGroup" testItemClass="IApiCall" title="Read Excel Data">
                      <childItems>
                        <executionItem endedUtc="0" executionErrorCount="0" executionWarningCount="0" failureCount="0" id="root:plans:Mayur-2-ShopFloor:RSTK-9710-CRUD operation on Work Center Group.testinstance:RSTK-9710-CRUD operation on Work Center Group.testcase:55:906:918:922:924:947" iterationIndex="-1" skippedCount="0" startedUtc="0" successfulCount="0" testClauseName="hidden" testItemClass="ITestClause" title="Steps">
                          <childItems/>
                        </executionItem>
                      </childItems>
                    </executionItem>
                  </childItems>
                </executionItem>
              </childItems>
            </executionItem>
          </childItems>
        </executionItem>
      </childItems>
    </executionItem>
    <executionItem endedUtc="1653590315682" executionErrorCount="0" executionStatus="Executed" executionWarningCount="0" failureCount="0" id="root:plans:Mayur-2-ShopFloor:RSTK-9710-CRUD operation on Work Center Group.testinstance:RSTK-9710-CRUD operation on Work Center Group.testcase:2" iterationIndex="-1" skippedCount="0" startedUtc="1653590233071" successfulCount="1" testApiId="com.provar.plugins.bundled.apis.control.ForEach" testItemClass="IApiCall" title="Read excel data and process record">
      <childItems>
        <executionItem endedUtc="1653590315680" executionErrorCount="0" executionStatus="Executed" executionWarningCount="0" failureCount="0" id="root:plans:Mayur-2-ShopFloor:RSTK-9710-CRUD operation on Work Center Group.testinstance:RSTK-9710-CRUD operation on Work Center Group.testcase:2:3.0" iterationIndex="0" skippedCount="0" startedUtc="1653590233074" successfulCount="1" testClauseName="substeps" testItemClass="ITestClause" title="Iteration 1">
          <childItems>
            <executionItem endedUtc="1653590233869" executionErrorCount="0" executionStatus="Executed" executionWarningCount="0" failureCount="0" id="root:plans:Mayur-2-ShopFloor:RSTK-9710-CRUD operation on Work Center Group.testinstance:RSTK-9710-CRUD operation on Work Center Group.testcase:2:3.0:955" iterationIndex="-1" skippedCount="0" startedUtc="1653590233074" successfulCount="1" testApiId="com.provar.plugins.bundled.apis.control.StepGroup" testItemClass="IApiCall" title="Delete Existing Data">
              <childItems>
                <executionItem endedUtc="1653590233866" executionErrorCount="0" executionStatus="Executed" executionWarningCount="0" failureCount="0" id="root:plans:Mayur-2-ShopFloor:RSTK-9710-CRUD operation on Work Center Group.testinstance:RSTK-9710-CRUD operation on Work Center Group.testcase:2:3.0:955:956" iterationIndex="-1" skippedCount="0" startedUtc="1653590233077" successfulCount="1" testClauseName="hidden" testItemClass="ITestClause" title="Steps">
                  <childItems>
                    <executionItem endedUtc="1653590233864" executionErrorCount="0" executionStatus="Executed" executionWarningCount="0" failureCount="0" id="root:plans:Mayur-2-ShopFloor:RSTK-9710-CRUD operation on Work Center Group.testinstance:RSTK-9710-CRUD operation on Work Center Group.testcase:2:3.0:955:956:957" iterationIndex="-1" skippedCount="0" startedUtc="1653590233077" successfulCount="1" testApiId="com.provar.plugins.forcedotcom.core.testapis.ApexSoqlQuery" testItemClass="IApiCall" title="SOQL Query: select count() from rstk__rtwcgroup__c where name like '{op_create.GroupID}%'=&gt;op_operCount">
                      <childItems/>
                      <logEntries>
                        <logEntry id="1653590233079" messageType="General">Reading a Salesforce object.  Connection Name: SFConnection, Query: select count() from rstk__rtwcgroup__c where name like 'Pro-WCGroup%'</logEntry>
                        <logEntry id="1653590233863" messageType="General">The count query returned 0.</logEntry>
                      </logEntries>
                    </executionItem>
                    <executionItem endedUtc="1653590233866" executionErrorCount="0" executionStatus="Executed" executionWarningCount="0" failureCount="0" id="root:plans:Mayur-2-ShopFloor:RSTK-9710-CRUD operation on Work Center Group.testinstance:RSTK-9710-CRUD operation on Work Center Group.testcase:2:3.0:955:956:958" iterationIndex="-1" skippedCount="0" startedUtc="1653590233864" successfulCount="1" testApiId="com.provar.plugins.bundled.apis.If" testItemClass="IApiCall" title="If: {op_operCount &gt; 0}">
                      <childItems>
                        <executionItem endedUtc="0" executionErrorCount="0" executionWarningCount="0" failureCount="0" id="root:plans:Mayur-2-ShopFloor:RSTK-9710-CRUD operation on Work Center Group.testinstance:RSTK-9710-CRUD operation on Work Center Group.testcase:2:3.0:955:956:958:959" iterationIndex="-1" skippedCount="0" startedUtc="0" successfulCount="0" testClauseName="then" testItemClass="ITestClause" title="Then">
                          <childItems>
                            <executionItem endedUtc="0" executionErrorCount="0" executionWarningCount="0" failureCount="0" id="root:plans:Mayur-2-ShopFloor:RSTK-9710-CRUD operation on Work Center Group.testinstance:RSTK-9710-CRUD operation on Work Center Group.testcase:2:3.0:955:956:958:959:960" iterationIndex="-1" skippedCount="0" startedUtc="0" successfulCount="0" testApiId="com.provar.plugins.forcedotcom.core.testapis.ApexSoqlQuery" testItemClass="IApiCall" title="SOQL Query: select ID from rstk__rtwcgroup__c where name like '{op_create.GroupID}%'=&gt;op_operCount">
                              <childItems/>
                            </executionItem>
                            <executionItem endedUtc="0" executionErrorCount="0" executionWarningCount="0" failureCount="0" id="root:plans:Mayur-2-ShopFloor:RSTK-9710-CRUD operation on Work Center Group.testinstance:RSTK-9710-CRUD operation on Work Center Group.testcase:2:3.0:955:956:958:959:961" iterationIndex="-1" skippedCount="0" startedUtc="0" successfulCount="0" testApiId="com.provar.plugins.bundled.apis.control.ForEach" testItemClass="IApiCall" title="For Each: {op_operCount}=&gt;op_operCountD">
                              <childItems/>
                            </executionItem>
                          </childItems>
                        </executionItem>
                      </childItems>
                    </executionItem>
                  </childItems>
                </executionItem>
              </childItems>
            </executionItem>
            <executionItem endedUtc="1653590282225" executionErrorCount="0" executionStatus="Executed" executionWarningCount="0" failureCount="0" id="root:plans:Mayur-2-ShopFloor:RSTK-9710-CRUD operation on Work Center Group.testinstance:RSTK-9710-CRUD operation on Work Center Group.testcase:2:3.0:34" iterationIndex="-1" skippedCount="0" startedUtc="1653590233869" successfulCount="1" testApiId="com.provar.plugins.bundled.apis.control.StepGroup" testItemClass="IApiCall" title="Create record">
              <childItems>
                <executionItem endedUtc="1653590282223" executionErrorCount="0" executionStatus="Executed" executionWarningCount="0" failureCount="0" id="root:plans:Mayur-2-ShopFloor:RSTK-9710-CRUD operation on Work Center Group.testinstance:RSTK-9710-CRUD operation on Work Center Group.testcase:2:3.0:34:35" iterationIndex="-1" skippedCount="0" startedUtc="1653590233871" successfulCount="1" testClauseName="hidden" testItemClass="ITestClause" title="Steps">
                  <childItems>
                    <executionItem endedUtc="1653590260216" executionErrorCount="0" executionStatus="Executed" executionWarningCount="0" failureCount="0" id="root:plans:Mayur-2-ShopFloor:RSTK-9710-CRUD operation on Work Center Group.testinstance:RSTK-9710-CRUD operation on Work Center Group.testcase:2:3.0:34:35:5" iterationIndex="-1" skippedCount="0" startedUtc="1653590233871" successfulCount="1" testApiId="com.provar.plugins.forcedotcom.core.ui.UiWithScreen" testItemClass="IApiCall" title="On SF Rootstock Site Map tab">
                      <childItems>
                        <executionItem endedUtc="1653590256978" executionErrorCount="0" executionStatus="Executed" executionWarningCount="0" failureCount="0" id="root:plans:Mayur-2-ShopFloor:RSTK-9710-CRUD operation on Work Center Group.testinstance:RSTK-9710-CRUD operation on Work Center Group.testcase:2:3.0:34:35:5:6" iterationIndex="-1" skippedCount="0" startedUtc="1653590256081" successfulCount="1" testClauseName="substeps" testItemClass="ITestClause" title="Sub Steps">
                          <childItems>
                            <executionItem endedUtc="1653590256978" executionErrorCount="0" executionStatus="Executed" executionWarningCount="0" failureCount="0" id="root:plans:Mayur-2-ShopFloor:RSTK-9710-CRUD operation on Work Center Group.testinstance:RSTK-9710-CRUD operation on Work Center Group.testcase:2:3.0:34:35:5:6:7" iterationIndex="-1" skippedCount="0" startedUtc="1653590256081" successfulCount="1" testApiId="com.provar.plugins.forcedotcom.core.ui.UiDoAction" testItemClass="IApiCall" title="Click the Work Center Group button">
                              <childItems/>
                              <logEntries>
                                <logEntry id="1653590256083" messageType="General">Start of Interact.  Connection: SFConnection, Locator: ui:locator?name=workCenterGroup, before wait: default, after wait: default, auto retry: default</logEntry>
                                <logEntry id="1653590256160" messageType="General">Locator: ui:locator?name=workCenterGroup</logEntry>
                                <logEntry id="1653590256161" messageType="General">Interaction: ui:interaction?name=action</logEntry>
                                <logEntry id="1653590256212" messageType="General">Switched focus to main window.  URL: https://automationtesting2--rstk.visualforce.com/apex/Manufacturing?sfdc.tabName=01r5f000000Ptu4</logEntry>
                                <logEntry id="1653590256366" messageType="General">Doing before wait.  waitUrl: default</logEntry>
                                <logEntry id="1653590256366" messageType="General">End of &amp;lt;default&amp;gt; wait.</logEntry>
                                <logEntry id="1653590256366" messageType="General">Doing after wait.  waitUrl: default</logEntry>
                                <logEntry id="1653590256854" messageType="General">Clicking WebElement.  WebElement [tag: a, text: Work Center Group, href: https://automationtesting2--rstk.visualforce.com/a4v?retURL=%2Fapex%2Frstk__Manufacturing%3Fsfdc.tabName%3D01r5f000000Ptu4]</logEntry>
                                <logEntry id="1653590256916" messageType="General">Doing after wait.  waitUrl: default</logEntry>
                                <logEntry id="1653590256917" messageType="General">End of &amp;lt;default&amp;gt; wait.</logEntry>
                                <logEntry id="1653590256917" messageType="General">Going to update browser window handles.</logEntry>
                                <logEntry id="1653590256917" logLevel="Debug" messageType="General">Update browser window handles.</logEntry>
                                <logEntry id="1653590256977" logLevel="Update" messageType="General">Successfully updated browser window handles.</logEntry>
                              </logEntries>
                            </executionItem>
                          </childItems>
                        </executionItem>
                      </childItems>
                      <logEntries>
                        <logEntry id="1653590233873" messageType="General">Start of With Screen.  Connection Name: SFConnection, target: sf:ui:target?application=rstk__Force_com&amp;pageObject=pageobjects.rstk__Manufacturing&amp;tab=rstk__Rootstock_Site_Map</logEntry>
                        <logEntry id="1653590233877" messageType="General">Opening Chrome webdriver instance to https://automationtesting2.my.salesforce.com/secur/frontdoor.jsp</logEntry>
                        <logEntry id="1653590233877" logLevel="Debug" messageType="General">Add Chrome browser specific capabilities</logEntry>
                        <logEntry id="1653590233877" logLevel="Trace" messageType="General">Using executable from UserHome Provar.  executable: C:\\Users\\Mayur\\Provar\\.chromeDriver\\chromedriver.exe</logEntry>
                        <logEntry id="1653590233881" logLevel="Trace" messageType="General">Added Chrome command line switch to bypass proxy for local addresses: --proxy-bypass-list=localhost,127.0.0.1,192.168.1.14</logEntry>
                        <logEntry id="1653590233881" logLevel="Trace" messageType="General">Added desired capability for Chrome browser proxy Null</logEntry>
                        <logEntry id="1653590233882" logLevel="Trace" messageType="General">Using executable from UserHome Provar.  executable: C:\\Users\\Mayur\\Provar\\.chromeDriver\\chromedriver.exe</logEntry>
                        <logEntry id="1653590235391" logLevel="Update" messageType="General">Successfully opened Chrome webdriver to https://automationtesting2.my.salesforce.com/secur/frontdoor.jsp</logEntry>
                        <logEntry id="1653590235934" messageType="General">Opening Page context.  Name: screen, data: null, frame: null</logEntry>
                        <logEntry id="1653590237247" messageType="General">Opening Salesforce Tab.  Tab Name: rstk__Rootstock_Site_Map, Url: https://automationtesting2.my.salesforce.com/servlet/servlet.Integration?lid=01r5f000000Ptu4&amp;ic=1&amp;linkToken=VmpFPSxNakF5TWkwd05TMHlObFF4TnpvMU9EbzBOQzQzTmpWYSxYclJCU3JxX3lrNEZDLXlpeENIMWlNLFlXWmtNR0po</logEntry>
                        <logEntry id="1653590237263" messageType="General">Opening Salesforce user home page</logEntry>
                        <logEntry id="1653590238045" logLevel="Debug" messageType="General">Navigate to home page</logEntry>
                        <logEntry id="1653590238065" logLevel="Trace" messageType="General">Opening page.  URL: https://automationtesting2.my.salesforce.com/secur/frontdoor.jsp?retURL=/home/home.jsp?tsid=02u5f000000R3zG&amp;sid={accessToken}</logEntry>
                        <logEntry id="1653590244020" logLevel="Debug" messageType="General">Perform page load wait</logEntry>
                        <logEntry id="1653590245023" logLevel="Trace" messageType="General">Start of waitForPageToLoad. Timeout(ms): 90000</logEntry>
                        <logEntry id="1653590245062" logLevel="Trace" messageType="General">Re-attempting of waitForPageToLoad.  Timeout(ms): 90000</logEntry>
                        <logEntry id="1653590245091" logLevel="Trace" messageType="General">End of waitForPageToLoad.  Duration(ms): 68</logEntry>
                        <logEntry id="1653590245186" logLevel="Trace" messageType="General">Opening page.  URL: https://automationtesting2.my.salesforce.com/servlet/servlet.Integration?lid=01r5f000000Ptu4&amp;ic=1&amp;linkToken=VmpFPSxNakF5TWkwd05TMHlObFF4TnpvMU9EbzBOQzQzTmpWYSxYclJCU3JxX3lrNEZDLXlpeENIMWlNLFlXWmtNR0po</logEntry>
                        <logEntry id="1653590250850" logLevel="Debug" messageType="General">Perform page load wait</logEntry>
                        <logEntry id="1653590250911" logLevel="Update" messageType="General">Successfully opened user home page</logEntry>
                        <logEntry id="1653590255963" messageType="General">Going to update browser window handles.</logEntry>
                        <logEntry id="1653590255963" logLevel="Debug" messageType="General">Update browser window handles.</logEntry>
                        <logEntry id="1653590256080" logLevel="Update" messageType="General">Successfully updated browser window handles.</logEntry>
                        <logEntry id="1653590256980" messageType="General">All Sub-Test Steps were successful.</logEntry>
                        <logEntry id="1653590257057" messageType="General">Closing Page context.  Name: screen, data: null, frame: null</logEntry>
                        <logEntry id="1653590257058" messageType="General">Main window reselected.  Window: main</logEntry>
                        <logEntry id="1653590258134" messageType="General">Switched focus to main window.  URL: https://automationtesting2.my.salesforce.com/a4v?retURL=%2Fapex%2Frstk__Manufacturing%3Fsfdc.tabName%3D01r5f000000Ptu4</logEntry>
                        <logEntry id="1653590260140" messageType="General">Going to update browser window handles.</logEntry>
                        <logEntry id="1653590260140" logLevel="Debug" messageType="General">Update browser window handles.</logEntry>
                        <logEntry id="1653590260216" logLevel="Update" messageType="General">Successfully updated browser window handles.</logEntry>
                      </logEntries>
                    </executionItem>
                    <executionItem endedUtc="0" executionErrorCount="0" executionStatus="Executed" executionWarningCount="0" failureCount="0" id="root:plans:Mayur-2-ShopFloor:RSTK-9710-CRUD operation on Work Center Group.testinstance:RSTK-9710-CRUD operation on Work Center Group.testcase:2:3.0:34:35:8" iterationIndex="-1" skippedCount="1" startedUtc="1653590260216" successfulCount="0" testApiId="com.provar.plugins.forcedotcom.core.ui.UiWithScreen" testItemClass="IApiCall" title="On SF Work Center Group New screen">
                      <childItems>
                        <executionItem endedUtc="0" executionErrorCount="0" executionWarningCount="0" failureCount="0" id="root:plans:Mayur-2-ShopFloor:RSTK-9710-CRUD operation on Work Center Group.testinstance:RSTK-9710-CRUD operation on Work Center Group.testcase:2:3.0:34:35:8:9" iterationIndex="-1" skippedCount="0" startedUtc="0" successfulCount="0" testClauseName="substeps" testItemClass="ITestClause" title="Sub Steps">
                          <childItems/>
                        </executionItem>
                      </childItems>
                    </executionItem>
                    <executionItem endedUtc="1653590282223" executionErrorCount="0" executionStatus="Executed" executionWarningCount="0" failureCount="0" id="root:plans:Mayur-2-ShopFloor:RSTK-9710-CRUD operation on Work Center Group.testinstance:RSTK-9710-CRUD operation on Work Center Group.testcase:2:3.0:34:35:16" iterationIndex="-1" skippedCount="0" startedUtc="1653590260216" successfulCount="1" testApiId="com.provar.plugins.forcedotcom.core.ui.UiWithScreen" testItemClass="IApiCall" title="On SF rstk__rtwcgroup page with pageobject Rstk__rtwcgroup">
                      <childItems>
                        <executionItem endedUtc="1653590279429" executionErrorCount="0" executionStatus="Executed" executionWarningCount="0" failureCount="0" id="root:plans:Mayur-2-ShopFloor:RSTK-9710-CRUD operation on Work Center Group.testinstance:RSTK-9710-CRUD operation on Work Center Group.testcase:2:3.0:34:35:16:17" iterationIndex="-1" skippedCount="0" startedUtc="1653590266560" successfulCount="1" testClauseName="substeps" testItemClass="ITestClause" title="Sub Steps">
                          <childItems>
                            <executionItem endedUtc="1653590267367" executionErrorCount="0" executionStatus="Executed" executionWarningCount="0" failureCount="0" id="root:plans:Mayur-2-ShopFloor:RSTK-9710-CRUD operation on Work Center Group.testinstance:RSTK-9710-CRUD operation on Work Center Group.testcase:2:3.0:34:35:16:17:18" iterationIndex="-1" skippedCount="0" startedUtc="1653590266561" successfulCount="1" testApiId="com.provar.plugins.forcedotcom.core.ui.UiDoAction" testItemClass="IApiCall" title="Set the Group ID field to Pro-WCGroup">
                              <childItems/>
                              <logEntries>
                                <logEntry id="1653590266562" messageType="General">Start of Interact.  Connection: SFConnection, Locator: ui:locator?name=groupID, before wait: default, after wait: default, auto retry: default</logEntry>
                                <logEntry id="1653590266638" messageType="General">Locator: ui:locator?name=groupID</logEntry>
                                <logEntry id="1653590266639" messageType="General">Interaction: ui:interaction?name=set</logEntry>
                                <logEntry id="1653590266703" messageType="General">Switched focus to main window.  URL: https://automationtesting2--rstk.visualforce.com/apex/rtwcgroup</logEntry>
                                <logEntry id="1653590266787" messageType="General">Doing before wait.  waitUrl: default</logEntry>
                                <logEntry id="1653590266787" messageType="General">End of &amp;lt;default&amp;gt; wait.</logEntry>
                                <logEntry id="1653590266787" messageType="General">Doing after wait.  waitUrl: default</logEntry>
                                <logEntry id="1653590266833" messageType="General">Got webElement.  tagName: INPUT, id: pg:fm:pb:pbs_main:j_id258:rtwcgroup_group__c, type: text, selector: null</logEntry>
                                <logEntry id="1653590267043" messageType="General">Typing value.  tagName: INPUT, type: text, value: Pro-WCGroup, blur: false, selector: null</logEntry>
                                <logEntry id="1653590267306" messageType="General">Doing after wait.  waitUrl: default</logEntry>
                                <logEntry id="1653590267306" messageType="General">End of &amp;lt;default&amp;gt; wait.</logEntry>
                                <logEntry id="1653590267307" messageType="General">Going to update browser window handles.</logEntry>
                                <logEntry id="1653590267307" logLevel="Debug" messageType="General">Update browser window handles.</logEntry>
                                <logEntry id="1653590267366" logLevel="Update" messageType="General">Successfully updated browser window handles.</logEntry>
                              </logEntries>
                            </executionItem>
                            <executionItem endedUtc="1653590268564" executionErrorCount="0" executionStatus="Executed" executionWarningCount="0" failureCount="0" id="root:plans:Mayur-2-ShopFloor:RSTK-9710-CRUD operation on Work Center Group.testinstance:RSTK-9710-CRUD operation on Work Center Group.testcase:2:3.0:34:35:16:17:19" iterationIndex="-1" skippedCount="0" startedUtc="1653590267367" successfulCount="1" testApiId="com.provar.plugins.forcedotcom.core.ui.UiDoAction" testItemClass="IApiCall" title="Set the Description field to Provar Test">
                              <childItems/>
                              <logEntries>
                                <logEntry id="1653590267372" messageType="General">Start of Interact.  Connection: SFConnection, Locator: ui:locator?name=description, before wait: default, after wait: default, auto retry: default</logEntry>
                                <logEntry id="1653590267446" messageType="General">Locator: ui:locator?name=description</logEntry>
                                <logEntry id="1653590267446" messageType="General">Interaction: ui:interaction?name=set</logEntry>
                                <logEntry id="1653590267513" messageType="General">Switched focus to main window.  URL: https://automationtesting2--rstk.visualforce.com/apex/rtwcgroup</logEntry>
                                <logEntry id="1653590267594" messageType="General">Doing before wait.  waitUrl: default</logEntry>
                                <logEntry id="1653590267594" messageType="General">End of &amp;lt;default&amp;gt; wait.</logEntry>
                                <logEntry id="1653590267594" messageType="General">Doing after wait.  waitUrl: default</logEntry>
                                <logEntry id="1653590267639" messageType="General">Got webElement.  tagName: INPUT, id: pg:fm:pb:pbs_main:j_id262:rtwcgroup_desc__c, type: text, selector: null</logEntry>
                                <logEntry id="1653590267790" messageType="General">Typing value.  tagName: INPUT, type: text, value: Provar Test, blur: false, selector: null</logEntry>
                                <logEntry id="1653590268498" messageType="General">Doing after wait.  waitUrl: default</logEntry>
                                <logEntry id="1653590268498" messageType="General">End of &amp;lt;default&amp;gt; wait.</logEntry>
                                <logEntry id="1653590268498" messageType="General">Going to update browser window handles.</logEntry>
                                <logEntry id="1653590268498" logLevel="Debug" messageType="General">Update browser window handles.</logEntry>
                                <logEntry id="1653590268564" logLevel="Update" messageType="General">Successfully updated browser window handles.</logEntry>
                              </logEntries>
                            </executionItem>
                            <executionItem endedUtc="1653590269346" executionErrorCount="0" executionStatus="Executed" executionWarningCount="0" failureCount="0" id="root:plans:Mayur-2-ShopFloor:RSTK-9710-CRUD operation on Work Center Group.testinstance:RSTK-9710-CRUD operation on Work Center Group.testcase:2:3.0:34:35:16:17:20" iterationIndex="-1" skippedCount="0" startedUtc="1653590268564" successfulCount="1" testApiId="com.provar.plugins.forcedotcom.core.ui.UiDoAction" testItemClass="IApiCall" title="Set the Comments field to Test comments">
                              <childItems/>
                              <logEntries>
                                <logEntry id="1653590268567" messageType="General">Start of Interact.  Connection: SFConnection, Locator: ui:locator?name=comments, before wait: default, after wait: default, auto retry: default</logEntry>
                                <logEntry id="1653590268642" messageType="General">Locator: ui:locator?name=comments</logEntry>
                                <logEntry id="1653590268642" messageType="General">Interaction: ui:interaction?name=set</logEntry>
                                <logEntry id="1653590268705" messageType="General">Switched focus to main window.  URL: https://automationtesting2--rstk.visualforce.com/apex/rtwcgroup</logEntry>
                                <logEntry id="1653590268805" messageType="General">Doing before wait.  waitUrl: default</logEntry>
                                <logEntry id="1653590268805" messageType="General">End of &amp;lt;default&amp;gt; wait.</logEntry>
                                <logEntry id="1653590268805" messageType="General">Doing after wait.  waitUrl: default</logEntry>
                                <logEntry id="1653590268860" messageType="General">Got webElement.  tagName: TEXTAREA, id: pg:fm:pb:pbs_main:j_id264:rtwcgroup_comments__c, type: text, selector: null</logEntry>
                                <logEntry id="1653590269002" messageType="General">Typing value.  tagName: TEXTAREA, type: text, value: Test comments, blur: false, selector: null</logEntry>
                                <logEntry id="1653590269285" messageType="General">Doing after wait.  waitUrl: default</logEntry>
                                <logEntry id="1653590269285" messageType="General">End of &amp;lt;default&amp;gt; wait.</logEntry>
                                <logEntry id="1653590269285" messageType="General">Going to update browser window handles.</logEntry>
                                <logEntry id="1653590269285" logLevel="Debug" messageType="General">Update browser window handles.</logEntry>
                                <logEntry id="1653590269346" logLevel="Update" messageType="General">Successfully updated browser window handles.</logEntry>
                              </logEntries>
                            </executionItem>
                            <executionItem endedUtc="1653590269919" executionErrorCount="0" executionStatus="Executed" executionWarningCount="0" failureCount="0" id="root:plans:Mayur-2-ShopFloor:RSTK-9710-CRUD operation on Work Center Group.testinstance:RSTK-9710-CRUD operation on Work Center Group.testcase:2:3.0:34:35:16:17:21" iterationIndex="-1" skippedCount="0" startedUtc="1653590269346" successfulCount="1" testApiId="com.provar.plugins.forcedotcom.core.ui.UiDoAction" testItemClass="IApiCall" title="Click the Save button">
                              <childItems/>
                              <logEntries>
                                <logEntry id="1653590269346" messageType="General">Start of Interact.  Connection: SFConnection, Locator: ui:locator?name=save, before wait: default, after wait: default, auto retry: default</logEntry>
                                <logEntry id="1653590269413" messageType="General">Locator: ui:locator?name=save</logEntry>
                                <logEntry id="1653590269413" messageType="General">Interaction: ui:interaction?name=action</logEntry>
                                <logEntry id="1653590269481" messageType="General">Switched focus to main window.  URL: https://automationtesting2--rstk.visualforce.com/apex/rtwcgroup</logEntry>
                                <logEntry id="1653590269513" messageType="General">Doing before wait.  waitUrl: default</logEntry>
                                <logEntry id="1653590269513" messageType="General">End of &amp;lt;default&amp;gt; wait.</logEntry>
                                <logEntry id="1653590269513" messageType="General">Doing after wait.  waitUrl: default</logEntry>
                                <logEntry id="1653590269806" messageType="General">Clicking WebElement.  WebElement [tag: input, text: Save]</logEntry>
                                <logEntry id="1653590269859" messageType="General">Doing after wait.  waitUrl: default</logEntry>
                                <logEntry id="1653590269860" messageType="General">End of &amp;lt;default&amp;gt; wait.</logEntry>
                                <logEntry id="1653590269860" messageType="General">Going to update browser window handles.</logEntry>
                                <logEntry id="1653590269860" logLevel="Debug" messageType="General">Update browser window handles.</logEntry>
                                <logEntry id="1653590269917" logLevel="Update" messageType="General">Successfully updated browser window handles.</logEntry>
                              </logEntries>
                            </executionItem>
                            <executionItem endedUtc="1653590279429" executionErrorCount="0" executionStatus="Executed" executionWarningCount="0" failureCount="0" id="root:plans:Mayur-2-ShopFloor:RSTK-9710-CRUD operation on Work Center Group.testinstance:RSTK-9710-CRUD operation on Work Center Group.testcase:2:3.0:34:35:16:17:23" iterationIndex="-1" skippedCount="0" startedUtc="1653590269919" successfulCount="1" testApiId="com.provar.plugins.forcedotcom.core.ui.UiAssert" testItemClass="IApiCall" title="UI Assert">
                              <childItems/>
                              <logEntries>
                                <logEntry id="1653590269922" messageType="General">Start of UiAssert.  Connection: SFConnection</logEntry>
                                <logEntry id="1653590269997" messageType="General">Resolving field groupID1</logEntry>
                                <logEntry id="1653590277745" messageType="General">Switched focus to main window.  URL: https://automationtesting2--rstk.visualforce.com/apex/rtwcgroup?actionType=view&amp;id=a4v5f000001uirw</logEntry>
                                <logEntry id="1653590277745" messageType="General">Doing before wait.  waitUrl: default</logEntry>
                                <logEntry id="1653590277745" messageType="General">End of &amp;lt;default&amp;gt; wait.</logEntry>
                                <logEntry id="1653590278657" messageType="General">Switched focus to main window.  URL: https://automationtesting2--rstk.visualforce.com/apex/rtwcgroup?actionType=view&amp;id=a4v5f000001uirw</logEntry>
                                <logEntry id="1653590279380" messageType="General">Asserting field attributes: groupID1</logEntry>
                                <logEntry id="1653590279380" messageType="General">Asserting Attribute: value to PrimitiveValueImpl [ value: Pro-WCGroup, valueId=117d, createdUpdateSeq=1825, updatedUpdateSeq=1825]</logEntry>
                                <logEntry id="1653590279380" messageType="AssertionSuccessful">Assertion successful.PRO-WCGROUP EqualTo Pro-WCGroup</logEntry>
                                <logEntry id="1653590279380" messageType="General">Object read successfully.  Result Name: op_wcGroupID</logEntry>
                                <logEntry id="1653590279381" messageType="General">Going to update browser window handles.</logEntry>
                                <logEntry id="1653590279381" logLevel="Debug" messageType="General">Update browser window handles.</logEntry>
                                <logEntry id="1653590279428" logLevel="Update" messageType="General">Successfully updated browser window handles.</logEntry>
                              </logEntries>
                            </executionItem>
                          </childItems>
                        </executionItem>
                      </childItems>
                      <logEntries>
                        <logEntry id="1653590260216" messageType="General">Start of With Screen.  Connection Name: SFConnection, target: sf:ui:target?page=rstk__rtwcgroup&amp;pageObject=pageobjects.rstk__rtwcgroup</logEntry>
                        <logEntry id="1653590260311" messageType="General">Opening Page context.  Name: screen, data: null, frame: null</logEntry>
                        <logEntry id="1653590260327" messageType="General">Opening Salesforce Page.  Page Name: rstk__rtwcgroup, Url: /apex/rstk__rtwcgroup</logEntry>
                        <logEntry id="1653590260327" messageType="General">Opening Salesforce user home page</logEntry>
                        <logEntry id="1653590261382" logLevel="Debug" messageType="General">Navigate to home page</logEntry>
                        <logEntry id="1653590261398" logLevel="Trace" messageType="General">Qualified relative URL.  URL: https://automationtesting2.my.salesforce.com/apex/rstk__rtwcgroup</logEntry>
                        <logEntry id="1653590261398" logLevel="Trace" messageType="General">Opening page.  Requested URL: /apex/rstk__rtwcgroup, Absolute URL: https://automationtesting2.my.salesforce.com/apex/rstk__rtwcgroup?//automationtesting2.my.salesforce.com/apex/rstk__rtwcgroup=</logEntry>
                        <logEntry id="1653590266325" logLevel="Debug" messageType="General">Perform page load wait</logEntry>
                        <logEntry id="1653590266391" logLevel="Update" messageType="General">Successfully opened user home page</logEntry>
                        <logEntry id="1653590266510" messageType="General">Going to update browser window handles.</logEntry>
                        <logEntry id="1653590266510" logLevel="Debug" messageType="General">Update browser window handles.</logEntry>
                        <logEntry id="1653590266560" logLevel="Update" messageType="General">Successfully updated browser window handles.</logEntry>
                        <logEntry id="1653590279435" messageType="General">All Sub-Test Steps were successful.</logEntry>
                        <logEntry id="1653590279492" messageType="General">Closing Page context.  Name: screen, data: null, frame: null</logEntry>
                        <logEntry id="1653590279492" messageType="General">Main window reselected.  Window: main</logEntry>
                        <logEntry id="1653590279557" messageType="General">Switched focus to main window.  URL: https://automationtesting2--rstk.visualforce.com/apex/rtwcgroup?actionType=view&amp;id=a4v5f000001uirw</logEntry>
                        <logEntry id="1653590282145" messageType="General">Going to update browser window handles.</logEntry>
                        <logEntry id="1653590282145" logLevel="Debug" messageType="General">Update browser window handles.</logEntry>
                        <logEntry id="1653590282222" logLevel="Update" messageType="General">Successfully updated browser window handles.</logEntry>
                      </logEntries>
                    </executionItem>
                  </childItems>
                </executionItem>
              </childItems>
            </executionItem>
            <executionItem endedUtc="1653590282281" executionErrorCount="0" executionStatus="Executed" executionWarningCount="0" failureCount="0" id="root:plans:Mayur-2-ShopFloor:RSTK-9710-CRUD operation on Work Center Group.testinstance:RSTK-9710-CRUD operation on Work Center Group.testcase:2:3.0:934" iterationIndex="-1" skippedCount="0" startedUtc="1653590282231" successfulCount="1" testApiId="com.provar.plugins.bundled.apis.If" testItemClass="IApiCall" title="If: {GetSelectedEnvironment() = &quot;PDE5&quot;}">
              <childItems>
                <executionItem endedUtc="0" executionErrorCount="0" executionWarningCount="0" failureCount="0" id="root:plans:Mayur-2-ShopFloor:RSTK-9710-CRUD operation on Work Center Group.testinstance:RSTK-9710-CRUD operation on Work Center Group.testcase:2:3.0:934:935" iterationIndex="-1" skippedCount="0" startedUtc="0" successfulCount="0" testClauseName="then" testItemClass="ITestClause" title="Then">
                  <childItems>
                    <executionItem endedUtc="0" executionErrorCount="0" executionWarningCount="0" failureCount="0" id="root:plans:Mayur-2-ShopFloor:RSTK-9710-CRUD operation on Work Center Group.testinstance:RSTK-9710-CRUD operation on Work Center Group.testcase:2:3.0:934:935:944" iterationIndex="-1" skippedCount="0" startedUtc="0" successfulCount="0" testApiId="com.provar.plugins.bundled.apis.control.StepGroup" testItemClass="IApiCall" title="Read Excel Data">
                      <childItems>
                        <executionItem endedUtc="0" executionErrorCount="0" executionWarningCount="0" failureCount="0" id="root:plans:Mayur-2-ShopFloor:RSTK-9710-CRUD operation on Work Center Group.testinstance:RSTK-9710-CRUD operation on Work Center Group.testcase:2:3.0:934:935:944:941" iterationIndex="-1" skippedCount="0" startedUtc="0" successfulCount="0" testClauseName="hidden" testItemClass="ITestClause" title="Steps">
                          <childItems/>
                        </executionItem>
                      </childItems>
                    </executionItem>
                  </childItems>
                </executionItem>
                <executionItem endedUtc="1653590282281" executionErrorCount="0" executionStatus="Executed" executionWarningCount="0" failureCount="0" id="root:plans:Mayur-2-ShopFloor:RSTK-9710-CRUD operation on Work Center Group.testinstance:RSTK-9710-CRUD operation on Work Center Group.testcase:2:3.0:934:936" iterationIndex="-1" skippedCount="0" startedUtc="1653590282240" successfulCount="1" testClauseName="else" testItemClass="ITestClause" title="Else">
                  <childItems>
                    <executionItem endedUtc="1653590282281" executionErrorCount="0" executionStatus="Executed" executionWarningCount="0" failureCount="0" id="root:plans:Mayur-2-ShopFloor:RSTK-9710-CRUD operation on Work Center Group.testinstance:RSTK-9710-CRUD operation on Work Center Group.testcase:2:3.0:934:936:937" iterationIndex="-1" skippedCount="0" startedUtc="1653590282245" successfulCount="1" testApiId="com.provar.plugins.bundled.apis.If" testItemClass="IApiCall" title="If: {GetSelectedEnvironment() = &quot;AutomationOrg&quot;}">
                      <childItems>
                        <executionItem endedUtc="1653590282281" executionErrorCount="0" executionStatus="Executed" executionWarningCount="0" failureCount="0" id="root:plans:Mayur-2-ShopFloor:RSTK-9710-CRUD operation on Work Center Group.testinstance:RSTK-9710-CRUD operation on Work Center Group.testcase:2:3.0:934:936:937:938" iterationIndex="-1" skippedCount="0" startedUtc="1653590282253" successfulCount="1" testClauseName="then" testItemClass="ITestClause" title="Then">
                          <childItems>
                            <executionItem endedUtc="1653590282281" executionErrorCount="0" executionStatus="Executed" executionWarningCount="0" failureCount="0" id="root:plans:Mayur-2-ShopFloor:RSTK-9710-CRUD operation on Work Center Group.testinstance:RSTK-9710-CRUD operation on Work Center Group.testcase:2:3.0:934:936:937:938:942" iterationIndex="-1" skippedCount="0" startedUtc="1653590282275" successfulCount="1" testApiId="com.provar.plugins.bundled.apis.control.StepGroup" testItemClass="IApiCall" title="Read Excel Data">
                              <childItems>
                                <executionItem endedUtc="1653590282281" executionErrorCount="0" executionStatus="Executed" executionWarningCount="0" failureCount="0" id="root:plans:Mayur-2-ShopFloor:RSTK-9710-CRUD operation on Work Center Group.testinstance:RSTK-9710-CRUD operation on Work Center Group.testcase:2:3.0:934:936:937:938:942:945" iterationIndex="-1" skippedCount="0" startedUtc="1653590282281" successfulCount="1" testClauseName="hidden" testItemClass="ITestClause" title="Steps">
                                  <childItems/>
                                </executionItem>
                              </childItems>
                              <logEntries>
                                <logEntry id="1653590282275" messageType="ParameterValueSource">Loading data from Parameter Value Source ...</logEntry>
                                <logEntry id="1653590282281" messageType="General">Loading Parameter Value Source row 1:</logEntry>
                                <logEntry id="1653590282281" messageType="General">==Column=&gt; RowNumber = PrimitiveValueImpl [ value: 2, valueId=null, createdUpdateSeq=-1, updatedUpdateSeq=-1]</logEntry>
                                <logEntry id="1653590282281" messageType="General">==Column=&gt; GroupID = PrimitiveValueImpl [ value: Pro-WCGroup, valueId=null, createdUpdateSeq=-1, updatedUpdateSeq=-1]</logEntry>
                                <logEntry id="1653590282281" messageType="General">==Column=&gt; Description = PrimitiveValueImpl [ value: Update, valueId=null, createdUpdateSeq=-1, updatedUpdateSeq=-1]</logEntry>
                                <logEntry id="1653590282281" messageType="General">==Column=&gt; Comments = PrimitiveValueImpl [ value: Test comments, valueId=null, createdUpdateSeq=-1, updatedUpdateSeq=-1]</logEntry>
                                <logEntry id="1653590282281" logLevel="Update" messageType="General">Loaded 1 rows from Parameter Value Source.</logEntry>
                              </logEntries>
                            </executionItem>
                          </childItems>
                          <logEntries>
                            <logEntry id="1653590282253" messageType="ParameterValueSource">Loading data from Parameter Value Source ...</logEntry>
                            <logEntry id="1653590282274" messageType="General">Loading Parameter Value Source row 1:</logEntry>
                            <logEntry id="1653590282274" messageType="General">==Column=&gt; RowNumber = PrimitiveValueImpl [ value: 2, valueId=null, createdUpdateSeq=-1, updatedUpdateSeq=-1]</logEntry>
                            <logEntry id="1653590282274" messageType="General">==Column=&gt; GroupID = PrimitiveValueImpl [ value: Pro-WCGroup, valueId=null, createdUpdateSeq=-1, updatedUpdateSeq=-1]</logEntry>
                            <logEntry id="1653590282274" messageType="General">==Column=&gt; Description = PrimitiveValueImpl [ value: Update, valueId=null, createdUpdateSeq=-1, updatedUpdateSeq=-1]</logEntry>
                            <logEntry id="1653590282275" messageType="General">==Column=&gt; Comments = PrimitiveValueImpl [ value: Test comments, valueId=null, createdUpdateSeq=-1, updatedUpdateSeq=-1]</logEntry>
                            <logEntry id="1653590282275" logLevel="Update" messageType="General">Loaded 1 rows from Parameter Value Source.</logEntry>
                          </logEntries>
                        </executionItem>
                        <executionItem endedUtc="0" executionErrorCount="0" executionWarningCount="0" failureCount="0" id="root:plans:Mayur-2-ShopFloor:RSTK-9710-CRUD operation on Work Center Group.testinstance:RSTK-9710-CRUD operation on Work Center Group.testcase:2:3.0:934:936:937:939" iterationIndex="-1" skippedCount="0" startedUtc="0" successfulCount="0" testClauseName="else" testItemClass="ITestClause" title="Else">
                          <childItems>
                            <executionItem endedUtc="0" executionErrorCount="0" executionWarningCount="0" failureCount="0" id="root:plans:Mayur-2-ShopFloor:RSTK-9710-CRUD operation on Work Center Group.testinstance:RSTK-9710-CRUD operation on Work Center Group.testcase:2:3.0:934:936:937:939:940" iterationIndex="-1" skippedCount="0" startedUtc="0" successfulCount="0" testApiId="com.provar.plugins.bundled.apis.control.StepGroup" testItemClass="IApiCall" title="Read Excel Data">
                              <childItems>
                                <executionItem endedUtc="0" executionErrorCount="0" executionWarningCount="0" failureCount="0" id="root:plans:Mayur-2-ShopFloor:RSTK-9710-CRUD operation on Work Center Group.testinstance:RSTK-9710-CRUD operation on Work Center Group.testcase:2:3.0:934:936:937:939:940:943" iterationIndex="-1" skippedCount="0" startedUtc="0" successfulCount="0" testClauseName="hidden" testItemClass="ITestClause" title="Steps">
                                  <childItems/>
                                </executionItem>
                              </childItems>
                            </executionItem>
                          </childItems>
                        </executionItem>
                      </childItems>
                    </executionItem>
                  </childItems>
                </executionItem>
              </childItems>
            </executionItem>
            <executionItem endedUtc="1653590303198" executionErrorCount="0" executionStatus="Executed" executionWarningCount="0" failureCount="0" id="root:plans:Mayur-2-ShopFloor:RSTK-9710-CRUD operation on Work Center Group.testinstance:RSTK-9710-CRUD operation on Work Center Group.testcase:2:3.0:24" iterationIndex="-1" skippedCount="0" startedUtc="1653590282281" successfulCount="1" testApiId="com.provar.plugins.bundled.apis.control.ForEach" testItemClass="IApiCall" title="Update Record">
              <childItems>
                <executionItem endedUtc="1653590303198" executionErrorCount="0" executionStatus="Executed" executionWarningCount="0" failureCount="0" id="root:plans:Mayur-2-ShopFloor:RSTK-9710-CRUD operation on Work Center Group.testinstance:RSTK-9710-CRUD operation on Work Center Group.testcase:2:3.0:24:25.0" iterationIndex="0" skippedCount="0" startedUtc="1653590282290" successfulCount="1" testClauseName="substeps" testItemClass="ITestClause" title="Iteration 1">
                  <childItems>
                    <executionItem endedUtc="1653590303198" executionErrorCount="0" executionStatus="Executed" executionWarningCount="0" failureCount="0" id="root:plans:Mayur-2-ShopFloor:RSTK-9710-CRUD operation on Work Center Group.testinstance:RSTK-9710-CRUD operation on Work Center Group.testcase:2:3.0:24:25.0:26" iterationIndex="-1" skippedCount="0" startedUtc="1653590282290" successfulCount="1" testApiId="com.provar.plugins.forcedotcom.core.ui.UiWithScreen" testItemClass="IApiCall" title="On SF rstk__rtwcgroup page with pageobject Rstk__rtwcgroup">
                      <childItems>
                        <executionItem endedUtc="1653590300972" executionErrorCount="0" executionStatus="Executed" executionWarningCount="0" failureCount="0" id="root:plans:Mayur-2-ShopFloor:RSTK-9710-CRUD operation on Work Center Group.testinstance:RSTK-9710-CRUD operation on Work Center Group.testcase:2:3.0:24:25.0:26:27" iterationIndex="-1" skippedCount="0" startedUtc="1653590282454" successfulCount="1" testClauseName="substeps" testItemClass="ITestClause" title="Sub Steps">
                          <childItems>
                            <executionItem endedUtc="1653590282996" executionErrorCount="0" executionStatus="Executed" executionWarningCount="0" failureCount="0" id="root:plans:Mayur-2-ShopFloor:RSTK-9710-CRUD operation on Work Center Group.testinstance:RSTK-9710-CRUD operation on Work Center Group.testcase:2:3.0:24:25.0:26:27:28" iterationIndex="-1" skippedCount="0" startedUtc="1653590282454" successfulCount="1" testApiId="com.provar.plugins.forcedotcom.core.ui.UiDoAction" testItemClass="IApiCall" title="Click the Edit button">
                              <childItems/>
                              <logEntries>
                                <logEntry id="1653590282456" messageType="General">Start of Interact.  Connection: SFConnection, Locator: ui:locator?name=edit, before wait: default, after wait: default, auto retry: default</logEntry>
                                <logEntry id="1653590282532" messageType="General">Locator: ui:locator?name=edit</logEntry>
                                <logEntry id="1653590282532" messageType="General">Interaction: ui:interaction?name=action</logEntry>
                                <logEntry id="1653590282600" messageType="General">Switched focus to main window.  URL: https://automationtesting2--rstk.visualforce.com/apex/rtwcgroup?actionType=view&amp;id=a4v5f000001uirw</logEntry>
                                <logEntry id="1653590282633" messageType="General">Doing before wait.  waitUrl: default</logEntry>
                                <logEntry id="1653590282634" messageType="General">End of &amp;lt;default&amp;gt; wait.</logEntry>
                                <logEntry id="1653590282634" messageType="General">Doing after wait.  waitUrl: default</logEntry>
                                <logEntry id="1653590282891" messageType="General">Clicking WebElement.  WebElement [tag: input, text: Edit]</logEntry>
                                <logEntry id="1653590282936" messageType="General">Doing after wait.  waitUrl: default</logEntry>
                                <logEntry id="1653590282936" messageType="General">End of &amp;lt;default&amp;gt; wait.</logEntry>
                                <logEntry id="1653590282936" messageType="General">Going to update browser window handles.</logEntry>
                                <logEntry id="1653590282936" logLevel="Debug" messageType="General">Update browser window handles.</logEntry>
                                <logEntry id="1653590282995" logLevel="Update" messageType="General">Successfully updated browser window handles.</logEntry>
                              </logEntries>
                            </executionItem>
                            <executionItem endedUtc="1653590287768" executionErrorCount="0" executionStatus="Executed" executionWarningCount="0" failureCount="0" id="root:plans:Mayur-2-ShopFloor:RSTK-9710-CRUD operation on Work Center Group.testinstance:RSTK-9710-CRUD operation on Work Center Group.testcase:2:3.0:24:25.0:26:27:29" iterationIndex="-1" skippedCount="0" startedUtc="1653590282996" successfulCount="1" testApiId="com.provar.plugins.forcedotcom.core.ui.UiDoAction" testItemClass="IApiCall" title="Set the Description field to Provar Test">
                              <childItems/>
                              <logEntries>
                                <logEntry id="1653590282998" messageType="General">Start of Interact.  Connection: SFConnection, Locator: ui:locator?name=description, before wait: default, after wait: default, auto retry: default</logEntry>
                                <logEntry id="1653590283074" messageType="General">Locator: ui:locator?name=description</logEntry>
                                <logEntry id="1653590283074" messageType="General">Interaction: ui:interaction?name=set</logEntry>
                                <logEntry id="1653590287080" messageType="General">Switched focus to main window.  URL: https://automationtesting2--rstk.visualforce.com/apex/rtwcgroup?id=a4v5f000001uirw&amp;sfdc.override=1</logEntry>
                                <logEntry id="1653590287172" messageType="General">Doing before wait.  waitUrl: default</logEntry>
                                <logEntry id="1653590287172" messageType="General">End of &amp;lt;default&amp;gt; wait.</logEntry>
                                <logEntry id="1653590287172" messageType="General">Doing after wait.  waitUrl: default</logEntry>
                                <logEntry id="1653590287219" messageType="General">Got webElement.  tagName: INPUT, id: pg:fm:pb:pbs_main:j_id262:rtwcgroup_desc__c, type: text, selector: null</logEntry>
                                <logEntry id="1653590287450" messageType="General">Typing value.  tagName: INPUT, type: text, value: Provar Test, blur: false, selector: null</logEntry>
                                <logEntry id="1653590287709" messageType="General">Doing after wait.  waitUrl: default</logEntry>
                                <logEntry id="1653590287709" messageType="General">End of &amp;lt;default&amp;gt; wait.</logEntry>
                                <logEntry id="1653590287709" messageType="General">Going to update browser window handles.</logEntry>
                                <logEntry id="1653590287709" logLevel="Debug" messageType="General">Update browser window handles.</logEntry>
                                <logEntry id="1653590287766" logLevel="Update" messageType="General">Successfully updated browser window handles.</logEntry>
                              </logEntries>
                            </executionItem>
                            <executionItem endedUtc="1653590288539" executionErrorCount="0" executionStatus="Executed" executionWarningCount="0" failureCount="0" id="root:plans:Mayur-2-ShopFloor:RSTK-9710-CRUD operation on Work Center Group.testinstance:RSTK-9710-CRUD operation on Work Center Group.testcase:2:3.0:24:25.0:26:27:30" iterationIndex="-1" skippedCount="0" startedUtc="1653590287768" successfulCount="1" testApiId="com.provar.plugins.forcedotcom.core.ui.UiDoAction" testItemClass="IApiCall" title="Set the Comments field to Test comments">
                              <childItems/>
                              <logEntries>
                                <logEntry id="1653590287773" messageType="General">Start of Interact.  Connection: SFConnection, Locator: ui:locator?name=comments, before wait: default, after wait: default, auto retry: default</logEntry>
                                <logEntry id="1653590287854" messageType="General">Locator: ui:locator?name=comments</logEntry>
                                <logEntry id="1653590287854" messageType="General">Interaction: ui:interaction?name=set</logEntry>
                                <logEntry id="1653590287917" messageType="General">Switched focus to main window.  URL: https://automationtesting2--rstk.visualforce.com/apex/rtwcgroup?id=a4v5f000001uirw&amp;sfdc.override=1</logEntry>
                                <logEntry id="1653590287996" messageType="General">Doing before wait.  waitUrl: default</logEntry>
                                <logEntry id="1653590287996" messageType="General">End of &amp;lt;default&amp;gt; wait.</logEntry>
                                <logEntry id="1653590287996" messageType="General">Doing after wait.  waitUrl: default</logEntry>
                                <logEntry id="1653590288043" messageType="General">Got webElement.  tagName: TEXTAREA, id: pg:fm:pb:pbs_main:j_id264:rtwcgroup_comments__c, type: text, selector: null</logEntry>
                                <logEntry id="1653590288200" messageType="General">Typing value.  tagName: TEXTAREA, type: text, value: Test comments, blur: false, selector: null</logEntry>
                                <logEntry id="1653590288480" messageType="General">Doing after wait.  waitUrl: default</logEntry>
                                <logEntry id="1653590288480" messageType="General">End of &amp;lt;default&amp;gt; wait.</logEntry>
                                <logEntry id="1653590288480" messageType="General">Going to update browser window handles.</logEntry>
                                <logEntry id="1653590288480" logLevel="Debug" messageType="General">Update browser window handles.</logEntry>
                                <logEntry id="1653590288539" logLevel="Update" messageType="General">Successfully updated browser window handles.</logEntry>
                              </logEntries>
                            </executionItem>
                            <executionItem endedUtc="1653590289055" executionErrorCount="0" executionStatus="Executed" executionWarningCount="0" failureCount="0" id="root:plans:Mayur-2-ShopFloor:RSTK-9710-CRUD operation on Work Center Group.testinstance:RSTK-9710-CRUD operation on Work Center Group.testcase:2:3.0:24:25.0:26:27:31" iterationIndex="-1" skippedCount="0" startedUtc="1653590288539" successfulCount="1" testApiId="com.provar.plugins.forcedotcom.core.ui.UiDoAction" testItemClass="IApiCall" title="Click the Save button">
                              <childItems/>
                              <logEntries>
                                <logEntry id="1653590288539" messageType="General">Start of Interact.  Connection: SFConnection, Locator: ui:locator?name=save, before wait: default, after wait: default, auto retry: default</logEntry>
                                <logEntry id="1653590288618" messageType="General">Locator: ui:locator?name=save</logEntry>
                                <logEntry id="1653590288618" messageType="General">Interaction: ui:interaction?name=action</logEntry>
                                <logEntry id="1653590288681" messageType="General">Switched focus to main window.  URL: https://automationtesting2--rstk.visualforce.com/apex/rtwcgroup?id=a4v5f000001uirw&amp;sfdc.override=1</logEntry>
                                <logEntry id="1653590288706" messageType="General">Doing before wait.  waitUrl: default</logEntry>
                                <logEntry id="1653590288706" messageType="General">End of &amp;lt;default&amp;gt; wait.</logEntry>
                                <logEntry id="1653590288706" messageType="General">Doing after wait.  waitUrl: default</logEntry>
                                <logEntry id="1653590288962" messageType="General">Clicking WebElement.  WebElement [tag: input, text: Save]</logEntry>
                                <logEntry id="1653590288996" messageType="General">Doing after wait.  waitUrl: default</logEntry>
                                <logEntry id="1653590288997" messageType="General">End of &amp;lt;default&amp;gt; wait.</logEntry>
                                <logEntry id="1653590288997" messageType="General">Going to update browser window handles.</logEntry>
                                <logEntry id="1653590288997" logLevel="Debug" messageType="General">Update browser window handles.</logEntry>
                                <logEntry id="1653590289054" logLevel="Update" messageType="General">Successfully updated browser window handles.</logEntry>
                              </logEntries>
                            </executionItem>
                            <executionItem endedUtc="1653590300972" executionErrorCount="0" executionStatus="Executed" executionWarningCount="0" failureCount="0" id="root:plans:Mayur-2-ShopFloor:RSTK-9710-CRUD operation on Work Center Group.testinstance:RSTK-9710-CRUD operation on Work Center Group.testcase:2:3.0:24:25.0:26:27:32" iterationIndex="-1" skippedCount="0" startedUtc="1653590289055" successfulCount="1" testApiId="com.provar.plugins.forcedotcom.core.ui.UiAssert" testItemClass="IApiCall" title="UI Assert">
                              <childItems/>
                              <logEntries>
                                <logEntry id="1653590289058" messageType="General">Start of UiAssert.  Connection: SFConnection</logEntry>
                                <logEntry id="1653590289132" messageType="General">Resolving field groupID1</logEntry>
                                <logEntry id="1653590299478" messageType="General">Switched focus to main window.  URL: https://automationtesting2--rstk.visualforce.com/apex/rtwcgroup?actionType=view&amp;id=a4v5f000001uirw</logEntry>
                                <logEntry id="1653590299478" messageType="General">Doing before wait.  waitUrl: default</logEntry>
                                <logEntry id="1653590299478" messageType="General">End of &amp;lt;default&amp;gt; wait.</logEntry>
                                <logEntry id="1653590300286" messageType="General">Switched focus to main window.  URL: https://automationtesting2--rstk.visualforce.com/apex/rtwcgroup?actionType=view&amp;id=a4v5f000001uirw</logEntry>
                                <logEntry id="1653590300910" messageType="General">Asserting field attributes: groupID1</logEntry>
                                <logEntry id="1653590300910" messageType="General">Asserting Attribute: value to PrimitiveValueImpl [ value: Pro-WCGroup, valueId=117d, createdUpdateSeq=1825, updatedUpdateSeq=1825]</logEntry>
                                <logEntry id="1653590300910" messageType="AssertionSuccessful">Assertion successful.PRO-WCGROUP EqualTo Pro-WCGroup</logEntry>
                                <logEntry id="1653590300910" messageType="General">Object read successfully.  Result Name: op_wcGroupID</logEntry>
                                <logEntry id="1653590300910" messageType="General">Going to update browser window handles.</logEntry>
                                <logEntry id="1653590300910" logLevel="Debug" messageType="General">Update browser window handles.</logEntry>
                                <logEntry id="1653590300972" logLevel="Update" messageType="General">Successfully updated browser window handles.</logEntry>
                              </logEntries>
                            </executionItem>
                          </childItems>
                        </executionItem>
                      </childItems>
                      <logEntries>
                        <logEntry id="1653590282290" messageType="General">Start of With Screen.  Connection Name: SFConnection, target: sf:ui:target?page=rstk__rtwcgroup&amp;pageObject=pageobjects.rstk__rtwcgroup</logEntry>
                        <logEntry id="1653590282374" messageType="General">Opening Page context.  Name: screen, data: null, frame: null</logEntry>
                        <logEntry id="1653590282390" messageType="General">Going to update browser window handles.</logEntry>
                        <logEntry id="1653590282390" logLevel="Debug" messageType="General">Update browser window handles.</logEntry>
                        <logEntry id="1653590282453" logLevel="Update" messageType="General">Successfully updated browser window handles.</logEntry>
                        <logEntry id="1653590300972" messageType="General">All Sub-Test Steps were successful.</logEntry>
                        <logEntry id="1653590301051" messageType="General">Closing Page context.  Name: screen, data: null, frame: null</logEntry>
                        <logEntry id="1653590301051" messageType="General">Main window reselected.  Window: main</logEntry>
                        <logEntry id="1653590301113" messageType="General">Switched focus to main window.  URL: https://automationtesting2--rstk.visualforce.com/apex/rtwcgroup?actionType=view&amp;id=a4v5f000001uirw</logEntry>
                        <logEntry id="1653590303118" messageType="General">Going to update browser window handles.</logEntry>
                        <logEntry id="1653590303118" logLevel="Debug" messageType="General">Update browser window handles.</logEntry>
                        <logEntry id="1653590303198" logLevel="Update" messageType="General">Successfully updated browser window handles.</logEntry>
                      </logEntries>
                    </executionItem>
                  </childItems>
                </executionItem>
              </childItems>
              <logEntries>
                <logEntry id="1653590282290" messageType="General">Start of iteration 1 of 1.</logEntry>
                <logEntry id="1653590303198" messageType="General">Reached the end of the List.</logEntry>
              </logEntries>
            </executionItem>
            <executionItem endedUtc="1653590315680" executionErrorCount="0" executionStatus="Executed" executionWarningCount="0" failureCount="0" id="root:plans:Mayur-2-ShopFloor:RSTK-9710-CRUD operation on Work Center Group.testinstance:RSTK-9710-CRUD operation on Work Center Group.testcase:2:3.0:33" iterationIndex="-1" skippedCount="0" startedUtc="1653590303198" successfulCount="1" testApiId="com.provar.plugins.bundled.apis.control.StepGroup" testItemClass="IApiCall" title="Delete Record">
              <childItems>
                <executionItem endedUtc="1653590315676" executionErrorCount="0" executionStatus="Executed" executionWarningCount="0" failureCount="0" id="root:plans:Mayur-2-ShopFloor:RSTK-9710-CRUD operation on Work Center Group.testinstance:RSTK-9710-CRUD operation on Work Center Group.testcase:2:3.0:33:36" iterationIndex="-1" skippedCount="0" startedUtc="1653590303198" successfulCount="1" testClauseName="hidden" testItemClass="ITestClause" title="Steps">
                  <childItems>
                    <executionItem endedUtc="1653590315676" executionErrorCount="0" executionStatus="Executed" executionWarningCount="0" failureCount="0" id="root:plans:Mayur-2-ShopFloor:RSTK-9710-CRUD operation on Work Center Group.testinstance:RSTK-9710-CRUD operation on Work Center Group.testcase:2:3.0:33:36:37" iterationIndex="-1" skippedCount="0" startedUtc="1653590303198" successfulCount="1" testApiId="com.provar.plugins.forcedotcom.core.ui.UiWithScreen" testItemClass="IApiCall" title="On SF rstk__rtwcgroup page with pageobject Rstk__rtwcgroup">
                      <childItems>
                        <executionItem endedUtc="1653590313441" executionErrorCount="0" executionStatus="Executed" executionWarningCount="0" failureCount="0" id="root:plans:Mayur-2-ShopFloor:RSTK-9710-CRUD operation on Work Center Group.testinstance:RSTK-9710-CRUD operation on Work Center Group.testcase:2:3.0:33:36:37:38" iterationIndex="-1" skippedCount="0" startedUtc="1653590303385" successfulCount="1" testClauseName="substeps" testItemClass="ITestClause" title="Sub Steps">
                          <childItems>
                            <executionItem endedUtc="1653590303907" executionErrorCount="0" executionStatus="Executed" executionWarningCount="0" failureCount="0" id="root:plans:Mayur-2-ShopFloor:RSTK-9710-CRUD operation on Work Center Group.testinstance:RSTK-9710-CRUD operation on Work Center Group.testcase:2:3.0:33:36:37:38:51" iterationIndex="-1" skippedCount="0" startedUtc="1653590303385" successfulCount="1" testApiId="com.provar.plugins.forcedotcom.core.ui.UiDoAction" testItemClass="IApiCall" title="Click the Delete button">
                              <childItems/>
                              <logEntries>
                                <logEntry id="1653590303385" messageType="General">Start of Interact.  Connection: SFConnection, Locator: ui:locator?name=delete, before wait: default, after wait: default, auto retry: default</logEntry>
                                <logEntry id="1653590303463" messageType="General">Locator: ui:locator?name=delete</logEntry>
                                <logEntry id="1653590303463" messageType="General">Interaction: ui:interaction?name=action</logEntry>
                                <logEntry id="1653590303526" messageType="General">Switched focus to main window.  URL: https://automationtesting2--rstk.visualforce.com/apex/rtwcgroup?actionType=view&amp;id=a4v5f000001uirw</logEntry>
                                <logEntry id="1653590303557" messageType="General">Doing before wait.  waitUrl: default</logEntry>
                                <logEntry id="1653590303557" messageType="General">End of &amp;lt;default&amp;gt; wait.</logEntry>
                                <logEntry id="1653590303557" messageType="General">Doing after wait.  waitUrl: default</logEntry>
                                <logEntry id="1653590303809" messageType="General">Clicking WebElement.  WebElement [tag: input, text: Delete]</logEntry>
                                <logEntry id="1653590303844" messageType="General">Doing after wait.  waitUrl: default</logEntry>
                                <logEntry id="1653590303845" messageType="General">End of &amp;lt;default&amp;gt; wait.</logEntry>
                                <logEntry id="1653590303845" messageType="General">Going to update browser window handles.</logEntry>
                                <logEntry id="1653590303845" logLevel="Debug" messageType="General">Update browser window handles.</logEntry>
                                <logEntry id="1653590303906" logLevel="Update" messageType="General">Successfully updated browser window handles.</logEntry>
                              </logEntries>
                            </executionItem>
                            <executionItem endedUtc="1653590311406" executionErrorCount="0" executionStatus="Executed" executionWarningCount="0" failureCount="0" id="root:plans:Mayur-2-ShopFloor:RSTK-9710-CRUD operation on Work Center Group.testinstance:RSTK-9710-CRUD operation on Work Center Group.testcase:2:3.0:33:36:37:38:52" iterationIndex="-1" skippedCount="0" startedUtc="1653590303908" successfulCount="1" testApiId="com.provar.plugins.forcedotcom.core.ui.UiHandleAlert" testItemClass="IApiCall" title="Handle UI Alerts">
                              <childItems/>
                              <logEntries>
                                <logEntry id="1653590303910" messageType="General">Start of Handle Alert.  Connection: SFConnection</logEntry>
                                <logEntry id="1653590304122" messageType="General">Sending screenshot.  Data length: 88019</logEntry>
                                <logEntry id="1653590308165" messageType="General">Start of Alert Wait.  Timeout (seconds): 30</logEntry>
                                <logEntry id="1653590308179" messageType="General">Polling for Alert successful.  Attempt: 1</logEntry>
                                <logEntry id="1653590308180" messageType="General">End of Alert Wait.  Actual duration(seconds): 0.015</logEntry>
                                <logEntry id="1653590308180" messageType="General">Switching to alert.  ExpectedMessage: Delete this record?</logEntry>
                                <logEntry id="1653590308211" messageType="General">Got alert text: Delete this record?</logEntry>
                                <logEntry id="1653590308211" messageType="General">com.provar.core.model.base.java.ComparisonType$Options@6fb9f53b</logEntry>
                                <logEntry id="1653590308211" messageType="General">Asserting Alert Message, To: 'Delete this record?', Comparision Type: Equals</logEntry>
                                <logEntry id="1653590308211" messageType="AssertionSuccessful">Assertion successful. 'Delete this record?' Equals 'Delete this record?'</logEntry>
                                <logEntry id="1653590308211" messageType="General">Accepting alert.</logEntry>
                                <logEntry id="1653590308227" messageType="General">Switching back to current frame.</logEntry>
                                <logEntry id="1653590311345" messageType="General">Switched focus to main window.  URL: https://automationtesting2.my.salesforce.com/a4v</logEntry>
                                <logEntry id="1653590311345" messageType="General">Going to update browser window handles.</logEntry>
                                <logEntry id="1653590311345" logLevel="Debug" messageType="General">Update browser window handles.</logEntry>
                                <logEntry id="1653590311405" logLevel="Update" messageType="General">Successfully updated browser window handles.</logEntry>
                              </logEntries>
                              <testArtifacts>
                                <artifactFile artifactsRelativePath="ScreenShot189" createdTimestamp="1653590304122" mimeContentType="image/png" name="ScreenShot189" title="Before Screenshot : 2022/05/27 00:08:23"/>
                              </testArtifacts>
                            </executionItem>
                            <executionItem endedUtc="1653590313437" executionErrorCount="0" executionStatus="Executed" executionWarningCount="0" failureCount="0" id="root:plans:Mayur-2-ShopFloor:RSTK-9710-CRUD operation on Work Center Group.testinstance:RSTK-9710-CRUD operation on Work Center Group.testcase:2:3.0:33:36:37:38:53" iterationIndex="-1" skippedCount="0" startedUtc="1653590311406" successfulCount="1" testApiId="com.provar.plugins.forcedotcom.core.testapis.ApexSoqlQuery" testItemClass="IApiCall" title="Read Work Center Group Record Count">
                              <childItems/>
                              <logEntries>
                                <logEntry id="1653590311407" messageType="General">Reading a Salesforce object.  Connection Name: SFConnection, Query: select count() from rstk__rtwcgroup__c where rstk__rtwcgroup_group__c='null'</logEntry>
                                <logEntry id="1653590313432" messageType="General">The count query returned 0.</logEntry>
                              </logEntries>
                            </executionItem>
                            <executionItem endedUtc="1653590313441" executionErrorCount="0" executionStatus="Executed" executionWarningCount="0" failureCount="0" id="root:plans:Mayur-2-ShopFloor:RSTK-9710-CRUD operation on Work Center Group.testinstance:RSTK-9710-CRUD operation on Work Center Group.testcase:2:3.0:33:36:37:38:54" iterationIndex="-1" skippedCount="0" startedUtc="1653590313437" successfulCount="1" testApiId="com.provar.plugins.bundled.apis.AssertValues" testItemClass="IApiCall" title="Assert: 0 EqualTo 0">
                              <childItems/>
                              <logEntries>
                                <logEntry id="1653590313440" messageType="AssertionSuccessful">Assertion successful. (result) 0 = 0 (target)</logEntry>
                              </logEntries>
                            </executionItem>
                          </childItems>
                        </executionItem>
                      </childItems>
                      <logEntries>
                        <logEntry id="1653590303205" messageType="General">Start of With Screen.  Connection Name: SFConnection, target: sf:ui:target?page=rstk__rtwcgroup&amp;pageObject=pageobjects.rstk__rtwcgroup</logEntry>
                        <logEntry id="1653590303292" messageType="General">Opening Page context.  Name: screen, data: null, frame: null</logEntry>
                        <logEntry id="1653590303308" messageType="General">Going to update browser window handles.</logEntry>
                        <logEntry id="1653590303308" logLevel="Debug" messageType="General">Update browser window handles.</logEntry>
                        <logEntry id="1653590303385" logLevel="Update" messageType="General">Successfully updated browser window handles.</logEntry>
                        <logEntry id="1653590313443" messageType="General">All Sub-Test Steps were successful.</logEntry>
                        <logEntry id="1653590313532" messageType="General">Closing Page context.  Name: screen, data: null, frame: null</logEntry>
                        <logEntry id="1653590313532" messageType="General">Main window reselected.  Window: main</logEntry>
                        <logEntry id="1653590313595" messageType="General">Switched focus to main window.  URL: https://automationtesting2.my.salesforce.com/a4v</logEntry>
                        <logEntry id="1653590315595" messageType="General">Going to update browser window handles.</logEntry>
                        <logEntry id="1653590315595" logLevel="Debug" messageType="General">Update browser window handles.</logEntry>
                        <logEntry id="1653590315675" logLevel="Update" messageType="General">Successfully updated browser window handles.</logEntry>
                      </logEntries>
                    </executionItem>
                  </childItems>
                </executionItem>
              </childItems>
            </executionItem>
          </childItems>
        </executionItem>
      </childItems>
      <logEntries>
        <logEntry id="1653590233073" messageType="General">Start of iteration 1 of 1.</logEntry>
        <logEntry id="1653590315682" messageType="General">Reached the end of the List.</logEntry>
      </logEntries>
    </executionItem>
  </childItems>
</executionItem>
