<?xml version="1.0" encoding="UTF-8" standalone="no"?>
<executionItem endedUtc="1653589863030" executionErrorCount="0" executionStatus="Executed" executionWarningCount="0" failureCount="0" id="root:plans:Mayur-2-ShopFloor:RSTK-9706-CRUD operation on Manufacturing Processes.testinstance:RSTK-9706-CRUD operation on Manufacturing Processes.testcase" iterationIndex="-1" skippedCount="0" startedUtc="1653589785150" successfulCount="1" testCasePath="D:\\provar\\EventDemo\\RootedInDemo\\tests\\Shop Floor" testItemClass="ITestCase" title="RSTK-9706-CRUD operation on Manufacturing Processes.testcase">
  <testItemSummary/>
  <childItems>
    <executionItem endedUtc="1653589790099" executionErrorCount="0" executionStatus="Executed" executionWarningCount="0" failureCount="0" id="root:plans:Mayur-2-ShopFloor:RSTK-9706-CRUD operation on Manufacturing Processes.testinstance:RSTK-9706-CRUD operation on Manufacturing Processes.testcase:1" iterationIndex="-1" skippedCount="0" startedUtc="1653589785164" successfulCount="1" testApiId="com.provar.plugins.forcedotcom.core.testapis.ApexConnect" testItemClass="IApiCall" title="Salesforce Connect: SFConnection (Test)">
      <childItems/>
      <logEntries>
        <logEntry id="1653589785169" messageType="General">Connecting to Salesforce as QARSF_Admin</logEntry>
        <logEntry id="1653589785169" logLevel="Debug" messageType="General">Connection details. Connection name: QARSF_Admin, result name: SFConnection, result scope: Test, urlString: sf:environment=PRERELEASE;apiLoginUrl=https://automationtesting2.my.salesforce.com;identityServiceUrl=https://login.salesforce.com/id/00D5f000005vwGkEAI/0055f000008Hn0WAAS;clientId={clientId};clientSecret={clientSecret};authenticationType=OAUTH;callbackUrl={callbackUrl};accessToken={accessToken};refreshToken={refreshToken}, environment: AutomationOrg, clientId: [supplied], clientSecret: [supplied], callBackUrl: [supplied], accessToken: [supplied], refreshToken: [supplied]</logEntry>
        <logEntry id="1653589785169" logLevel="Debug" messageType="General">Create object id log file.</logEntry>
        <logEntry id="1653589785172" logLevel="Trace" messageType="General">Absolute path: D:\\provar\\EventDemo\\RootedInDemo\\ANT\\..\\ANT\\Results(2)\\Artifacts\\QARSF_Admin-objectids.log</logEntry>
        <logEntry id="1653589786174" logLevel="Debug" messageType="General">Access Token refreshed successfully.</logEntry>
        <logEntry id="1653589788929" logLevel="Debug" messageType="General">Identity Service successful. ToolingEndpoint: https://automationtesting2.my.salesforce.com/services/Soap/T/54.0/00D5f000005vwGk, ToolingRestEndpoint: https://automationtesting2.my.salesforce.com/services/data/v54.0/tooling/, PartnerEndpoint: https://automationtesting2.my.salesforce.com/services/Soap/u/54.0/00D5f000005vwGk, MetadataEndpoint: https://automationtesting2.my.salesforce.com/services/Soap/m/54.0/00D5f000005vwGk, EnterpriseEndpoint: https://automationtesting2.my.salesforce.com/services/Soap/c/54.0/00D5f000005vwGk</logEntry>
        <logEntry id="1653589788929" logLevel="Debug" messageType="General">Opening Partner connection</logEntry>
        <logEntry id="1653589788934" logLevel="Trace" messageType="General">Connection configurations: userName: automation@rootstock.com,  password: [empty], securityToken: [empty], authEndpoint: https://automationtesting2.my.salesforce.com/services/Soap/u/54.0, serviceEndpoint: https://automationtesting2.my.salesforce.com/services/Soap/u/54.0/00D5f000005vwGk</logEntry>
        <logEntry id="1653589790092" logLevel="Debug" messageType="General">Opening SOAP connection</logEntry>
        <logEntry id="1653589790095" logLevel="Trace" messageType="General">Connection configurations: userName: automation@rootstock.com,  password: [empty], securityToken: [empty], authEndpoint: https://automationtesting2.my.salesforce.com/services/Soap/u/54.0, serviceEndpoint: https://automationtesting2.my.salesforce.com/services/Soap/u/54.0</logEntry>
        <logEntry id="1653589790095" logLevel="Debug" messageType="General">Opening Metadata connection</logEntry>
        <logEntry id="1653589790098" logLevel="Trace" messageType="General">Connection configurations: userName: null,  password: [empty], securityToken: [empty], authEndpoint: https://automationtesting2.my.salesforce.com/services/Soap/u/54.0, serviceEndpoint: https://automationtesting2.my.salesforce.com/services/Soap/m/54.0/00D5f000005vwGk</logEntry>
        <logEntry id="1653589790098" logLevel="Update" messageType="General">Successfully connected to Salesforce as QARSF_Admin</logEntry>
      </logEntries>
    </executionItem>
    <executionItem endedUtc="1653589790308" executionErrorCount="0" executionStatus="Executed" executionWarningCount="0" failureCount="0" id="root:plans:Mayur-2-ShopFloor:RSTK-9706-CRUD operation on Manufacturing Processes.testinstance:RSTK-9706-CRUD operation on Manufacturing Processes.testcase:948" iterationIndex="-1" skippedCount="0" startedUtc="1653589790099" successfulCount="1" testApiId="com.provar.plugins.bundled.apis.control.StepGroup" testItemClass="IApiCall" title="Read excel data for selected environment">
      <childItems>
        <executionItem endedUtc="1653589790305" executionErrorCount="0" executionStatus="Executed" executionWarningCount="0" failureCount="0" id="root:plans:Mayur-2-ShopFloor:RSTK-9706-CRUD operation on Manufacturing Processes.testinstance:RSTK-9706-CRUD operation on Manufacturing Processes.testcase:948:949" iterationIndex="-1" skippedCount="0" startedUtc="1653589790101" successfulCount="1" testClauseName="hidden" testItemClass="ITestClause" title="Steps">
          <childItems>
            <executionItem endedUtc="1653589790305" executionErrorCount="0" executionStatus="Executed" executionWarningCount="0" failureCount="0" id="root:plans:Mayur-2-ShopFloor:RSTK-9706-CRUD operation on Manufacturing Processes.testinstance:RSTK-9706-CRUD operation on Manufacturing Processes.testcase:948:949:64" iterationIndex="-1" skippedCount="0" startedUtc="1653589790107" successfulCount="1" testApiId="com.provar.plugins.bundled.apis.If" testItemClass="IApiCall" title="If: {GetSelectedEnvironment() = &quot;PDE5&quot;}">
              <childItems>
                <executionItem endedUtc="0" executionErrorCount="0" executionWarningCount="0" failureCount="0" id="root:plans:Mayur-2-ShopFloor:RSTK-9706-CRUD operation on Manufacturing Processes.testinstance:RSTK-9706-CRUD operation on Manufacturing Processes.testcase:948:949:64:905" iterationIndex="-1" skippedCount="0" startedUtc="0" successfulCount="0" testClauseName="then" testItemClass="ITestClause" title="Then">
                  <childItems>
                    <executionItem endedUtc="0" executionErrorCount="0" executionWarningCount="0" failureCount="0" id="root:plans:Mayur-2-ShopFloor:RSTK-9706-CRUD operation on Manufacturing Processes.testinstance:RSTK-9706-CRUD operation on Manufacturing Processes.testcase:948:949:64:905:966" iterationIndex="-1" skippedCount="0" startedUtc="0" successfulCount="0" testApiId="com.provar.plugins.bundled.apis.control.StepGroup" testItemClass="IApiCall" title="Read excel data for selected environment">
                      <childItems>
                        <executionItem endedUtc="0" executionErrorCount="0" executionWarningCount="0" failureCount="0" id="root:plans:Mayur-2-ShopFloor:RSTK-9706-CRUD operation on Manufacturing Processes.testinstance:RSTK-9706-CRUD operation on Manufacturing Processes.testcase:948:949:64:905:966:937" iterationIndex="-1" skippedCount="0" startedUtc="0" successfulCount="0" testClauseName="hidden" testItemClass="ITestClause" title="Steps">
                          <childItems/>
                        </executionItem>
                      </childItems>
                    </executionItem>
                  </childItems>
                </executionItem>
                <executionItem endedUtc="1653589790305" executionErrorCount="0" executionStatus="Executed" executionWarningCount="0" failureCount="0" id="root:plans:Mayur-2-ShopFloor:RSTK-9706-CRUD operation on Manufacturing Processes.testinstance:RSTK-9706-CRUD operation on Manufacturing Processes.testcase:948:949:64:906" iterationIndex="-1" skippedCount="0" startedUtc="1653589790117" successfulCount="1" testClauseName="else" testItemClass="ITestClause" title="Else">
                  <childItems>
                    <executionItem endedUtc="1653589790305" executionErrorCount="0" executionStatus="Executed" executionWarningCount="0" failureCount="0" id="root:plans:Mayur-2-ShopFloor:RSTK-9706-CRUD operation on Manufacturing Processes.testinstance:RSTK-9706-CRUD operation on Manufacturing Processes.testcase:948:949:64:906:918" iterationIndex="-1" skippedCount="0" startedUtc="1653589790123" successfulCount="1" testApiId="com.provar.plugins.bundled.apis.If" testItemClass="IApiCall" title="If: {GetSelectedEnvironment() = &quot;AutomationOrg&quot;}">
                      <childItems>
                        <executionItem endedUtc="1653589790305" executionErrorCount="0" executionStatus="Executed" executionWarningCount="0" failureCount="0" id="root:plans:Mayur-2-ShopFloor:RSTK-9706-CRUD operation on Manufacturing Processes.testinstance:RSTK-9706-CRUD operation on Manufacturing Processes.testcase:948:949:64:906:918:919" iterationIndex="-1" skippedCount="0" startedUtc="1653589790132" successfulCount="1" testClauseName="then" testItemClass="ITestClause" title="Then">
                          <childItems>
                            <executionItem endedUtc="1653589790305" executionErrorCount="0" executionStatus="Executed" executionWarningCount="0" failureCount="0" id="root:plans:Mayur-2-ShopFloor:RSTK-9706-CRUD operation on Manufacturing Processes.testinstance:RSTK-9706-CRUD operation on Manufacturing Processes.testcase:948:949:64:906:918:919:964" iterationIndex="-1" skippedCount="0" startedUtc="1653589790146" successfulCount="1" testApiId="com.provar.plugins.bundled.apis.control.StepGroup" testItemClass="IApiCall" title="Read excel data for selected environment">
                              <childItems>
                                <executionItem endedUtc="1653589790303" executionErrorCount="0" executionStatus="Executed" executionWarningCount="0" failureCount="0" id="root:plans:Mayur-2-ShopFloor:RSTK-9706-CRUD operation on Manufacturing Processes.testinstance:RSTK-9706-CRUD operation on Manufacturing Processes.testcase:948:949:64:906:918:919:964:967" iterationIndex="-1" skippedCount="0" startedUtc="1653589790303" successfulCount="1" testClauseName="hidden" testItemClass="ITestClause" title="Steps">
                                  <childItems/>
                                </executionItem>
                              </childItems>
                              <logEntries>
                                <logEntry id="1653589790146" messageType="ParameterValueSource">Loading data from Parameter Value Source ...</logEntry>
                                <logEntry id="1653589790177" messageType="General">Loading Parameter Value Source row 1:</logEntry>
                                <logEntry id="1653589790178" messageType="General">==Column=&gt; RowNumber = PrimitiveValueImpl [ value: 2, valueId=null, createdUpdateSeq=-1, updatedUpdateSeq=-1]</logEntry>
                                <logEntry id="1653589790179" messageType="General">==Column=&gt; ProcessNumber = PrimitiveValueImpl [ value: Pro-PN1, valueId=null, createdUpdateSeq=-1, updatedUpdateSeq=-1]</logEntry>
                                <logEntry id="1653589790179" messageType="General">==Column=&gt; Description = PrimitiveValueImpl [ value: Provar Test, valueId=null, createdUpdateSeq=-1, updatedUpdateSeq=-1]</logEntry>
                                <logEntry id="1653589790179" logLevel="Update" messageType="General">Loaded 1 rows from Parameter Value Source.</logEntry>
                              </logEntries>
                            </executionItem>
                          </childItems>
                          <logEntries>
                            <logEntry id="1653589790132" messageType="ParameterValueSource">Loading data from Parameter Value Source ...</logEntry>
                            <logEntry id="1653589790145" messageType="General">Loading Parameter Value Source row 1:</logEntry>
                            <logEntry id="1653589790145" messageType="General">==Column=&gt; RowNumber = PrimitiveValueImpl [ value: 2, valueId=null, createdUpdateSeq=-1, updatedUpdateSeq=-1]</logEntry>
                            <logEntry id="1653589790145" messageType="General">==Column=&gt; ProcessNumber = PrimitiveValueImpl [ value: Pro-PN1, valueId=null, createdUpdateSeq=-1, updatedUpdateSeq=-1]</logEntry>
                            <logEntry id="1653589790146" messageType="General">==Column=&gt; Description = PrimitiveValueImpl [ value: Provar Test, valueId=null, createdUpdateSeq=-1, updatedUpdateSeq=-1]</logEntry>
                            <logEntry id="1653589790146" logLevel="Update" messageType="General">Loaded 1 rows from Parameter Value Source.</logEntry>
                          </logEntries>
                        </executionItem>
                        <executionItem endedUtc="0" executionErrorCount="0" executionWarningCount="0" failureCount="0" id="root:plans:Mayur-2-ShopFloor:RSTK-9706-CRUD operation on Manufacturing Processes.testinstance:RSTK-9706-CRUD operation on Manufacturing Processes.testcase:948:949:64:906:918:922" iterationIndex="-1" skippedCount="0" startedUtc="0" successfulCount="0" testClauseName="else" testItemClass="ITestClause" title="Else">
                          <childItems>
                            <executionItem endedUtc="0" executionErrorCount="0" executionWarningCount="0" failureCount="0" id="root:plans:Mayur-2-ShopFloor:RSTK-9706-CRUD operation on Manufacturing Processes.testinstance:RSTK-9706-CRUD operation on Manufacturing Processes.testcase:948:949:64:906:918:922:936" iterationIndex="-1" skippedCount="0" startedUtc="0" successfulCount="0" testApiId="com.provar.plugins.bundled.apis.control.StepGroup" testItemClass="IApiCall" title="Read excel data for selected environment">
                              <childItems>
                                <executionItem endedUtc="0" executionErrorCount="0" executionWarningCount="0" failureCount="0" id="root:plans:Mayur-2-ShopFloor:RSTK-9706-CRUD operation on Manufacturing Processes.testinstance:RSTK-9706-CRUD operation on Manufacturing Processes.testcase:948:949:64:906:918:922:936:965" iterationIndex="-1" skippedCount="0" startedUtc="0" successfulCount="0" testClauseName="hidden" testItemClass="ITestClause" title="Steps">
                                  <childItems/>
                                </executionItem>
                              </childItems>
                            </executionItem>
                          </childItems>
                        </executionItem>
                      </childItems>
                    </executionItem>
                  </childItems>
                </executionItem>
              </childItems>
            </executionItem>
          </childItems>
        </executionItem>
      </childItems>
    </executionItem>
    <executionItem endedUtc="1653589863030" executionErrorCount="0" executionStatus="Executed" executionWarningCount="0" failureCount="0" id="root:plans:Mayur-2-ShopFloor:RSTK-9706-CRUD operation on Manufacturing Processes.testinstance:RSTK-9706-CRUD operation on Manufacturing Processes.testcase:34" iterationIndex="-1" skippedCount="0" startedUtc="1653589790308" successfulCount="1" testApiId="com.provar.plugins.bundled.apis.control.ForEach" testItemClass="IApiCall" title="Read Excel Data and process record">
      <childItems>
        <executionItem endedUtc="1653589863030" executionErrorCount="0" executionStatus="Executed" executionWarningCount="0" failureCount="0" id="root:plans:Mayur-2-ShopFloor:RSTK-9706-CRUD operation on Manufacturing Processes.testinstance:RSTK-9706-CRUD operation on Manufacturing Processes.testcase:34:35.0" iterationIndex="0" skippedCount="0" startedUtc="1653589790312" successfulCount="1" testClauseName="substeps" testItemClass="ITestClause" title="Iteration 1">
          <childItems>
            <executionItem endedUtc="1653589814909" executionErrorCount="0" executionStatus="Executed" executionWarningCount="0" failureCount="0" id="root:plans:Mayur-2-ShopFloor:RSTK-9706-CRUD operation on Manufacturing Processes.testinstance:RSTK-9706-CRUD operation on Manufacturing Processes.testcase:34:35.0:2" iterationIndex="-1" skippedCount="0" startedUtc="1653589790312" successfulCount="1" testApiId="com.provar.plugins.forcedotcom.core.ui.UiWithScreen" testItemClass="IApiCall" title="On SF Rootstock Site Map tab">
              <childItems>
                <executionItem endedUtc="1653589811526" executionErrorCount="0" executionStatus="Executed" executionWarningCount="0" failureCount="0" id="root:plans:Mayur-2-ShopFloor:RSTK-9706-CRUD operation on Manufacturing Processes.testinstance:RSTK-9706-CRUD operation on Manufacturing Processes.testcase:34:35.0:2:3" iterationIndex="-1" skippedCount="0" startedUtc="1653589810566" successfulCount="1" testClauseName="substeps" testItemClass="ITestClause" title="Sub Steps">
                  <childItems>
                    <executionItem endedUtc="1653589811526" executionErrorCount="0" executionStatus="Executed" executionWarningCount="0" failureCount="0" id="root:plans:Mayur-2-ShopFloor:RSTK-9706-CRUD operation on Manufacturing Processes.testinstance:RSTK-9706-CRUD operation on Manufacturing Processes.testcase:34:35.0:2:3:4" iterationIndex="-1" skippedCount="0" startedUtc="1653589810566" successfulCount="1" testApiId="com.provar.plugins.forcedotcom.core.ui.UiDoAction" testItemClass="IApiCall" title="Click the Manufacturing Processes button">
                      <childItems/>
                      <logEntries>
                        <logEntry id="1653589810568" messageType="General">Start of Interact.  Connection: SFConnection, Locator: ui:locator?name=manufacturingProcesses, before wait: default, after wait: default, auto retry: default</logEntry>
                        <logEntry id="1653589810644" messageType="General">Locator: ui:locator?name=manufacturingProcesses</logEntry>
                        <logEntry id="1653589810644" messageType="General">Interaction: ui:interaction?name=action</logEntry>
                        <logEntry id="1653589810697" messageType="General">Switched focus to main window.  URL: https://automationtesting2--rstk.visualforce.com/apex/Manufacturing?sfdc.tabName=01r5f000000Ptu4</logEntry>
                        <logEntry id="1653589810868" messageType="General">Doing before wait.  waitUrl: default</logEntry>
                        <logEntry id="1653589810868" messageType="General">End of &amp;lt;default&amp;gt; wait.</logEntry>
                        <logEntry id="1653589810868" messageType="General">Doing after wait.  waitUrl: default</logEntry>
                        <logEntry id="1653589811403" messageType="General">Clicking WebElement.  WebElement [tag: a, text: Manufacturing Processes, href: https://automationtesting2--rstk.visualforce.com/a4q?retURL=%2Fapex%2Frstk__Manufacturing%3Fsfdc.tabName%3D01r5f000000Ptu4]</logEntry>
                        <logEntry id="1653589811468" messageType="General">Doing after wait.  waitUrl: default</logEntry>
                        <logEntry id="1653589811468" messageType="General">End of &amp;lt;default&amp;gt; wait.</logEntry>
                        <logEntry id="1653589811468" messageType="General">Going to update browser window handles.</logEntry>
                        <logEntry id="1653589811468" logLevel="Debug" messageType="General">Update browser window handles.</logEntry>
                        <logEntry id="1653589811526" logLevel="Update" messageType="General">Successfully updated browser window handles.</logEntry>
                      </logEntries>
                    </executionItem>
                  </childItems>
                </executionItem>
              </childItems>
              <logEntries>
                <logEntry id="1653589790314" messageType="General">Start of With Screen.  Connection Name: SFConnection, target: sf:ui:target?tab=rstk__Rootstock_Site_Map&amp;application=rstk__Force_com&amp;pageObject=pageobjects.rstk__Manufacturing</logEntry>
                <logEntry id="1653589790316" messageType="General">Opening Chrome webdriver instance to https://automationtesting2.my.salesforce.com/secur/frontdoor.jsp</logEntry>
                <logEntry id="1653589790316" logLevel="Debug" messageType="General">Add Chrome browser specific capabilities</logEntry>
                <logEntry id="1653589790316" logLevel="Trace" messageType="General">Using executable from UserHome Provar.  executable: C:\\Users\\Mayur\\Provar\\.chromeDriver\\chromedriver.exe</logEntry>
                <logEntry id="1653589790326" logLevel="Trace" messageType="General">Added Chrome command line switch to bypass proxy for local addresses: --proxy-bypass-list=localhost,127.0.0.1,192.168.1.14</logEntry>
                <logEntry id="1653589790326" logLevel="Trace" messageType="General">Added desired capability for Chrome browser proxy Null</logEntry>
                <logEntry id="1653589790326" logLevel="Trace" messageType="General">Using executable from UserHome Provar.  executable: C:\\Users\\Mayur\\Provar\\.chromeDriver\\chromedriver.exe</logEntry>
                <logEntry id="1653589791800" logLevel="Update" messageType="General">Successfully opened Chrome webdriver to https://automationtesting2.my.salesforce.com/secur/frontdoor.jsp</logEntry>
                <logEntry id="1653589792286" messageType="General">Opening Page context.  Name: screen, data: null, frame: null</logEntry>
                <logEntry id="1653589793103" messageType="General">Opening Salesforce Tab.  Tab Name: rstk__Rootstock_Site_Map, Url: https://automationtesting2.my.salesforce.com/servlet/servlet.Integration?lid=01r5f000000Ptu4&amp;ic=1&amp;linkToken=VmpFPSxNakF5TWkwd05TMHlObFF4TnpvMU9EbzBOQzQzTmpWYSxYclJCU3JxX3lrNEZDLXlpeENIMWlNLFlXWmtNR0po</logEntry>
                <logEntry id="1653589793120" messageType="General">Opening Salesforce user home page</logEntry>
                <logEntry id="1653589793394" logLevel="Debug" messageType="General">Navigate to home page</logEntry>
                <logEntry id="1653589793426" logLevel="Trace" messageType="General">Opening page.  URL: https://automationtesting2.my.salesforce.com/secur/frontdoor.jsp?retURL=/home/home.jsp?tsid=02u5f000000R3zG&amp;sid={accessToken}</logEntry>
                <logEntry id="1653589798992" logLevel="Debug" messageType="General">Perform page load wait</logEntry>
                <logEntry id="1653589799995" logLevel="Trace" messageType="General">Start of waitForPageToLoad. Timeout(ms): 90000</logEntry>
                <logEntry id="1653589800029" logLevel="Trace" messageType="General">Re-attempting of waitForPageToLoad.  Timeout(ms): 90000</logEntry>
                <logEntry id="1653589800068" logLevel="Trace" messageType="General">End of waitForPageToLoad.  Duration(ms): 73</logEntry>
                <logEntry id="1653589800146" logLevel="Trace" messageType="General">Opening page.  URL: https://automationtesting2.my.salesforce.com/servlet/servlet.Integration?lid=01r5f000000Ptu4&amp;ic=1&amp;linkToken=VmpFPSxNakF5TWkwd05TMHlObFF4TnpvMU9EbzBOQzQzTmpWYSxYclJCU3JxX3lrNEZDLXlpeENIMWlNLFlXWmtNR0po</logEntry>
                <logEntry id="1653589805309" logLevel="Debug" messageType="General">Perform page load wait</logEntry>
                <logEntry id="1653589805373" logLevel="Update" messageType="General">Successfully opened user home page</logEntry>
                <logEntry id="1653589810426" messageType="General">Going to update browser window handles.</logEntry>
                <logEntry id="1653589810426" logLevel="Debug" messageType="General">Update browser window handles.</logEntry>
                <logEntry id="1653589810565" logLevel="Update" messageType="General">Successfully updated browser window handles.</logEntry>
                <logEntry id="1653589811528" messageType="General">All Sub-Test Steps were successful.</logEntry>
                <logEntry id="1653589811606" messageType="General">Closing Page context.  Name: screen, data: null, frame: null</logEntry>
                <logEntry id="1653589811606" messageType="General">Main window reselected.  Window: main</logEntry>
                <logEntry id="1653589812814" messageType="General">Switched focus to main window.  URL: https://automationtesting2.my.salesforce.com/a4q?retURL=%2Fapex%2Frstk__Manufacturing%3Fsfdc.tabName%3D01r5f000000Ptu4</logEntry>
                <logEntry id="1653589814830" messageType="General">Going to update browser window handles.</logEntry>
                <logEntry id="1653589814830" logLevel="Debug" messageType="General">Update browser window handles.</logEntry>
                <logEntry id="1653589814908" logLevel="Update" messageType="General">Successfully updated browser window handles.</logEntry>
              </logEntries>
            </executionItem>
            <executionItem endedUtc="0" executionErrorCount="0" executionWarningCount="0" failureCount="0" id="root:plans:Mayur-2-ShopFloor:RSTK-9706-CRUD operation on Manufacturing Processes.testinstance:RSTK-9706-CRUD operation on Manufacturing Processes.testcase:34:35.0:5" iterationIndex="-1" skippedCount="0" startedUtc="0" successfulCount="0" testApiId="com.provar.plugins.forcedotcom.core.ui.UiWithScreen" testItemClass="IApiCall" title="On SF Manufacturing Process New screen">
              <childItems>
                <executionItem endedUtc="0" executionErrorCount="0" executionWarningCount="0" failureCount="0" id="root:plans:Mayur-2-ShopFloor:RSTK-9706-CRUD operation on Manufacturing Processes.testinstance:RSTK-9706-CRUD operation on Manufacturing Processes.testcase:34:35.0:5:6" iterationIndex="-1" skippedCount="0" startedUtc="0" successfulCount="0" testClauseName="substeps" testItemClass="ITestClause" title="Sub Steps">
                  <childItems/>
                </executionItem>
              </childItems>
            </executionItem>
            <executionItem endedUtc="1653589836186" executionErrorCount="0" executionStatus="Executed" executionWarningCount="0" failureCount="0" id="root:plans:Mayur-2-ShopFloor:RSTK-9706-CRUD operation on Manufacturing Processes.testinstance:RSTK-9706-CRUD operation on Manufacturing Processes.testcase:34:35.0:8" iterationIndex="-1" skippedCount="0" startedUtc="1653589814909" successfulCount="1" testApiId="com.provar.plugins.forcedotcom.core.ui.UiWithScreen" testItemClass="IApiCall" title="On SF rstk__Rtproc page with pageobject Rstk__ Rtproc">
              <childItems>
                <executionItem endedUtc="1653589833944" executionErrorCount="0" executionStatus="Executed" executionWarningCount="0" failureCount="0" id="root:plans:Mayur-2-ShopFloor:RSTK-9706-CRUD operation on Manufacturing Processes.testinstance:RSTK-9706-CRUD operation on Manufacturing Processes.testcase:34:35.0:8:9" iterationIndex="-1" skippedCount="0" startedUtc="1653589821556" successfulCount="1" testClauseName="substeps" testItemClass="ITestClause" title="Sub Steps">
                  <childItems>
                    <executionItem endedUtc="1653589822551" executionErrorCount="0" executionStatus="Executed" executionWarningCount="0" failureCount="0" id="root:plans:Mayur-2-ShopFloor:RSTK-9706-CRUD operation on Manufacturing Processes.testinstance:RSTK-9706-CRUD operation on Manufacturing Processes.testcase:34:35.0:8:9:10" iterationIndex="-1" skippedCount="0" startedUtc="1653589821556" successfulCount="1" testApiId="com.provar.plugins.forcedotcom.core.ui.UiDoAction" testItemClass="IApiCall" title="Set the Process Number field to Pro-PN1">
                      <childItems/>
                      <logEntries>
                        <logEntry id="1653589821559" messageType="General">Start of Interact.  Connection: SFConnection, Locator: ui:locator?name=processNumber, before wait: default, after wait: default, auto retry: default</logEntry>
                        <logEntry id="1653589821634" messageType="General">Locator: ui:locator?name=processNumber</logEntry>
                        <logEntry id="1653589821634" messageType="General">Interaction: ui:interaction?name=set</logEntry>
                        <logEntry id="1653589821699" messageType="General">Switched focus to main window.  URL: https://automationtesting2--rstk.visualforce.com/apex/Rtproc</logEntry>
                        <logEntry id="1653589821927" messageType="General">Doing before wait.  waitUrl: default</logEntry>
                        <logEntry id="1653589821928" messageType="General">End of &amp;lt;default&amp;gt; wait.</logEntry>
                        <logEntry id="1653589821928" messageType="General">Doing after wait.  waitUrl: default</logEntry>
                        <logEntry id="1653589821985" messageType="General">Got webElement.  tagName: INPUT, id: null, type: text, selector: null</logEntry>
                        <logEntry id="1653589822182" messageType="General">Typing value.  tagName: INPUT, type: text, value: Pro-PN1, blur: false, selector: null</logEntry>
                        <logEntry id="1653589822495" messageType="General">Doing after wait.  waitUrl: default</logEntry>
                        <logEntry id="1653589822495" messageType="General">End of &amp;lt;default&amp;gt; wait.</logEntry>
                        <logEntry id="1653589822495" messageType="General">Going to update browser window handles.</logEntry>
                        <logEntry id="1653589822495" logLevel="Debug" messageType="General">Update browser window handles.</logEntry>
                        <logEntry id="1653589822551" logLevel="Update" messageType="General">Successfully updated browser window handles.</logEntry>
                      </logEntries>
                    </executionItem>
                    <executionItem endedUtc="1653589823606" executionErrorCount="0" executionStatus="Executed" executionWarningCount="0" failureCount="0" id="root:plans:Mayur-2-ShopFloor:RSTK-9706-CRUD operation on Manufacturing Processes.testinstance:RSTK-9706-CRUD operation on Manufacturing Processes.testcase:34:35.0:8:9:11" iterationIndex="-1" skippedCount="0" startedUtc="1653589822552" successfulCount="1" testApiId="com.provar.plugins.forcedotcom.core.ui.UiDoAction" testItemClass="IApiCall" title="Set the Description field to Provar Test">
                      <childItems/>
                      <logEntries>
                        <logEntry id="1653589822562" messageType="General">Start of Interact.  Connection: SFConnection, Locator: ui:locator?name=description, before wait: default, after wait: default, auto retry: default</logEntry>
                        <logEntry id="1653589822631" messageType="General">Locator: ui:locator?name=description</logEntry>
                        <logEntry id="1653589822631" messageType="General">Interaction: ui:interaction?name=set</logEntry>
                        <logEntry id="1653589822698" messageType="General">Switched focus to main window.  URL: https://automationtesting2--rstk.visualforce.com/apex/Rtproc</logEntry>
                        <logEntry id="1653589822806" messageType="General">Doing before wait.  waitUrl: default</logEntry>
                        <logEntry id="1653589822806" messageType="General">End of &amp;lt;default&amp;gt; wait.</logEntry>
                        <logEntry id="1653589822806" messageType="General">Doing after wait.  waitUrl: default</logEntry>
                        <logEntry id="1653589822869" messageType="General">Got webElement.  tagName: INPUT, id: null, type: text, selector: null</logEntry>
                        <logEntry id="1653589823173" messageType="General">Typing value.  tagName: INPUT, type: text, value: Provar Test, blur: false, selector: null</logEntry>
                        <logEntry id="1653589823552" messageType="General">Doing after wait.  waitUrl: default</logEntry>
                        <logEntry id="1653589823553" messageType="General">End of &amp;lt;default&amp;gt; wait.</logEntry>
                        <logEntry id="1653589823553" messageType="General">Going to update browser window handles.</logEntry>
                        <logEntry id="1653589823553" logLevel="Debug" messageType="General">Update browser window handles.</logEntry>
                        <logEntry id="1653589823606" logLevel="Update" messageType="General">Successfully updated browser window handles.</logEntry>
                      </logEntries>
                    </executionItem>
                    <executionItem endedUtc="1653589824135" executionErrorCount="0" executionStatus="Executed" executionWarningCount="0" failureCount="0" id="root:plans:Mayur-2-ShopFloor:RSTK-9706-CRUD operation on Manufacturing Processes.testinstance:RSTK-9706-CRUD operation on Manufacturing Processes.testcase:34:35.0:8:9:12" iterationIndex="-1" skippedCount="0" startedUtc="1653589823606" successfulCount="1" testApiId="com.provar.plugins.forcedotcom.core.ui.UiDoAction" testItemClass="IApiCall" title="Click the Save button">
                      <childItems/>
                      <logEntries>
                        <logEntry id="1653589823606" messageType="General">Start of Interact.  Connection: SFConnection, Locator: ui:locator?name=save, before wait: default, after wait: default, auto retry: default</logEntry>
                        <logEntry id="1653589823685" messageType="General">Locator: ui:locator?name=save</logEntry>
                        <logEntry id="1653589823685" messageType="General">Interaction: ui:interaction?name=action</logEntry>
                        <logEntry id="1653589823738" messageType="General">Switched focus to main window.  URL: https://automationtesting2--rstk.visualforce.com/apex/Rtproc</logEntry>
                        <logEntry id="1653589823775" messageType="General">Doing before wait.  waitUrl: default</logEntry>
                        <logEntry id="1653589823775" messageType="General">End of &amp;lt;default&amp;gt; wait.</logEntry>
                        <logEntry id="1653589823775" messageType="General">Doing after wait.  waitUrl: default</logEntry>
                        <logEntry id="1653589824039" messageType="General">Clicking WebElement.  WebElement [tag: input, text: Save]</logEntry>
                        <logEntry id="1653589824075" messageType="General">Doing after wait.  waitUrl: default</logEntry>
                        <logEntry id="1653589824075" messageType="General">End of &amp;lt;default&amp;gt; wait.</logEntry>
                        <logEntry id="1653589824075" messageType="General">Going to update browser window handles.</logEntry>
                        <logEntry id="1653589824075" logLevel="Debug" messageType="General">Update browser window handles.</logEntry>
                        <logEntry id="1653589824134" logLevel="Update" messageType="General">Successfully updated browser window handles.</logEntry>
                      </logEntries>
                    </executionItem>
                    <executionItem endedUtc="1653589833944" executionErrorCount="0" executionStatus="Executed" executionWarningCount="0" failureCount="0" id="root:plans:Mayur-2-ShopFloor:RSTK-9706-CRUD operation on Manufacturing Processes.testinstance:RSTK-9706-CRUD operation on Manufacturing Processes.testcase:34:35.0:8:9:13" iterationIndex="-1" skippedCount="0" startedUtc="1653589824135" successfulCount="1" testApiId="com.provar.plugins.forcedotcom.core.ui.UiAssert" testItemClass="IApiCall" title="UI Assert:Name">
                      <childItems/>
                      <logEntries>
                        <logEntry id="1653589824137" messageType="General">Start of UiAssert.  Connection: SFConnection</logEntry>
                        <logEntry id="1653589824212" messageType="General">Resolving field name</logEntry>
                        <logEntry id="1653589832130" messageType="General">Switched focus to main window.  URL: https://automationtesting2--rstk.visualforce.com/apex/rtproc?actionType=view&amp;id=a4q5f000000hVig</logEntry>
                        <logEntry id="1653589832133" messageType="General">Doing before wait.  waitUrl: default</logEntry>
                        <logEntry id="1653589832133" messageType="General">End of &amp;lt;default&amp;gt; wait.</logEntry>
                        <logEntry id="1653589833046" messageType="General">Switched focus to main window.  URL: https://automationtesting2--rstk.visualforce.com/apex/rtproc?actionType=view&amp;id=a4q5f000000hVig</logEntry>
                        <logEntry id="1653589833878" messageType="General">Asserting field attributes: name</logEntry>
                        <logEntry id="1653589833878" messageType="General">Reading Attribute: value</logEntry>
                        <logEntry id="1653589833879" messageType="General">Object read successfully.  Result Name: op_mfgProcName</logEntry>
                        <logEntry id="1653589833879" messageType="General">Going to update browser window handles.</logEntry>
                        <logEntry id="1653589833879" logLevel="Debug" messageType="General">Update browser window handles.</logEntry>
                        <logEntry id="1653589833942" logLevel="Update" messageType="General">Successfully updated browser window handles.</logEntry>
                      </logEntries>
                    </executionItem>
                  </childItems>
                </executionItem>
              </childItems>
              <logEntries>
                <logEntry id="1653589814912" messageType="General">Start of With Screen.  Connection Name: SFConnection, target: sf:ui:target?pageObject=pageobjects.rstk__Rtproc&amp;page=rstk__Rtproc</logEntry>
                <logEntry id="1653589815003" messageType="General">Opening Page context.  Name: screen, data: null, frame: null</logEntry>
                <logEntry id="1653589815021" messageType="General">Opening Salesforce Page.  Page Name: rstk__Rtproc, Url: /apex/rstk__Rtproc</logEntry>
                <logEntry id="1653589815021" messageType="General">Opening Salesforce user home page</logEntry>
                <logEntry id="1653589816543" logLevel="Debug" messageType="General">Navigate to home page</logEntry>
                <logEntry id="1653589816552" logLevel="Trace" messageType="General">Qualified relative URL.  URL: https://automationtesting2.my.salesforce.com/apex/rstk__Rtproc</logEntry>
                <logEntry id="1653589816552" logLevel="Trace" messageType="General">Opening page.  Requested URL: /apex/rstk__Rtproc, Absolute URL: https://automationtesting2.my.salesforce.com/apex/rstk__Rtproc?//automationtesting2.my.salesforce.com/apex/rstk__Rtproc=</logEntry>
                <logEntry id="1653589821316" logLevel="Debug" messageType="General">Perform page load wait</logEntry>
                <logEntry id="1653589821376" logLevel="Update" messageType="General">Successfully opened user home page</logEntry>
                <logEntry id="1653589821500" messageType="General">Going to update browser window handles.</logEntry>
                <logEntry id="1653589821500" logLevel="Debug" messageType="General">Update browser window handles.</logEntry>
                <logEntry id="1653589821555" logLevel="Update" messageType="General">Successfully updated browser window handles.</logEntry>
                <logEntry id="1653589833952" messageType="General">All Sub-Test Steps were successful.</logEntry>
                <logEntry id="1653589834021" messageType="General">Closing Page context.  Name: screen, data: null, frame: null</logEntry>
                <logEntry id="1653589834022" messageType="General">Main window reselected.  Window: main</logEntry>
                <logEntry id="1653589834095" messageType="General">Switched focus to main window.  URL: https://automationtesting2--rstk.visualforce.com/apex/rtproc?actionType=view&amp;id=a4q5f000000hVig</logEntry>
                <logEntry id="1653589836107" messageType="General">Going to update browser window handles.</logEntry>
                <logEntry id="1653589836107" logLevel="Debug" messageType="General">Update browser window handles.</logEntry>
                <logEntry id="1653589836186" logLevel="Update" messageType="General">Successfully updated browser window handles.</logEntry>
              </logEntries>
            </executionItem>
            <executionItem endedUtc="1653589836237" executionErrorCount="0" executionStatus="Executed" executionWarningCount="0" failureCount="0" id="root:plans:Mayur-2-ShopFloor:RSTK-9706-CRUD operation on Manufacturing Processes.testinstance:RSTK-9706-CRUD operation on Manufacturing Processes.testcase:34:35.0:929" iterationIndex="-1" skippedCount="0" startedUtc="1653589836193" successfulCount="1" testApiId="com.provar.plugins.bundled.apis.If" testItemClass="IApiCall" title="If: {GetSelectedEnvironment() = &quot;PDE5&quot;}">
              <childItems>
                <executionItem endedUtc="0" executionErrorCount="0" executionWarningCount="0" failureCount="0" id="root:plans:Mayur-2-ShopFloor:RSTK-9706-CRUD operation on Manufacturing Processes.testinstance:RSTK-9706-CRUD operation on Manufacturing Processes.testcase:34:35.0:929:930" iterationIndex="-1" skippedCount="0" startedUtc="0" successfulCount="0" testClauseName="then" testItemClass="ITestClause" title="Then">
                  <childItems>
                    <executionItem endedUtc="0" executionErrorCount="0" executionWarningCount="0" failureCount="0" id="root:plans:Mayur-2-ShopFloor:RSTK-9706-CRUD operation on Manufacturing Processes.testinstance:RSTK-9706-CRUD operation on Manufacturing Processes.testcase:34:35.0:929:930:942" iterationIndex="-1" skippedCount="0" startedUtc="0" successfulCount="0" testApiId="com.provar.plugins.bundled.apis.control.StepGroup" testItemClass="IApiCall" title="Read excel data for selected environment">
                      <childItems>
                        <executionItem endedUtc="0" executionErrorCount="0" executionWarningCount="0" failureCount="0" id="root:plans:Mayur-2-ShopFloor:RSTK-9706-CRUD operation on Manufacturing Processes.testinstance:RSTK-9706-CRUD operation on Manufacturing Processes.testcase:34:35.0:929:930:942:945" iterationIndex="-1" skippedCount="0" startedUtc="0" successfulCount="0" testClauseName="hidden" testItemClass="ITestClause" title="Steps">
                          <childItems/>
                        </executionItem>
                      </childItems>
                    </executionItem>
                  </childItems>
                </executionItem>
                <executionItem endedUtc="1653589836237" executionErrorCount="0" executionStatus="Executed" executionWarningCount="0" failureCount="0" id="root:plans:Mayur-2-ShopFloor:RSTK-9706-CRUD operation on Manufacturing Processes.testinstance:RSTK-9706-CRUD operation on Manufacturing Processes.testcase:34:35.0:929:931" iterationIndex="-1" skippedCount="0" startedUtc="1653589836200" successfulCount="1" testClauseName="else" testItemClass="ITestClause" title="Else">
                  <childItems>
                    <executionItem endedUtc="1653589836237" executionErrorCount="0" executionStatus="Executed" executionWarningCount="0" failureCount="0" id="root:plans:Mayur-2-ShopFloor:RSTK-9706-CRUD operation on Manufacturing Processes.testinstance:RSTK-9706-CRUD operation on Manufacturing Processes.testcase:34:35.0:929:931:932" iterationIndex="-1" skippedCount="0" startedUtc="1653589836206" successfulCount="1" testApiId="com.provar.plugins.bundled.apis.If" testItemClass="IApiCall" title="If: {GetSelectedEnvironment() = &quot;AutomationOrg&quot;}">
                      <childItems>
                        <executionItem endedUtc="1653589836237" executionErrorCount="0" executionStatus="Executed" executionWarningCount="0" failureCount="0" id="root:plans:Mayur-2-ShopFloor:RSTK-9706-CRUD operation on Manufacturing Processes.testinstance:RSTK-9706-CRUD operation on Manufacturing Processes.testcase:34:35.0:929:931:932:933" iterationIndex="-1" skippedCount="0" startedUtc="1653589836213" successfulCount="1" testClauseName="then" testItemClass="ITestClause" title="Then">
                          <childItems>
                            <executionItem endedUtc="1653589836237" executionErrorCount="0" executionStatus="Executed" executionWarningCount="0" failureCount="0" id="root:plans:Mayur-2-ShopFloor:RSTK-9706-CRUD operation on Manufacturing Processes.testinstance:RSTK-9706-CRUD operation on Manufacturing Processes.testcase:34:35.0:929:931:932:933:940" iterationIndex="-1" skippedCount="0" startedUtc="1653589836223" successfulCount="1" testApiId="com.provar.plugins.bundled.apis.control.StepGroup" testItemClass="IApiCall" title="Read excel data for selected environment">
                              <childItems>
                                <executionItem endedUtc="1653589836235" executionErrorCount="0" executionStatus="Executed" executionWarningCount="0" failureCount="0" id="root:plans:Mayur-2-ShopFloor:RSTK-9706-CRUD operation on Manufacturing Processes.testinstance:RSTK-9706-CRUD operation on Manufacturing Processes.testcase:34:35.0:929:931:932:933:940:943" iterationIndex="-1" skippedCount="0" startedUtc="1653589836235" successfulCount="1" testClauseName="hidden" testItemClass="ITestClause" title="Steps">
                                  <childItems/>
                                </executionItem>
                              </childItems>
                              <logEntries>
                                <logEntry id="1653589836223" messageType="ParameterValueSource">Loading data from Parameter Value Source ...</logEntry>
                                <logEntry id="1653589836231" messageType="General">Loading Parameter Value Source row 1:</logEntry>
                                <logEntry id="1653589836232" messageType="General">==Column=&gt; RowNumber = PrimitiveValueImpl [ value: 2, valueId=null, createdUpdateSeq=-1, updatedUpdateSeq=-1]</logEntry>
                                <logEntry id="1653589836233" messageType="General">==Column=&gt; ProcessNumber = PrimitiveValueImpl [ value: Pro-PN1, valueId=null, createdUpdateSeq=-1, updatedUpdateSeq=-1]</logEntry>
                                <logEntry id="1653589836233" messageType="General">==Column=&gt; Description = PrimitiveValueImpl [ value: Provar Test Update, valueId=null, createdUpdateSeq=-1, updatedUpdateSeq=-1]</logEntry>
                                <logEntry id="1653589836233" logLevel="Update" messageType="General">Loaded 1 rows from Parameter Value Source.</logEntry>
                              </logEntries>
                            </executionItem>
                          </childItems>
                          <logEntries>
                            <logEntry id="1653589836213" messageType="ParameterValueSource">Loading data from Parameter Value Source ...</logEntry>
                            <logEntry id="1653589836223" messageType="General">Loading Parameter Value Source row 1:</logEntry>
                            <logEntry id="1653589836223" messageType="General">==Column=&gt; RowNumber = PrimitiveValueImpl [ value: 2, valueId=null, createdUpdateSeq=-1, updatedUpdateSeq=-1]</logEntry>
                            <logEntry id="1653589836223" messageType="General">==Column=&gt; ProcessNumber = PrimitiveValueImpl [ value: Pro-PN1, valueId=null, createdUpdateSeq=-1, updatedUpdateSeq=-1]</logEntry>
                            <logEntry id="1653589836223" messageType="General">==Column=&gt; Description = PrimitiveValueImpl [ value: Provar Test Update, valueId=null, createdUpdateSeq=-1, updatedUpdateSeq=-1]</logEntry>
                            <logEntry id="1653589836223" logLevel="Update" messageType="General">Loaded 1 rows from Parameter Value Source.</logEntry>
                          </logEntries>
                        </executionItem>
                        <executionItem endedUtc="0" executionErrorCount="0" executionWarningCount="0" failureCount="0" id="root:plans:Mayur-2-ShopFloor:RSTK-9706-CRUD operation on Manufacturing Processes.testinstance:RSTK-9706-CRUD operation on Manufacturing Processes.testcase:34:35.0:929:931:932:934" iterationIndex="-1" skippedCount="0" startedUtc="0" successfulCount="0" testClauseName="else" testItemClass="ITestClause" title="Else">
                          <childItems>
                            <executionItem endedUtc="0" executionErrorCount="0" executionWarningCount="0" failureCount="0" id="root:plans:Mayur-2-ShopFloor:RSTK-9706-CRUD operation on Manufacturing Processes.testinstance:RSTK-9706-CRUD operation on Manufacturing Processes.testcase:34:35.0:929:931:932:934:938" iterationIndex="-1" skippedCount="0" startedUtc="0" successfulCount="0" testApiId="com.provar.plugins.bundled.apis.control.StepGroup" testItemClass="IApiCall" title="Read excel data for selected environment">
                              <childItems>
                                <executionItem endedUtc="0" executionErrorCount="0" executionWarningCount="0" failureCount="0" id="root:plans:Mayur-2-ShopFloor:RSTK-9706-CRUD operation on Manufacturing Processes.testinstance:RSTK-9706-CRUD operation on Manufacturing Processes.testcase:34:35.0:929:931:932:934:938:941" iterationIndex="-1" skippedCount="0" startedUtc="0" successfulCount="0" testClauseName="hidden" testItemClass="ITestClause" title="Steps">
                                  <childItems/>
                                </executionItem>
                              </childItems>
                            </executionItem>
                          </childItems>
                        </executionItem>
                      </childItems>
                    </executionItem>
                  </childItems>
                </executionItem>
              </childItems>
            </executionItem>
            <executionItem endedUtc="1653589850077" executionErrorCount="0" executionStatus="Executed" executionWarningCount="0" failureCount="0" id="root:plans:Mayur-2-ShopFloor:RSTK-9706-CRUD operation on Manufacturing Processes.testinstance:RSTK-9706-CRUD operation on Manufacturing Processes.testcase:34:35.0:62" iterationIndex="-1" skippedCount="0" startedUtc="1653589836237" successfulCount="1" testApiId="com.provar.plugins.bundled.apis.control.ForEach" testItemClass="IApiCall" title="Update Record">
              <childItems>
                <executionItem endedUtc="1653589850074" executionErrorCount="0" executionStatus="Executed" executionWarningCount="0" failureCount="0" id="root:plans:Mayur-2-ShopFloor:RSTK-9706-CRUD operation on Manufacturing Processes.testinstance:RSTK-9706-CRUD operation on Manufacturing Processes.testcase:34:35.0:62:63.0" iterationIndex="0" skippedCount="0" startedUtc="1653589836239" successfulCount="1" testClauseName="substeps" testItemClass="ITestClause" title="Iteration 1">
                  <childItems>
                    <executionItem endedUtc="1653589850074" executionErrorCount="0" executionStatus="Executed" executionWarningCount="0" failureCount="0" id="root:plans:Mayur-2-ShopFloor:RSTK-9706-CRUD operation on Manufacturing Processes.testinstance:RSTK-9706-CRUD operation on Manufacturing Processes.testcase:34:35.0:62:63.0:16" iterationIndex="-1" skippedCount="0" startedUtc="1653589836239" successfulCount="1" testApiId="com.provar.plugins.forcedotcom.core.ui.UiWithScreen" testItemClass="IApiCall" title="On SF rstk__Rtproc page with pageobject Rstk__ Rtproc">
                      <childItems>
                        <executionItem endedUtc="1653589843260" executionErrorCount="0" executionStatus="Executed" executionWarningCount="0" failureCount="0" id="root:plans:Mayur-2-ShopFloor:RSTK-9706-CRUD operation on Manufacturing Processes.testinstance:RSTK-9706-CRUD operation on Manufacturing Processes.testcase:34:35.0:62:63.0:16:17" iterationIndex="-1" skippedCount="0" startedUtc="1653589838541" successfulCount="1" testClauseName="substeps" testItemClass="ITestClause" title="Sub Steps">
                          <childItems>
                            <executionItem endedUtc="1653589839064" executionErrorCount="0" executionStatus="Executed" executionWarningCount="0" failureCount="0" id="root:plans:Mayur-2-ShopFloor:RSTK-9706-CRUD operation on Manufacturing Processes.testinstance:RSTK-9706-CRUD operation on Manufacturing Processes.testcase:34:35.0:62:63.0:16:17:18" iterationIndex="-1" skippedCount="0" startedUtc="1653589838541" successfulCount="1" testApiId="com.provar.plugins.forcedotcom.core.ui.UiDoAction" testItemClass="IApiCall" title="Click the Edit button">
                              <childItems/>
                              <logEntries>
                                <logEntry id="1653589838543" messageType="General">Start of Interact.  Connection: SFConnection, Locator: ui:locator?name=edit, before wait: default, after wait: default, auto retry: default</logEntry>
                                <logEntry id="1653589838618" messageType="General">Locator: ui:locator?name=edit</logEntry>
                                <logEntry id="1653589838618" messageType="General">Interaction: ui:interaction?name=action</logEntry>
                                <logEntry id="1653589838685" messageType="General">Switched focus to main window.  URL: https://automationtesting2--rstk.visualforce.com/apex/rtproc?actionType=view&amp;id=a4q5f000000hVig</logEntry>
                                <logEntry id="1653589838718" messageType="General">Doing before wait.  waitUrl: default</logEntry>
                                <logEntry id="1653589838718" messageType="General">End of &amp;lt;default&amp;gt; wait.</logEntry>
                                <logEntry id="1653589838718" messageType="General">Doing after wait.  waitUrl: default</logEntry>
                                <logEntry id="1653589838971" messageType="General">Clicking WebElement.  WebElement [tag: input, text: Edit]</logEntry>
                                <logEntry id="1653589839003" messageType="General">Doing after wait.  waitUrl: default</logEntry>
                                <logEntry id="1653589839004" messageType="General">End of &amp;lt;default&amp;gt; wait.</logEntry>
                                <logEntry id="1653589839004" messageType="General">Going to update browser window handles.</logEntry>
                                <logEntry id="1653589839004" logLevel="Debug" messageType="General">Update browser window handles.</logEntry>
                                <logEntry id="1653589839064" logLevel="Update" messageType="General">Successfully updated browser window handles.</logEntry>
                              </logEntries>
                            </executionItem>
                            <executionItem endedUtc="1653589842738" executionErrorCount="0" executionStatus="Executed" executionWarningCount="0" failureCount="0" id="root:plans:Mayur-2-ShopFloor:RSTK-9706-CRUD operation on Manufacturing Processes.testinstance:RSTK-9706-CRUD operation on Manufacturing Processes.testcase:34:35.0:62:63.0:16:17:22" iterationIndex="-1" skippedCount="0" startedUtc="1653589839064" successfulCount="1" testApiId="com.provar.plugins.forcedotcom.core.ui.UiDoAction" testItemClass="IApiCall" title="Set the Description field to Provar Test Update">
                              <childItems/>
                              <logEntries>
                                <logEntry id="1653589839066" messageType="General">Start of Interact.  Connection: SFConnection, Locator: ui:locator?name=description, before wait: default, after wait: default, auto retry: default</logEntry>
                                <logEntry id="1653589839142" messageType="General">Locator: ui:locator?name=description</logEntry>
                                <logEntry id="1653589839142" messageType="General">Interaction: ui:interaction?name=set</logEntry>
                                <logEntry id="1653589841826" messageType="General">Switched focus to main window.  URL: https://automationtesting2--rstk.visualforce.com/apex/Rtproc?id=a4q5f000000hVig&amp;sfdc.override=1</logEntry>
                                <logEntry id="1653589841957" messageType="General">Doing before wait.  waitUrl: default</logEntry>
                                <logEntry id="1653589841957" messageType="General">End of &amp;lt;default&amp;gt; wait.</logEntry>
                                <logEntry id="1653589841957" messageType="General">Doing after wait.  waitUrl: default</logEntry>
                                <logEntry id="1653589842014" messageType="General">Got webElement.  tagName: INPUT, id: null, type: text, selector: null</logEntry>
                                <logEntry id="1653589842319" messageType="General">Typing value.  tagName: INPUT, type: text, value: Provar Test Update, blur: false, selector: null</logEntry>
                                <logEntry id="1653589842682" messageType="General">Doing after wait.  waitUrl: default</logEntry>
                                <logEntry id="1653589842682" messageType="General">End of &amp;lt;default&amp;gt; wait.</logEntry>
                                <logEntry id="1653589842683" messageType="General">Going to update browser window handles.</logEntry>
                                <logEntry id="1653589842683" logLevel="Debug" messageType="General">Update browser window handles.</logEntry>
                                <logEntry id="1653589842738" logLevel="Update" messageType="General">Successfully updated browser window handles.</logEntry>
                              </logEntries>
                            </executionItem>
                            <executionItem endedUtc="1653589843260" executionErrorCount="0" executionStatus="Executed" executionWarningCount="0" failureCount="0" id="root:plans:Mayur-2-ShopFloor:RSTK-9706-CRUD operation on Manufacturing Processes.testinstance:RSTK-9706-CRUD operation on Manufacturing Processes.testcase:34:35.0:62:63.0:16:17:23" iterationIndex="-1" skippedCount="0" startedUtc="1653589842738" successfulCount="1" testApiId="com.provar.plugins.forcedotcom.core.ui.UiDoAction" testItemClass="IApiCall" title="Click the Save button">
                              <childItems/>
                              <logEntries>
                                <logEntry id="1653589842746" messageType="General">Start of Interact.  Connection: SFConnection, Locator: ui:locator?name=save, before wait: default, after wait: default, auto retry: default</logEntry>
                                <logEntry id="1653589842817" messageType="General">Locator: ui:locator?name=save</logEntry>
                                <logEntry id="1653589842817" messageType="General">Interaction: ui:interaction?name=action</logEntry>
                                <logEntry id="1653589842885" messageType="General">Switched focus to main window.  URL: https://automationtesting2--rstk.visualforce.com/apex/Rtproc?id=a4q5f000000hVig&amp;sfdc.override=1</logEntry>
                                <logEntry id="1653589842916" messageType="General">Doing before wait.  waitUrl: default</logEntry>
                                <logEntry id="1653589842917" messageType="General">End of &amp;lt;default&amp;gt; wait.</logEntry>
                                <logEntry id="1653589842917" messageType="General">Doing after wait.  waitUrl: default</logEntry>
                                <logEntry id="1653589843167" messageType="General">Clicking WebElement.  WebElement [tag: input, text: Save]</logEntry>
                                <logEntry id="1653589843199" messageType="General">Doing after wait.  waitUrl: default</logEntry>
                                <logEntry id="1653589843199" messageType="General">End of &amp;lt;default&amp;gt; wait.</logEntry>
                                <logEntry id="1653589843199" messageType="General">Going to update browser window handles.</logEntry>
                                <logEntry id="1653589843199" logLevel="Debug" messageType="General">Update browser window handles.</logEntry>
                                <logEntry id="1653589843258" logLevel="Update" messageType="General">Successfully updated browser window handles.</logEntry>
                              </logEntries>
                            </executionItem>
                          </childItems>
                        </executionItem>
                      </childItems>
                      <logEntries>
                        <logEntry id="1653589836241" messageType="General">Start of With Screen.  Connection Name: SFConnection, target: sf:ui:target?pageObject=pageobjects.rstk__Rtproc&amp;page=rstk__Rtproc</logEntry>
                        <logEntry id="1653589836327" messageType="General">Opening Page context.  Name: screen, data: null, frame: null</logEntry>
                        <logEntry id="1653589838483" messageType="General">Going to update browser window handles.</logEntry>
                        <logEntry id="1653589838483" logLevel="Debug" messageType="General">Update browser window handles.</logEntry>
                        <logEntry id="1653589838541" logLevel="Update" messageType="General">Successfully updated browser window handles.</logEntry>
                        <logEntry id="1653589843262" messageType="General">All Sub-Test Steps were successful.</logEntry>
                        <logEntry id="1653589843335" messageType="General">Closing Page context.  Name: screen, data: null, frame: null</logEntry>
                        <logEntry id="1653589843335" messageType="General">Main window reselected.  Window: main</logEntry>
                        <logEntry id="1653589847986" messageType="General">Switched focus to main window.  URL: https://automationtesting2--rstk.visualforce.com/apex/rtproc?actionType=view&amp;id=a4q5f000000hVig</logEntry>
                        <logEntry id="1653589849993" messageType="General">Going to update browser window handles.</logEntry>
                        <logEntry id="1653589849993" logLevel="Debug" messageType="General">Update browser window handles.</logEntry>
                        <logEntry id="1653589850074" logLevel="Update" messageType="General">Successfully updated browser window handles.</logEntry>
                      </logEntries>
                    </executionItem>
                  </childItems>
                </executionItem>
              </childItems>
              <logEntries>
                <logEntry id="1653589836238" messageType="General">Start of iteration 1 of 1.</logEntry>
                <logEntry id="1653589850076" messageType="General">Reached the end of the List.</logEntry>
              </logEntries>
            </executionItem>
            <executionItem endedUtc="1653589863030" executionErrorCount="0" executionStatus="Executed" executionWarningCount="0" failureCount="0" id="root:plans:Mayur-2-ShopFloor:RSTK-9706-CRUD operation on Manufacturing Processes.testinstance:RSTK-9706-CRUD operation on Manufacturing Processes.testcase:34:35.0:24" iterationIndex="-1" skippedCount="0" startedUtc="1653589850077" successfulCount="1" testApiId="com.provar.plugins.bundled.apis.control.StepGroup" testItemClass="IApiCall" title="Delete Record">
              <childItems>
                <executionItem endedUtc="1653589863030" executionErrorCount="0" executionStatus="Executed" executionWarningCount="0" failureCount="0" id="root:plans:Mayur-2-ShopFloor:RSTK-9706-CRUD operation on Manufacturing Processes.testinstance:RSTK-9706-CRUD operation on Manufacturing Processes.testcase:34:35.0:24:25" iterationIndex="-1" skippedCount="0" startedUtc="1653589850079" successfulCount="1" testClauseName="hidden" testItemClass="ITestClause" title="Steps">
                  <childItems>
                    <executionItem endedUtc="1653589863030" executionErrorCount="0" executionStatus="Executed" executionWarningCount="0" failureCount="0" id="root:plans:Mayur-2-ShopFloor:RSTK-9706-CRUD operation on Manufacturing Processes.testinstance:RSTK-9706-CRUD operation on Manufacturing Processes.testcase:34:35.0:24:25:26" iterationIndex="-1" skippedCount="0" startedUtc="1653589850079" successfulCount="1" testApiId="com.provar.plugins.forcedotcom.core.ui.UiWithScreen" testItemClass="IApiCall" title="On SF rstk__Rtproc page with pageobject Rstk__ Rtproc">
                      <childItems>
                        <executionItem endedUtc="1653589860792" executionErrorCount="0" executionStatus="Executed" executionWarningCount="0" failureCount="0" id="root:plans:Mayur-2-ShopFloor:RSTK-9706-CRUD operation on Manufacturing Processes.testinstance:RSTK-9706-CRUD operation on Manufacturing Processes.testcase:34:35.0:24:25:26:27" iterationIndex="-1" skippedCount="0" startedUtc="1653589852388" successfulCount="1" testClauseName="substeps" testItemClass="ITestClause" title="Sub Steps">
                          <childItems>
                            <executionItem endedUtc="1653589852906" executionErrorCount="0" executionStatus="Executed" executionWarningCount="0" failureCount="0" id="root:plans:Mayur-2-ShopFloor:RSTK-9706-CRUD operation on Manufacturing Processes.testinstance:RSTK-9706-CRUD operation on Manufacturing Processes.testcase:34:35.0:24:25:26:27:28" iterationIndex="-1" skippedCount="0" startedUtc="1653589852388" successfulCount="1" testApiId="com.provar.plugins.forcedotcom.core.ui.UiDoAction" testItemClass="IApiCall" title="Click the Delete button">
                              <childItems/>
                              <logEntries>
                                <logEntry id="1653589852390" messageType="General">Start of Interact.  Connection: SFConnection, Locator: ui:locator?name=delete, before wait: default, after wait: default, auto retry: default</logEntry>
                                <logEntry id="1653589852465" messageType="General">Locator: ui:locator?name=delete</logEntry>
                                <logEntry id="1653589852465" messageType="General">Interaction: ui:interaction?name=action</logEntry>
                                <logEntry id="1653589852532" messageType="General">Switched focus to main window.  URL: https://automationtesting2--rstk.visualforce.com/apex/rtproc?actionType=view&amp;id=a4q5f000000hVig</logEntry>
                                <logEntry id="1653589852566" messageType="General">Doing before wait.  waitUrl: default</logEntry>
                                <logEntry id="1653589852566" messageType="General">End of &amp;lt;default&amp;gt; wait.</logEntry>
                                <logEntry id="1653589852566" messageType="General">Doing after wait.  waitUrl: default</logEntry>
                                <logEntry id="1653589852817" messageType="General">Clicking WebElement.  WebElement [tag: input, text: Delete]</logEntry>
                                <logEntry id="1653589852849" messageType="General">Doing after wait.  waitUrl: default</logEntry>
                                <logEntry id="1653589852849" messageType="General">End of &amp;lt;default&amp;gt; wait.</logEntry>
                                <logEntry id="1653589852850" messageType="General">Going to update browser window handles.</logEntry>
                                <logEntry id="1653589852850" logLevel="Debug" messageType="General">Update browser window handles.</logEntry>
                                <logEntry id="1653589852905" logLevel="Update" messageType="General">Successfully updated browser window handles.</logEntry>
                              </logEntries>
                            </executionItem>
                            <executionItem endedUtc="1653589859706" executionErrorCount="0" executionStatus="Executed" executionWarningCount="0" failureCount="0" id="root:plans:Mayur-2-ShopFloor:RSTK-9706-CRUD operation on Manufacturing Processes.testinstance:RSTK-9706-CRUD operation on Manufacturing Processes.testcase:34:35.0:24:25:26:27:31" iterationIndex="-1" skippedCount="0" startedUtc="1653589852906" successfulCount="1" testApiId="com.provar.plugins.forcedotcom.core.ui.UiHandleAlert" testItemClass="IApiCall" title="Handle UI Alerts">
                              <childItems/>
                              <logEntries>
                                <logEntry id="1653589852909" messageType="General">Start of Handle Alert.  Connection: SFConnection</logEntry>
                                <logEntry id="1653589853147" messageType="General">Sending screenshot.  Data length: 115007</logEntry>
                                <logEntry id="1653589857188" messageType="General">Start of Alert Wait.  Timeout (seconds): 30</logEntry>
                                <logEntry id="1653589857204" messageType="General">Polling for Alert successful.  Attempt: 1</logEntry>
                                <logEntry id="1653589857204" messageType="General">End of Alert Wait.  Actual duration(seconds): 0.016</logEntry>
                                <logEntry id="1653589857204" messageType="General">Switching to alert.  ExpectedMessage: Delete this record?</logEntry>
                                <logEntry id="1653589857234" messageType="General">Got alert text: Delete this record?</logEntry>
                                <logEntry id="1653589857234" messageType="General">com.provar.core.model.base.java.ComparisonType$Options@54ff55e5</logEntry>
                                <logEntry id="1653589857234" messageType="General">Asserting Alert Message, To: 'Delete this record?', Comparision Type: Equals</logEntry>
                                <logEntry id="1653589857234" messageType="AssertionSuccessful">Assertion successful. 'Delete this record?' Equals 'Delete this record?'</logEntry>
                                <logEntry id="1653589857234" messageType="General">Accepting alert.</logEntry>
                                <logEntry id="1653589857251" messageType="General">Switching back to current frame.</logEntry>
                                <logEntry id="1653589859647" messageType="General">Switched focus to main window.  URL: https://automationtesting2.my.salesforce.com/a4q</logEntry>
                                <logEntry id="1653589859647" messageType="General">Going to update browser window handles.</logEntry>
                                <logEntry id="1653589859647" logLevel="Debug" messageType="General">Update browser window handles.</logEntry>
                                <logEntry id="1653589859705" logLevel="Update" messageType="General">Successfully updated browser window handles.</logEntry>
                              </logEntries>
                              <testArtifacts>
                                <artifactFile artifactsRelativePath="ScreenShot183" createdTimestamp="1653589853147" mimeContentType="image/png" name="ScreenShot183" title="Before Screenshot : 2022/05/27 00:00:52"/>
                              </testArtifacts>
                            </executionItem>
                            <executionItem endedUtc="1653589860789" executionErrorCount="0" executionStatus="Executed" executionWarningCount="0" failureCount="0" id="root:plans:Mayur-2-ShopFloor:RSTK-9706-CRUD operation on Manufacturing Processes.testinstance:RSTK-9706-CRUD operation on Manufacturing Processes.testcase:34:35.0:24:25:26:27:32" iterationIndex="-1" skippedCount="0" startedUtc="1653589859706" successfulCount="1" testApiId="com.provar.plugins.forcedotcom.core.testapis.ApexSoqlQuery" testItemClass="IApiCall" title="Read Manufacturing Process Record Count">
                              <childItems/>
                              <logEntries>
                                <logEntry id="1653589859709" messageType="General">Reading a Salesforce object.  Connection Name: SFConnection, Query: select count() from rstk__rtproc__c where Name='Pro-PN1 (Provar Test)'</logEntry>
                                <logEntry id="1653589860789" messageType="General">The count query returned 0.</logEntry>
                              </logEntries>
                            </executionItem>
                            <executionItem endedUtc="1653589860792" executionErrorCount="0" executionStatus="Executed" executionWarningCount="0" failureCount="0" id="root:plans:Mayur-2-ShopFloor:RSTK-9706-CRUD operation on Manufacturing Processes.testinstance:RSTK-9706-CRUD operation on Manufacturing Processes.testcase:34:35.0:24:25:26:27:33" iterationIndex="-1" skippedCount="0" startedUtc="1653589860790" successfulCount="1" testApiId="com.provar.plugins.bundled.apis.AssertValues" testItemClass="IApiCall" title="Assert: 0 EqualTo 0">
                              <childItems/>
                              <logEntries>
                                <logEntry id="1653589860791" messageType="AssertionSuccessful">Assertion successful. (result) 0 = 0 (target)</logEntry>
                              </logEntries>
                            </executionItem>
                          </childItems>
                        </executionItem>
                      </childItems>
                      <logEntries>
                        <logEntry id="1653589850080" messageType="General">Start of With Screen.  Connection Name: SFConnection, target: sf:ui:target?pageObject=pageobjects.rstk__Rtproc&amp;page=rstk__Rtproc</logEntry>
                        <logEntry id="1653589850172" messageType="General">Opening Page context.  Name: screen, data: null, frame: null</logEntry>
                        <logEntry id="1653589852334" messageType="General">Going to update browser window handles.</logEntry>
                        <logEntry id="1653589852334" logLevel="Debug" messageType="General">Update browser window handles.</logEntry>
                        <logEntry id="1653589852388" logLevel="Update" messageType="General">Successfully updated browser window handles.</logEntry>
                        <logEntry id="1653589860794" messageType="General">All Sub-Test Steps were successful.</logEntry>
                        <logEntry id="1653589860871" messageType="General">Closing Page context.  Name: screen, data: null, frame: null</logEntry>
                        <logEntry id="1653589860871" messageType="General">Main window reselected.  Window: main</logEntry>
                        <logEntry id="1653589860938" messageType="General">Switched focus to main window.  URL: https://automationtesting2.my.salesforce.com/a4q</logEntry>
                        <logEntry id="1653589862952" messageType="General">Going to update browser window handles.</logEntry>
                        <logEntry id="1653589862952" logLevel="Debug" messageType="General">Update browser window handles.</logEntry>
                        <logEntry id="1653589863030" logLevel="Update" messageType="General">Successfully updated browser window handles.</logEntry>
                      </logEntries>
                    </executionItem>
                  </childItems>
                </executionItem>
              </childItems>
            </executionItem>
          </childItems>
        </executionItem>
      </childItems>
      <logEntries>
        <logEntry id="1653589790311" messageType="General">Start of iteration 1 of 1.</logEntry>
        <logEntry id="1653589863030" messageType="General">Reached the end of the List.</logEntry>
      </logEntries>
    </executionItem>
  </childItems>
</executionItem>
