<?xml version="1.0" encoding="UTF-8" standalone="no"?>
<executionItem endedUtc="1653589103122" executionErrorCount="0" executionStatus="Executed" executionWarningCount="0" failureCount="0" id="root:plans:Mayur-5-CPQ:CRUD-Master Services Agreement Template.testinstance:CRUD-Master Services Agreement Template.testcase" iterationIndex="-1" skippedCount="0" startedUtc="1653589034263" successfulCount="1" testCasePath="D:\\provar\\EventDemo\\RootedInDemo\\tests\\CPQ and Contract" testItemClass="ITestCase" title="CRUD-Master Services Agreement Template.testcase">
  <testItemSummary/>
  <childItems>
    <executionItem endedUtc="1653589039557" executionErrorCount="0" executionStatus="Executed" executionWarningCount="0" failureCount="0" id="root:plans:Mayur-5-CPQ:CRUD-Master Services Agreement Template.testinstance:CRUD-Master Services Agreement Template.testcase:1" iterationIndex="-1" skippedCount="0" startedUtc="1653589034277" successfulCount="1" testApiId="com.provar.plugins.forcedotcom.core.testapis.ApexConnect" testItemClass="IApiCall" title="Salesforce Connect: SFConnection (Test)">
      <childItems/>
      <logEntries>
        <logEntry id="1653589034282" messageType="General">Connecting to Salesforce as QARSF_Admin</logEntry>
        <logEntry id="1653589034282" logLevel="Debug" messageType="General">Connection details. Connection name: QARSF_Admin, result name: SFConnection, result scope: Test, urlString: sf:environment=PRERELEASE;apiLoginUrl=https://automationtesting2.my.salesforce.com;identityServiceUrl=https://login.salesforce.com/id/00D5f000005vwGkEAI/0055f000008Hn0WAAS;clientId={clientId};clientSecret={clientSecret};authenticationType=OAUTH;callbackUrl={callbackUrl};accessToken={accessToken};refreshToken={refreshToken}, environment: AutomationOrg, clientId: [supplied], clientSecret: [supplied], callBackUrl: [supplied], accessToken: [supplied], refreshToken: [supplied]</logEntry>
        <logEntry id="1653589034282" logLevel="Debug" messageType="General">Create object id log file.</logEntry>
        <logEntry id="1653589034288" logLevel="Trace" messageType="General">Absolute path: D:\\provar\\EventDemo\\RootedInDemo\\ANT\\..\\ANT\\Results\\Artifacts\\QARSF_Admin-objectids.log</logEntry>
        <logEntry id="1653589035290" logLevel="Debug" messageType="General">Access Token refreshed successfully.</logEntry>
        <logEntry id="1653589037911" logLevel="Debug" messageType="General">Identity Service successful. ToolingEndpoint: https://automationtesting2.my.salesforce.com/services/Soap/T/54.0/00D5f000005vwGk, ToolingRestEndpoint: https://automationtesting2.my.salesforce.com/services/data/v54.0/tooling/, PartnerEndpoint: https://automationtesting2.my.salesforce.com/services/Soap/u/54.0/00D5f000005vwGk, MetadataEndpoint: https://automationtesting2.my.salesforce.com/services/Soap/m/54.0/00D5f000005vwGk, EnterpriseEndpoint: https://automationtesting2.my.salesforce.com/services/Soap/c/54.0/00D5f000005vwGk</logEntry>
        <logEntry id="1653589037912" logLevel="Debug" messageType="General">Opening Partner connection</logEntry>
        <logEntry id="1653589037918" logLevel="Trace" messageType="General">Connection configurations: userName: automation@rootstock.com,  password: [empty], securityToken: [empty], authEndpoint: https://automationtesting2.my.salesforce.com/services/Soap/u/54.0, serviceEndpoint: https://automationtesting2.my.salesforce.com/services/Soap/u/54.0/00D5f000005vwGk</logEntry>
        <logEntry id="1653589039549" logLevel="Debug" messageType="General">Opening SOAP connection</logEntry>
        <logEntry id="1653589039553" logLevel="Trace" messageType="General">Connection configurations: userName: automation@rootstock.com,  password: [empty], securityToken: [empty], authEndpoint: https://automationtesting2.my.salesforce.com/services/Soap/u/54.0, serviceEndpoint: https://automationtesting2.my.salesforce.com/services/Soap/u/54.0</logEntry>
        <logEntry id="1653589039553" logLevel="Debug" messageType="General">Opening Metadata connection</logEntry>
        <logEntry id="1653589039556" logLevel="Trace" messageType="General">Connection configurations: userName: null,  password: [empty], securityToken: [empty], authEndpoint: https://automationtesting2.my.salesforce.com/services/Soap/u/54.0, serviceEndpoint: https://automationtesting2.my.salesforce.com/services/Soap/m/54.0/00D5f000005vwGk</logEntry>
        <logEntry id="1653589039557" logLevel="Update" messageType="General">Successfully connected to Salesforce as QARSF_Admin</logEntry>
      </logEntries>
    </executionItem>
    <executionItem endedUtc="1653589039784" executionErrorCount="0" executionStatus="Executed" executionWarningCount="0" failureCount="0" id="root:plans:Mayur-5-CPQ:CRUD-Master Services Agreement Template.testinstance:CRUD-Master Services Agreement Template.testcase:20" iterationIndex="-1" skippedCount="0" startedUtc="1653589039558" successfulCount="1" testApiId="com.provar.plugins.bundled.apis.control.StepGroup" testItemClass="IApiCall" title="Read excel data based on selected environment">
      <childItems>
        <executionItem endedUtc="1653589039777" executionErrorCount="0" executionStatus="Executed" executionWarningCount="0" failureCount="0" id="root:plans:Mayur-5-CPQ:CRUD-Master Services Agreement Template.testinstance:CRUD-Master Services Agreement Template.testcase:20:590" iterationIndex="-1" skippedCount="0" startedUtc="1653589039559" successfulCount="1" testClauseName="hidden" testItemClass="ITestClause" title="Steps">
          <childItems>
            <executionItem endedUtc="1653589039777" executionErrorCount="0" executionStatus="Executed" executionWarningCount="0" failureCount="0" id="root:plans:Mayur-5-CPQ:CRUD-Master Services Agreement Template.testinstance:CRUD-Master Services Agreement Template.testcase:20:590:591" iterationIndex="-1" skippedCount="0" startedUtc="1653589039561" successfulCount="1" testApiId="com.provar.plugins.bundled.apis.Switch" testItemClass="IApiCall" title="Switch: AutomationOrg">
              <childItems>
                <executionItem endedUtc="1653589039768" executionErrorCount="0" executionStatus="Executed" executionWarningCount="0" failureCount="0" id="root:plans:Mayur-5-CPQ:CRUD-Master Services Agreement Template.testinstance:CRUD-Master Services Agreement Template.testcase:20:590:591:595" iterationIndex="-1" skippedCount="0" startedUtc="1653589039563" successfulCount="1" testClauseName="case" testItemClass="ITestClause" title="Case">
                  <childItems>
                    <executionItem endedUtc="1653589039767" executionErrorCount="0" executionStatus="Executed" executionWarningCount="0" failureCount="0" id="root:plans:Mayur-5-CPQ:CRUD-Master Services Agreement Template.testinstance:CRUD-Master Services Agreement Template.testcase:20:590:591:595:596" iterationIndex="-1" skippedCount="0" startedUtc="1653589039563" successfulCount="1" testApiId="com.provar.plugins.bundled.apis.SwitchCase" testItemClass="IApiCall" title="Case: AutomationOrg">
                      <childItems>
                        <executionItem endedUtc="1653589039764" executionErrorCount="0" executionStatus="Executed" executionWarningCount="0" failureCount="0" id="root:plans:Mayur-5-CPQ:CRUD-Master Services Agreement Template.testinstance:CRUD-Master Services Agreement Template.testcase:20:590:591:595:596:597" iterationIndex="-1" skippedCount="0" startedUtc="1653589039565" successfulCount="1" testClauseName="steps" testItemClass="ITestClause" title="Steps">
                          <childItems>
                            <executionItem endedUtc="1653589039761" executionErrorCount="0" executionStatus="Executed" executionWarningCount="0" failureCount="0" id="root:plans:Mayur-5-CPQ:CRUD-Master Services Agreement Template.testinstance:CRUD-Master Services Agreement Template.testcase:20:590:591:595:596:597:598" iterationIndex="-1" skippedCount="0" startedUtc="1653589039719" successfulCount="1" testApiId="com.provar.plugins.bundled.apis.control.StepGroup" testItemClass="IApiCall" title="Read Exel Data">
                              <childItems>
                                <executionItem endedUtc="1653589039759" executionErrorCount="0" executionStatus="Executed" executionWarningCount="0" failureCount="0" id="root:plans:Mayur-5-CPQ:CRUD-Master Services Agreement Template.testinstance:CRUD-Master Services Agreement Template.testcase:20:590:591:595:596:597:598:599" iterationIndex="-1" skippedCount="0" startedUtc="1653589039759" successfulCount="1" testClauseName="hidden" testItemClass="ITestClause" title="Steps">
                                  <childItems/>
                                </executionItem>
                              </childItems>
                              <logEntries>
                                <logEntry id="1653589039720" messageType="ParameterValueSource">Loading data from Parameter Value Source ...</logEntry>
                                <logEntry id="1653589039743" messageType="General">Loading Parameter Value Source row 1:</logEntry>
                                <logEntry id="1653589039748" messageType="General">==Column=&gt; RowNumber = PrimitiveValueImpl [ value: 2, valueId=null, createdUpdateSeq=-1, updatedUpdateSeq=-1]</logEntry>
                                <logEntry id="1653589039749" messageType="General">==Column=&gt; MasterServicesAgreement = PrimitiveValueImpl [ value: MSA-01, valueId=null, createdUpdateSeq=-1, updatedUpdateSeq=-1]</logEntry>
                                <logEntry id="1653589039752" messageType="General">==Column=&gt; MSADescription = PrimitiveValueImpl [ value: MSA Description1, valueId=null, createdUpdateSeq=-1, updatedUpdateSeq=-1]</logEntry>
                                <logEntry id="1653589039753" messageType="General">==Column=&gt; MSAResponsibleUser = PrimitiveValueImpl [ value: Provar Automation, valueId=null, createdUpdateSeq=-1, updatedUpdateSeq=-1]</logEntry>
                                <logEntry id="1653589039753" messageType="General">==Column=&gt; MSAIsActive = null</logEntry>
                                <logEntry id="1653589039756" logLevel="Update" messageType="General">Loaded 1 rows from Parameter Value Source.</logEntry>
                              </logEntries>
                            </executionItem>
                            <executionItem endedUtc="1653589039764" executionErrorCount="0" executionStatus="Executed" executionWarningCount="0" failureCount="0" id="root:plans:Mayur-5-CPQ:CRUD-Master Services Agreement Template.testinstance:CRUD-Master Services Agreement Template.testcase:20:590:591:595:596:597:816" iterationIndex="-1" skippedCount="0" startedUtc="1653589039761" successfulCount="1" testApiId="com.provar.plugins.bundled.apis.control.Break" testItemClass="IApiCall" title="Break">
                              <childItems/>
                              <logEntries>
                                <logEntry id="1653589039764" messageType="General">BREAK</logEntry>
                              </logEntries>
                            </executionItem>
                          </childItems>
                          <logEntries>
                            <logEntry id="1653589039567" messageType="ParameterValueSource">Loading data from Parameter Value Source ...</logEntry>
                            <logEntry id="1653589039699" messageType="General">Loading Parameter Value Source row 1:</logEntry>
                            <logEntry id="1653589039703" messageType="General">==Column=&gt; RowNumber = PrimitiveValueImpl [ value: 2, valueId=null, createdUpdateSeq=-1, updatedUpdateSeq=-1]</logEntry>
                            <logEntry id="1653589039704" messageType="General">==Column=&gt; MasterServicesAgreement = PrimitiveValueImpl [ value: MSA-01, valueId=null, createdUpdateSeq=-1, updatedUpdateSeq=-1]</logEntry>
                            <logEntry id="1653589039706" messageType="General">==Column=&gt; MSADescription = PrimitiveValueImpl [ value: MSA Description1, valueId=null, createdUpdateSeq=-1, updatedUpdateSeq=-1]</logEntry>
                            <logEntry id="1653589039714" messageType="General">==Column=&gt; MSAResponsibleUser = PrimitiveValueImpl [ value: Provar Automation, valueId=null, createdUpdateSeq=-1, updatedUpdateSeq=-1]</logEntry>
                            <logEntry id="1653589039717" messageType="General">==Column=&gt; MSAIsActive = null</logEntry>
                            <logEntry id="1653589039719" logLevel="Update" messageType="General">Loaded 1 rows from Parameter Value Source.</logEntry>
                          </logEntries>
                        </executionItem>
                      </childItems>
                      <logEntries>
                        <logEntry id="1653589039565" messageType="General">Processing because the values match.  Switch Value: AutomationOrg, Value: AutomationOrg</logEntry>
                      </logEntries>
                    </executionItem>
                  </childItems>
                </executionItem>
                <executionItem endedUtc="0" executionErrorCount="0" executionWarningCount="0" failureCount="0" id="root:plans:Mayur-5-CPQ:CRUD-Master Services Agreement Template.testinstance:CRUD-Master Services Agreement Template.testcase:20:590:591:600" iterationIndex="-1" skippedCount="0" startedUtc="0" successfulCount="0" testClauseName="default" testItemClass="ITestClause" title="Default">
                  <childItems>
                    <executionItem endedUtc="0" executionErrorCount="0" executionWarningCount="0" failureCount="0" id="root:plans:Mayur-5-CPQ:CRUD-Master Services Agreement Template.testinstance:CRUD-Master Services Agreement Template.testcase:20:590:591:600:601" iterationIndex="-1" skippedCount="0" startedUtc="0" successfulCount="0" testApiId="com.provar.plugins.bundled.apis.SwitchDefault" testItemClass="IApiCall" title="Default">
                      <childItems>
                        <executionItem endedUtc="0" executionErrorCount="0" executionWarningCount="0" failureCount="0" id="root:plans:Mayur-5-CPQ:CRUD-Master Services Agreement Template.testinstance:CRUD-Master Services Agreement Template.testcase:20:590:591:600:601:602" iterationIndex="-1" skippedCount="0" startedUtc="0" successfulCount="0" testClauseName="steps" testItemClass="ITestClause" title="Steps">
                          <childItems/>
                        </executionItem>
                      </childItems>
                    </executionItem>
                  </childItems>
                </executionItem>
              </childItems>
            </executionItem>
          </childItems>
        </executionItem>
      </childItems>
    </executionItem>
    <executionItem endedUtc="1653589103122" executionErrorCount="0" executionStatus="Executed" executionWarningCount="0" failureCount="0" id="root:plans:Mayur-5-CPQ:CRUD-Master Services Agreement Template.testinstance:CRUD-Master Services Agreement Template.testcase:36" iterationIndex="-1" skippedCount="0" startedUtc="1653589039784" successfulCount="1" testApiId="com.provar.plugins.bundled.apis.control.ForEach" testItemClass="IApiCall" title="Process reords">
      <childItems>
        <executionItem endedUtc="1653589103122" executionErrorCount="0" executionStatus="Executed" executionWarningCount="0" failureCount="0" id="root:plans:Mayur-5-CPQ:CRUD-Master Services Agreement Template.testinstance:CRUD-Master Services Agreement Template.testcase:36:37.0" iterationIndex="0" skippedCount="0" startedUtc="1653589039803" successfulCount="1" testClauseName="substeps" testItemClass="ITestClause" title="Iteration 1">
          <childItems>
            <executionItem endedUtc="1653589074119" executionErrorCount="0" executionStatus="Executed" executionWarningCount="0" failureCount="0" id="root:plans:Mayur-5-CPQ:CRUD-Master Services Agreement Template.testinstance:CRUD-Master Services Agreement Template.testcase:36:37.0:53" iterationIndex="-1" skippedCount="0" startedUtc="1653589039808" successfulCount="1" testItemClass="ITestCaseCall" title="Call Create Master Services Agreement Template ">
              <childItems>
                <executionItem endedUtc="1653589074119" executionErrorCount="0" executionStatus="Executed" executionWarningCount="0" failureCount="0" id="root:plans:Mayur-5-CPQ:CRUD-Master Services Agreement Template.testinstance:CRUD-Master Services Agreement Template.testcase:36:37.0:53:Create Master Services Agreement Template .testcase" iterationIndex="-1" skippedCount="0" startedUtc="1653589039808" successfulCount="1" testCasePath="D:\\provar\\EventDemo\\RootedInDemo\\tests\\CPQ and Contract\\Callable" testItemClass="ITestCase" title="Create Master Services Agreement Template ">
                  <testItemSummary/>
                  <childItems>
                    <executionItem endedUtc="1653589039816" executionErrorCount="0" executionStatus="Executed" executionWarningCount="0" failureCount="0" id="root:plans:Mayur-5-CPQ:CRUD-Master Services Agreement Template.testinstance:CRUD-Master Services Agreement Template.testcase:36:37.0:53:Create Master Services Agreement Template .testcase:1" iterationIndex="-1" skippedCount="0" startedUtc="1653589039808" successfulCount="1" testApiId="com.provar.plugins.forcedotcom.core.testapis.ApexConnect" testItemClass="IApiCall" title="Salesforce Connect: SFConnection (Test)">
                      <childItems/>
                      <logEntries>
                        <logEntry id="1653589039815" messageType="General">Connecting to Salesforce as QARSF_Admin</logEntry>
                        <logEntry id="1653589039815" logLevel="Update" messageType="General">Re-using existing connection. Connection: QARSF_Admin, Result Name: SFConnection</logEntry>
                      </logEntries>
                    </executionItem>
                    <executionItem endedUtc="1653589064663" executionErrorCount="0" executionStatus="Executed" executionWarningCount="0" failureCount="0" id="root:plans:Mayur-5-CPQ:CRUD-Master Services Agreement Template.testinstance:CRUD-Master Services Agreement Template.testcase:36:37.0:53:Create Master Services Agreement Template .testcase:2" iterationIndex="-1" skippedCount="0" startedUtc="1653589039816" successfulCount="1" testApiId="com.provar.plugins.forcedotcom.core.ui.UiWithScreen" testItemClass="IApiCall" title="On SF Master Services Agreement Template New screen">
                      <childItems>
                        <executionItem endedUtc="1653589060193" executionErrorCount="0" executionStatus="Executed" executionWarningCount="0" failureCount="0" id="root:plans:Mayur-5-CPQ:CRUD-Master Services Agreement Template.testinstance:CRUD-Master Services Agreement Template.testcase:36:37.0:53:Create Master Services Agreement Template .testcase:2:6" iterationIndex="-1" skippedCount="0" startedUtc="1653589060193" successfulCount="1" testClauseName="substeps" testItemClass="ITestClause" title="Sub Steps">
                          <childItems/>
                        </executionItem>
                      </childItems>
                      <logEntries>
                        <logEntry id="1653589039823" messageType="General">Start of With Screen.  Connection Name: SFConnection, target: sf:ui:target?object=rstk__somsa__c&amp;action=New</logEntry>
                        <logEntry id="1653589039825" messageType="General">Opening Chrome webdriver instance to https://automationtesting2.my.salesforce.com/secur/frontdoor.jsp</logEntry>
                        <logEntry id="1653589039825" logLevel="Debug" messageType="General">Add Chrome browser specific capabilities</logEntry>
                        <logEntry id="1653589039827" logLevel="Trace" messageType="General">Using executable from UserHome Provar.  executable: C:\\Users\\Mayur\\Provar\\.chromeDriver\\chromedriver.exe</logEntry>
                        <logEntry id="1653589039837" logLevel="Trace" messageType="General">Added Chrome command line switch to bypass proxy for local addresses: --proxy-bypass-list=localhost,127.0.0.1,192.168.1.14</logEntry>
                        <logEntry id="1653589039837" logLevel="Trace" messageType="General">Added desired capability for Chrome browser proxy Null</logEntry>
                        <logEntry id="1653589039837" logLevel="Trace" messageType="General">Using executable from UserHome Provar.  executable: C:\\Users\\Mayur\\Provar\\.chromeDriver\\chromedriver.exe</logEntry>
                        <logEntry id="1653589041499" logLevel="Update" messageType="General">Successfully opened Chrome webdriver to https://automationtesting2.my.salesforce.com/secur/frontdoor.jsp</logEntry>
                        <logEntry id="1653589042884" messageType="General">Opening Page context.  Name: screen, data: null, frame: null</logEntry>
                        <logEntry id="1653589042885" messageType="General">Opening Salesforce page.  Object: rstk__somsa__c, RelatedList: null, Action: New, Page URL: /a6u/e, Current URL: chrome://new-tab-page/</logEntry>
                        <logEntry id="1653589042886" messageType="General">Opening Salesforce user home page</logEntry>
                        <logEntry id="1653589043666" logLevel="Debug" messageType="General">Navigate to home page</logEntry>
                        <logEntry id="1653589043676" logLevel="Trace" messageType="General">Opening page.  URL: https://automationtesting2.my.salesforce.com/secur/frontdoor.jsp?retURL=/home/home.jsp&amp;sid={accessToken}</logEntry>
                        <logEntry id="1653589049042" logLevel="Debug" messageType="General">Perform page load wait</logEntry>
                        <logEntry id="1653589050049" logLevel="Trace" messageType="General">Start of waitForPageToLoad. Timeout(ms): 90000</logEntry>
                        <logEntry id="1653589050085" logLevel="Trace" messageType="General">Re-attempting of waitForPageToLoad.  Timeout(ms): 90000</logEntry>
                        <logEntry id="1653589050118" logLevel="Trace" messageType="General">End of waitForPageToLoad.  Duration(ms): 68</logEntry>
                        <logEntry id="1653589050212" logLevel="Trace" messageType="General">Qualified relative URL.  URL: https://automationtesting2.my.salesforce.com/a6u/e</logEntry>
                        <logEntry id="1653589050212" logLevel="Trace" messageType="General">Opening page.  Requested URL: /a6u/e, Absolute URL: https://automationtesting2.my.salesforce.com/a6u/e?//automationtesting2.my.salesforce.com/a6u/e=</logEntry>
                        <logEntry id="1653589054899" logLevel="Debug" messageType="General">Perform page load wait</logEntry>
                        <logEntry id="1653589055042" logLevel="Update" messageType="General">Successfully opened user home page</logEntry>
                        <logEntry id="1653589060051" messageType="General">Going to update browser window handles.</logEntry>
                        <logEntry id="1653589060051" logLevel="Debug" messageType="General">Update browser window handles.</logEntry>
                        <logEntry id="1653589060193" logLevel="Update" messageType="General">Successfully updated browser window handles.</logEntry>
                        <logEntry id="1653589060193" messageType="General">All Sub-Test Steps were successful.</logEntry>
                        <logEntry id="1653589060318" messageType="General">Switched focus to main window.  URL: https://automationtesting2--rstk.visualforce.com/apex/somsa?save_new=1&amp;sfdc.override=1</logEntry>
                        <logEntry id="1653589060318" logLevel="Trace" messageType="General">Start of waitForPageToLoad. Timeout(ms): 90000</logEntry>
                        <logEntry id="1653589060349" logLevel="Trace" messageType="General">Re-attempting of waitForPageToLoad.  Timeout(ms): 90000</logEntry>
                        <logEntry id="1653589060381" logLevel="Trace" messageType="General">End of waitForPageToLoad.  Duration(ms): 63</logEntry>
                        <logEntry id="1653589060412" messageType="General">Fetching created Id from URL</logEntry>
                        <logEntry id="1653589062453" messageType="General">Reattempting for the createdId</logEntry>
                        <logEntry id="1653589062469" messageType="General">Reattempting for the createdId</logEntry>
                        <logEntry id="1653589062485" messageType="General">Reattempting for the createdId</logEntry>
                        <logEntry id="1653589062501" messageType="General">Discarding created Salesforce Object Id because no Result Name was specified.</logEntry>
                        <logEntry id="1653589062501" messageType="General">Closing Page context.  Name: screen, data: null, frame: null</logEntry>
                        <logEntry id="1653589062501" messageType="General">Main window reselected.  Window: main</logEntry>
                        <logEntry id="1653589062563" messageType="General">Switched focus to main window.  URL: https://automationtesting2--rstk.visualforce.com/apex/somsa?save_new=1&amp;sfdc.override=1</logEntry>
                        <logEntry id="1653589064578" messageType="General">Going to update browser window handles.</logEntry>
                        <logEntry id="1653589064579" logLevel="Debug" messageType="General">Update browser window handles.</logEntry>
                        <logEntry id="1653589064661" logLevel="Update" messageType="General">Successfully updated browser window handles.</logEntry>
                      </logEntries>
                    </executionItem>
                    <executionItem endedUtc="1653589074119" executionErrorCount="0" executionStatus="Executed" executionWarningCount="0" failureCount="0" id="root:plans:Mayur-5-CPQ:CRUD-Master Services Agreement Template.testinstance:CRUD-Master Services Agreement Template.testcase:36:37.0:53:Create Master Services Agreement Template .testcase:3" iterationIndex="-1" skippedCount="0" startedUtc="1653589064663" successfulCount="1" testApiId="com.provar.plugins.forcedotcom.core.ui.UiWithScreen" testItemClass="IApiCall" title="On SF rstk__somsa page with pageobject Rstk__somsa">
                      <childItems>
                        <executionItem endedUtc="1653589068538" executionErrorCount="0" executionStatus="Executed" executionWarningCount="0" failureCount="0" id="root:plans:Mayur-5-CPQ:CRUD-Master Services Agreement Template.testinstance:CRUD-Master Services Agreement Template.testcase:36:37.0:53:Create Master Services Agreement Template .testcase:3:8" iterationIndex="-1" skippedCount="0" startedUtc="1653589064865" successfulCount="1" testClauseName="substeps" testItemClass="ITestClause" title="Sub Steps">
                          <childItems>
                            <executionItem endedUtc="1653589065960" executionErrorCount="0" executionStatus="Executed" executionWarningCount="0" failureCount="0" id="root:plans:Mayur-5-CPQ:CRUD-Master Services Agreement Template.testinstance:CRUD-Master Services Agreement Template.testcase:36:37.0:53:Create Master Services Agreement Template .testcase:3:8:9" iterationIndex="-1" skippedCount="0" startedUtc="1653589064865" successfulCount="1" testApiId="com.provar.plugins.forcedotcom.core.ui.UiDoAction" testItemClass="IApiCall" title="Set the Master Services Agreement field to MSA-01">
                              <childItems/>
                              <logEntries>
                                <logEntry id="1653589064871" messageType="General">Start of Interact.  Connection: SFConnection, Locator: ui:locator?name=masterServicesAgreement, before wait: default, after wait: default, auto retry: default</logEntry>
                                <logEntry id="1653589064979" messageType="General">Locator: ui:locator?name=masterServicesAgreement</logEntry>
                                <logEntry id="1653589064980" messageType="General">Interaction: ui:interaction?name=set</logEntry>
                                <logEntry id="1653589065051" messageType="General">Switched focus to main window.  URL: https://automationtesting2--rstk.visualforce.com/apex/somsa?save_new=1&amp;sfdc.override=1</logEntry>
                                <logEntry id="1653589065259" messageType="General">Doing before wait.  waitUrl: default</logEntry>
                                <logEntry id="1653589065260" messageType="General">End of &amp;lt;default&amp;gt; wait.</logEntry>
                                <logEntry id="1653589065260" messageType="General">Doing after wait.  waitUrl: default</logEntry>
                                <logEntry id="1653589065318" messageType="General">Got webElement.  tagName: INPUT, id: pg:fm:pb:pbs_Main:j_id100:somsa_title__c, type: text, selector: null</logEntry>
                                <logEntry id="1653589065538" messageType="General">Typing value.  tagName: INPUT, type: text, value: MSA-01, blur: false, selector: null</logEntry>
                                <logEntry id="1653589065897" messageType="General">Doing after wait.  waitUrl: default</logEntry>
                                <logEntry id="1653589065897" messageType="General">End of &amp;lt;default&amp;gt; wait.</logEntry>
                                <logEntry id="1653589065897" messageType="General">Going to update browser window handles.</logEntry>
                                <logEntry id="1653589065897" logLevel="Debug" messageType="General">Update browser window handles.</logEntry>
                                <logEntry id="1653589065960" logLevel="Update" messageType="General">Successfully updated browser window handles.</logEntry>
                              </logEntries>
                            </executionItem>
                            <executionItem endedUtc="1653589067235" executionErrorCount="0" executionStatus="Executed" executionWarningCount="0" failureCount="0" id="root:plans:Mayur-5-CPQ:CRUD-Master Services Agreement Template.testinstance:CRUD-Master Services Agreement Template.testcase:36:37.0:53:Create Master Services Agreement Template .testcase:3:8:10" iterationIndex="-1" skippedCount="0" startedUtc="1653589065960" successfulCount="1" testApiId="com.provar.plugins.forcedotcom.core.ui.UiDoAction" testItemClass="IApiCall" title="Set the M SA Description field to MSA Description1">
                              <childItems/>
                              <logEntries>
                                <logEntry id="1653589065976" messageType="General">Start of Interact.  Connection: SFConnection, Locator: ui:locator?name=mSADescription, before wait: default, after wait: default, auto retry: default</logEntry>
                                <logEntry id="1653589066054" messageType="General">Locator: ui:locator?name=mSADescription</logEntry>
                                <logEntry id="1653589066054" messageType="General">Interaction: ui:interaction?name=set</logEntry>
                                <logEntry id="1653589066117" messageType="General">Switched focus to main window.  URL: https://automationtesting2--rstk.visualforce.com/apex/somsa?save_new=1&amp;sfdc.override=1</logEntry>
                                <logEntry id="1653589066717" messageType="General">Doing before wait.  waitUrl: default</logEntry>
                                <logEntry id="1653589066718" messageType="General">End of &amp;lt;default&amp;gt; wait.</logEntry>
                                <logEntry id="1653589066718" messageType="General">Doing after wait.  waitUrl: default</logEntry>
                                <logEntry id="1653589066766" messageType="General">Got webElement.  tagName: TEXTAREA, id: pg:fm:pb:pbs_Main:somsa_desc__c, type: text, selector: null</logEntry>
                                <logEntry id="1653589066916" messageType="General">Typing value.  tagName: TEXTAREA, type: text, value: MSA Description1, blur: false, selector: null</logEntry>
                                <logEntry id="1653589067178" messageType="General">Doing after wait.  waitUrl: default</logEntry>
                                <logEntry id="1653589067179" messageType="General">End of &amp;lt;default&amp;gt; wait.</logEntry>
                                <logEntry id="1653589067179" messageType="General">Going to update browser window handles.</logEntry>
                                <logEntry id="1653589067179" logLevel="Debug" messageType="General">Update browser window handles.</logEntry>
                                <logEntry id="1653589067235" logLevel="Update" messageType="General">Successfully updated browser window handles.</logEntry>
                              </logEntries>
                            </executionItem>
                            <executionItem endedUtc="1653589068001" executionErrorCount="0" executionStatus="Executed" executionWarningCount="0" failureCount="0" id="root:plans:Mayur-5-CPQ:CRUD-Master Services Agreement Template.testinstance:CRUD-Master Services Agreement Template.testcase:36:37.0:53:Create Master Services Agreement Template .testcase:3:8:11" iterationIndex="-1" skippedCount="0" startedUtc="1653589067235" successfulCount="1" testApiId="com.provar.plugins.forcedotcom.core.ui.UiDoAction" testItemClass="IApiCall" title="Set the M SA Responsible User select to Provar Automation">
                              <childItems/>
                              <logEntries>
                                <logEntry id="1653589067238" messageType="General">Start of Interact.  Connection: SFConnection, Locator: ui:locator?name=mSAResponsibleUser, before wait: default, after wait: default, auto retry: default</logEntry>
                                <logEntry id="1653589067313" messageType="General">Locator: ui:locator?name=mSAResponsibleUser</logEntry>
                                <logEntry id="1653589067314" messageType="General">Interaction: ui:interaction?name=set</logEntry>
                                <logEntry id="1653589067380" messageType="General">Switched focus to main window.  URL: https://automationtesting2--rstk.visualforce.com/apex/somsa?save_new=1&amp;sfdc.override=1</logEntry>
                                <logEntry id="1653589067490" messageType="General">Doing before wait.  waitUrl: default</logEntry>
                                <logEntry id="1653589067491" messageType="General">End of &amp;lt;default&amp;gt; wait.</logEntry>
                                <logEntry id="1653589067492" messageType="General">Doing after wait.  waitUrl: default</logEntry>
                                <logEntry id="1653589067553" messageType="General">Got webElement.  tagName: SELECT, id: pg:fm:pb:pbs_Main:j_id104:somsa_resp__c, type: null, selector: null</logEntry>
                                <logEntry id="1653589067941" messageType="General">Doing after wait.  waitUrl: default</logEntry>
                                <logEntry id="1653589067942" messageType="General">End of &amp;lt;default&amp;gt; wait.</logEntry>
                                <logEntry id="1653589067943" messageType="General">Going to update browser window handles.</logEntry>
                                <logEntry id="1653589067943" logLevel="Debug" messageType="General">Update browser window handles.</logEntry>
                                <logEntry id="1653589068000" logLevel="Update" messageType="General">Successfully updated browser window handles.</logEntry>
                              </logEntries>
                            </executionItem>
                            <executionItem endedUtc="1653589068010" executionErrorCount="0" executionStatus="Executed" executionWarningCount="0" failureCount="0" id="root:plans:Mayur-5-CPQ:CRUD-Master Services Agreement Template.testinstance:CRUD-Master Services Agreement Template.testcase:36:37.0:53:Create Master Services Agreement Template .testcase:3:8:5" iterationIndex="-1" skippedCount="0" startedUtc="1653589068001" successfulCount="1" testApiId="com.provar.plugins.bundled.apis.If" testItemClass="IApiCall" title="If: {ip_MSAisActive = true}">
                              <childItems>
                                <executionItem endedUtc="0" executionErrorCount="0" executionWarningCount="0" failureCount="0" id="root:plans:Mayur-5-CPQ:CRUD-Master Services Agreement Template.testinstance:CRUD-Master Services Agreement Template.testcase:36:37.0:53:Create Master Services Agreement Template .testcase:3:8:5:7" iterationIndex="-1" skippedCount="0" startedUtc="0" successfulCount="0" testClauseName="then" testItemClass="ITestClause" title="Then">
                                  <childItems>
                                    <executionItem endedUtc="0" executionErrorCount="0" executionWarningCount="0" failureCount="0" id="root:plans:Mayur-5-CPQ:CRUD-Master Services Agreement Template.testinstance:CRUD-Master Services Agreement Template.testcase:36:37.0:53:Create Master Services Agreement Template .testcase:3:8:5:7:12" iterationIndex="-1" skippedCount="0" startedUtc="0" successfulCount="0" testApiId="com.provar.plugins.forcedotcom.core.ui.UiDoAction" testItemClass="IApiCall" title="Check the M SA Is Active field">
                                      <childItems/>
                                    </executionItem>
                                  </childItems>
                                </executionItem>
                              </childItems>
                            </executionItem>
                            <executionItem endedUtc="1653589068538" executionErrorCount="0" executionStatus="Executed" executionWarningCount="0" failureCount="0" id="root:plans:Mayur-5-CPQ:CRUD-Master Services Agreement Template.testinstance:CRUD-Master Services Agreement Template.testcase:36:37.0:53:Create Master Services Agreement Template .testcase:3:8:13" iterationIndex="-1" skippedCount="0" startedUtc="1653589068010" successfulCount="1" testApiId="com.provar.plugins.forcedotcom.core.ui.UiDoAction" testItemClass="IApiCall" title="Click the Save button">
                              <childItems/>
                              <logEntries>
                                <logEntry id="1653589068013" messageType="General">Start of Interact.  Connection: SFConnection, Locator: ui:locator?name=save, before wait: default, after wait: default, auto retry: default</logEntry>
                                <logEntry id="1653589068080" messageType="General">Locator: ui:locator?name=save</logEntry>
                                <logEntry id="1653589068081" messageType="General">Interaction: ui:interaction?name=action</logEntry>
                                <logEntry id="1653589068146" messageType="General">Switched focus to main window.  URL: https://automationtesting2--rstk.visualforce.com/apex/somsa?save_new=1&amp;sfdc.override=1</logEntry>
                                <logEntry id="1653589068178" messageType="General">Doing before wait.  waitUrl: default</logEntry>
                                <logEntry id="1653589068179" messageType="General">End of &amp;lt;default&amp;gt; wait.</logEntry>
                                <logEntry id="1653589068181" messageType="General">Doing after wait.  waitUrl: default</logEntry>
                                <logEntry id="1653589068432" messageType="General">Clicking WebElement.  WebElement [tag: input, text: Save]</logEntry>
                                <logEntry id="1653589068485" messageType="General">Doing after wait.  waitUrl: default</logEntry>
                                <logEntry id="1653589068485" messageType="General">End of &amp;lt;default&amp;gt; wait.</logEntry>
                                <logEntry id="1653589068486" messageType="General">Going to update browser window handles.</logEntry>
                                <logEntry id="1653589068486" logLevel="Debug" messageType="General">Update browser window handles.</logEntry>
                                <logEntry id="1653589068537" logLevel="Update" messageType="General">Successfully updated browser window handles.</logEntry>
                              </logEntries>
                            </executionItem>
                          </childItems>
                        </executionItem>
                      </childItems>
                      <logEntries>
                        <logEntry id="1653589064671" messageType="General">Start of With Screen.  Connection Name: SFConnection, target: sf:ui:target?pageObject=pageobjects.rstk__somsa&amp;page=rstk__somsa</logEntry>
                        <logEntry id="1653589064754" messageType="General">Opening Page context.  Name: screen, data: null, frame: null</logEntry>
                        <logEntry id="1653589064813" messageType="General">Going to update browser window handles.</logEntry>
                        <logEntry id="1653589064813" logLevel="Debug" messageType="General">Update browser window handles.</logEntry>
                        <logEntry id="1653589064863" logLevel="Update" messageType="General">Successfully updated browser window handles.</logEntry>
                        <logEntry id="1653589068540" messageType="General">All Sub-Test Steps were successful.</logEntry>
                        <logEntry id="1653589068617" messageType="General">Closing Page context.  Name: screen, data: null, frame: null</logEntry>
                        <logEntry id="1653589068618" messageType="General">Main window reselected.  Window: main</logEntry>
                        <logEntry id="1653589072043" messageType="General">Switched focus to main window.  URL: https://automationtesting2--rstk.visualforce.com/apex/somsa?actionType=view&amp;id=a6u5f000000yeOy</logEntry>
                        <logEntry id="1653589074041" messageType="General">Going to update browser window handles.</logEntry>
                        <logEntry id="1653589074041" logLevel="Debug" messageType="General">Update browser window handles.</logEntry>
                        <logEntry id="1653589074119" logLevel="Update" messageType="General">Successfully updated browser window handles.</logEntry>
                      </logEntries>
                    </executionItem>
                  </childItems>
                </executionItem>
              </childItems>
              <logEntries>
                <logEntry id="1653589074119" messageType="General">Handling managed resource.  Name: SFConnection</logEntry>
                <logEntry id="1653589074119" logLevel="Debug" messageType="General">Not closing Salesforce Connection because it is still being used.  Name: SFConnection</logEntry>
                <logEntry id="1653589074119" logLevel="Update" messageType="General">Salesforce Connection handled successfully.  Name: SFConnection</logEntry>
              </logEntries>
            </executionItem>
            <executionItem endedUtc="1653589074229" executionErrorCount="0" executionStatus="Executed" executionWarningCount="0" failureCount="0" id="root:plans:Mayur-5-CPQ:CRUD-Master Services Agreement Template.testinstance:CRUD-Master Services Agreement Template.testcase:36:37.0:54" iterationIndex="-1" skippedCount="0" startedUtc="1653589074119" successfulCount="1" testApiId="com.provar.plugins.bundled.apis.control.StepGroup" testItemClass="IApiCall" title="Read excel data based on selected environment">
              <childItems>
                <executionItem endedUtc="1653589074229" executionErrorCount="0" executionStatus="Executed" executionWarningCount="0" failureCount="0" id="root:plans:Mayur-5-CPQ:CRUD-Master Services Agreement Template.testinstance:CRUD-Master Services Agreement Template.testcase:36:37.0:54:55" iterationIndex="-1" skippedCount="0" startedUtc="1653589074119" successfulCount="1" testClauseName="hidden" testItemClass="ITestClause" title="Steps">
                  <childItems>
                    <executionItem endedUtc="1653589074229" executionErrorCount="0" executionStatus="Executed" executionWarningCount="0" failureCount="0" id="root:plans:Mayur-5-CPQ:CRUD-Master Services Agreement Template.testinstance:CRUD-Master Services Agreement Template.testcase:36:37.0:54:55:56" iterationIndex="-1" skippedCount="0" startedUtc="1653589074119" successfulCount="1" testApiId="com.provar.plugins.bundled.apis.Switch" testItemClass="IApiCall" title="Switch: AutomationOrg">
                      <childItems>
                        <executionItem endedUtc="1653589074213" executionErrorCount="0" executionStatus="Executed" executionWarningCount="0" failureCount="0" id="root:plans:Mayur-5-CPQ:CRUD-Master Services Agreement Template.testinstance:CRUD-Master Services Agreement Template.testcase:36:37.0:54:55:56:57" iterationIndex="-1" skippedCount="0" startedUtc="1653589074119" successfulCount="1" testClauseName="case" testItemClass="ITestClause" title="Case">
                          <childItems>
                            <executionItem endedUtc="1653589074213" executionErrorCount="0" executionStatus="Executed" executionWarningCount="0" failureCount="0" id="root:plans:Mayur-5-CPQ:CRUD-Master Services Agreement Template.testinstance:CRUD-Master Services Agreement Template.testcase:36:37.0:54:55:56:57:58" iterationIndex="-1" skippedCount="0" startedUtc="1653589074119" successfulCount="1" testApiId="com.provar.plugins.bundled.apis.SwitchCase" testItemClass="IApiCall" title="Case: AutomationOrg">
                              <childItems>
                                <executionItem endedUtc="1653589074213" executionErrorCount="0" executionStatus="Executed" executionWarningCount="0" failureCount="0" id="root:plans:Mayur-5-CPQ:CRUD-Master Services Agreement Template.testinstance:CRUD-Master Services Agreement Template.testcase:36:37.0:54:55:56:57:58:59" iterationIndex="-1" skippedCount="0" startedUtc="1653589074119" successfulCount="1" testClauseName="steps" testItemClass="ITestClause" title="Steps">
                                  <childItems>
                                    <executionItem endedUtc="1653589074213" executionErrorCount="0" executionStatus="Executed" executionWarningCount="0" failureCount="0" id="root:plans:Mayur-5-CPQ:CRUD-Master Services Agreement Template.testinstance:CRUD-Master Services Agreement Template.testcase:36:37.0:54:55:56:57:58:59:60" iterationIndex="-1" skippedCount="0" startedUtc="1653589074150" successfulCount="1" testApiId="com.provar.plugins.bundled.apis.control.StepGroup" testItemClass="IApiCall" title="Read Exel Data-Update">
                                      <childItems>
                                        <executionItem endedUtc="1653589074213" executionErrorCount="0" executionStatus="Executed" executionWarningCount="0" failureCount="0" id="root:plans:Mayur-5-CPQ:CRUD-Master Services Agreement Template.testinstance:CRUD-Master Services Agreement Template.testcase:36:37.0:54:55:56:57:58:59:60:61" iterationIndex="-1" skippedCount="0" startedUtc="1653589074213" successfulCount="1" testClauseName="hidden" testItemClass="ITestClause" title="Steps">
                                          <childItems/>
                                        </executionItem>
                                      </childItems>
                                      <logEntries>
                                        <logEntry id="1653589074150" messageType="ParameterValueSource">Loading data from Parameter Value Source ...</logEntry>
                                        <logEntry id="1653589074203" messageType="General">Loading Parameter Value Source row 1:</logEntry>
                                        <logEntry id="1653589074213" messageType="General">==Column=&gt; RowNumber = PrimitiveValueImpl [ value: 2, valueId=null, createdUpdateSeq=-1, updatedUpdateSeq=-1]</logEntry>
                                        <logEntry id="1653589074213" messageType="General">==Column=&gt; MasterServicesAgreement = PrimitiveValueImpl [ value: MSA-01, valueId=null, createdUpdateSeq=-1, updatedUpdateSeq=-1]</logEntry>
                                        <logEntry id="1653589074213" messageType="General">==Column=&gt; MSADescription = PrimitiveValueImpl [ value: MSA description update, valueId=null, createdUpdateSeq=-1, updatedUpdateSeq=-1]</logEntry>
                                        <logEntry id="1653589074213" messageType="General">==Column=&gt; MSAResponsibleUser = PrimitiveValueImpl [ value: Mayur Suryawanshi, valueId=null, createdUpdateSeq=-1, updatedUpdateSeq=-1]</logEntry>
                                        <logEntry id="1653589074213" messageType="General">==Column=&gt; MSAIsActive = PrimitiveValueImpl [ value: true, valueId=null, createdUpdateSeq=-1, updatedUpdateSeq=-1]</logEntry>
                                        <logEntry id="1653589074213" logLevel="Update" messageType="General">Loaded 1 rows from Parameter Value Source.</logEntry>
                                      </logEntries>
                                    </executionItem>
                                    <executionItem endedUtc="1653589074213" executionErrorCount="0" executionStatus="Executed" executionWarningCount="0" failureCount="0" id="root:plans:Mayur-5-CPQ:CRUD-Master Services Agreement Template.testinstance:CRUD-Master Services Agreement Template.testcase:36:37.0:54:55:56:57:58:59:62" iterationIndex="-1" skippedCount="0" startedUtc="1653589074213" successfulCount="1" testApiId="com.provar.plugins.bundled.apis.control.Break" testItemClass="IApiCall" title="Break">
                                      <childItems/>
                                      <logEntries>
                                        <logEntry id="1653589074213" messageType="General">BREAK</logEntry>
                                      </logEntries>
                                    </executionItem>
                                  </childItems>
                                  <logEntries>
                                    <logEntry id="1653589074119" messageType="ParameterValueSource">Loading data from Parameter Value Source ...</logEntry>
                                    <logEntry id="1653589074150" messageType="General">Loading Parameter Value Source row 1:</logEntry>
                                    <logEntry id="1653589074150" messageType="General">==Column=&gt; RowNumber = PrimitiveValueImpl [ value: 2, valueId=null, createdUpdateSeq=-1, updatedUpdateSeq=-1]</logEntry>
                                    <logEntry id="1653589074150" messageType="General">==Column=&gt; MasterServicesAgreement = PrimitiveValueImpl [ value: MSA-01, valueId=null, createdUpdateSeq=-1, updatedUpdateSeq=-1]</logEntry>
                                    <logEntry id="1653589074150" messageType="General">==Column=&gt; MSADescription = PrimitiveValueImpl [ value: MSA description update, valueId=null, createdUpdateSeq=-1, updatedUpdateSeq=-1]</logEntry>
                                    <logEntry id="1653589074150" messageType="General">==Column=&gt; MSAResponsibleUser = PrimitiveValueImpl [ value: Mayur Suryawanshi, valueId=null, createdUpdateSeq=-1, updatedUpdateSeq=-1]</logEntry>
                                    <logEntry id="1653589074150" messageType="General">==Column=&gt; MSAIsActive = PrimitiveValueImpl [ value: true, valueId=null, createdUpdateSeq=-1, updatedUpdateSeq=-1]</logEntry>
                                    <logEntry id="1653589074150" logLevel="Update" messageType="General">Loaded 1 rows from Parameter Value Source.</logEntry>
                                  </logEntries>
                                </executionItem>
                              </childItems>
                              <logEntries>
                                <logEntry id="1653589074119" messageType="General">Processing because the values match.  Switch Value: AutomationOrg, Value: AutomationOrg</logEntry>
                              </logEntries>
                            </executionItem>
                          </childItems>
                        </executionItem>
                        <executionItem endedUtc="0" executionErrorCount="0" executionWarningCount="0" failureCount="0" id="root:plans:Mayur-5-CPQ:CRUD-Master Services Agreement Template.testinstance:CRUD-Master Services Agreement Template.testcase:36:37.0:54:55:56:63" iterationIndex="-1" skippedCount="0" startedUtc="0" successfulCount="0" testClauseName="default" testItemClass="ITestClause" title="Default">
                          <childItems>
                            <executionItem endedUtc="0" executionErrorCount="0" executionWarningCount="0" failureCount="0" id="root:plans:Mayur-5-CPQ:CRUD-Master Services Agreement Template.testinstance:CRUD-Master Services Agreement Template.testcase:36:37.0:54:55:56:63:64" iterationIndex="-1" skippedCount="0" startedUtc="0" successfulCount="0" testApiId="com.provar.plugins.bundled.apis.SwitchDefault" testItemClass="IApiCall" title="Default">
                              <childItems>
                                <executionItem endedUtc="0" executionErrorCount="0" executionWarningCount="0" failureCount="0" id="root:plans:Mayur-5-CPQ:CRUD-Master Services Agreement Template.testinstance:CRUD-Master Services Agreement Template.testcase:36:37.0:54:55:56:63:64:65" iterationIndex="-1" skippedCount="0" startedUtc="0" successfulCount="0" testClauseName="steps" testItemClass="ITestClause" title="Steps">
                                  <childItems/>
                                </executionItem>
                              </childItems>
                            </executionItem>
                          </childItems>
                        </executionItem>
                      </childItems>
                    </executionItem>
                  </childItems>
                </executionItem>
              </childItems>
            </executionItem>
            <executionItem endedUtc="1653589090440" executionErrorCount="0" executionStatus="Executed" executionWarningCount="0" failureCount="0" id="root:plans:Mayur-5-CPQ:CRUD-Master Services Agreement Template.testinstance:CRUD-Master Services Agreement Template.testcase:36:37.0:78" iterationIndex="-1" skippedCount="0" startedUtc="1653589074229" successfulCount="1" testApiId="com.provar.plugins.bundled.apis.control.ForEach" testItemClass="IApiCall" title="Update Master Services Agreement Template">
              <childItems>
                <executionItem endedUtc="1653589090436" executionErrorCount="0" executionStatus="Executed" executionWarningCount="0" failureCount="0" id="root:plans:Mayur-5-CPQ:CRUD-Master Services Agreement Template.testinstance:CRUD-Master Services Agreement Template.testcase:36:37.0:78:79.0" iterationIndex="0" skippedCount="0" startedUtc="1653589074244" successfulCount="1" testClauseName="substeps" testItemClass="ITestClause" title="Iteration 1">
                  <childItems>
                    <executionItem endedUtc="1653589090436" executionErrorCount="0" executionStatus="Executed" executionWarningCount="0" failureCount="0" id="root:plans:Mayur-5-CPQ:CRUD-Master Services Agreement Template.testinstance:CRUD-Master Services Agreement Template.testcase:36:37.0:78:79.0:7" iterationIndex="-1" skippedCount="0" startedUtc="1653589074244" successfulCount="1" testApiId="com.provar.plugins.forcedotcom.core.ui.UiWithScreen" testItemClass="IApiCall" title="On SF rstk__somsa page with pageobject Rstk__somsa">
                      <childItems>
                        <executionItem endedUtc="1653589088194" executionErrorCount="0" executionStatus="Executed" executionWarningCount="0" failureCount="0" id="root:plans:Mayur-5-CPQ:CRUD-Master Services Agreement Template.testinstance:CRUD-Master Services Agreement Template.testcase:36:37.0:78:79.0:7:8" iterationIndex="-1" skippedCount="0" startedUtc="1653589074433" successfulCount="1" testClauseName="substeps" testItemClass="ITestClause" title="Sub Steps">
                          <childItems>
                            <executionItem endedUtc="1653589074944" executionErrorCount="0" executionStatus="Executed" executionWarningCount="0" failureCount="0" id="root:plans:Mayur-5-CPQ:CRUD-Master Services Agreement Template.testinstance:CRUD-Master Services Agreement Template.testcase:36:37.0:78:79.0:7:8:14" iterationIndex="-1" skippedCount="0" startedUtc="1653589074433" successfulCount="1" testApiId="com.provar.plugins.forcedotcom.core.ui.UiDoAction" testItemClass="IApiCall" title="Click the Edit button">
                              <childItems/>
                              <logEntries>
                                <logEntry id="1653589074436" messageType="General">Start of Interact.  Connection: SFConnection, Locator: ui:locator?name=edit, before wait: default, after wait: default, auto retry: default</logEntry>
                                <logEntry id="1653589074510" messageType="General">Locator: ui:locator?name=edit</logEntry>
                                <logEntry id="1653589074512" messageType="General">Interaction: ui:interaction?name=action</logEntry>
                                <logEntry id="1653589074577" messageType="General">Switched focus to main window.  URL: https://automationtesting2--rstk.visualforce.com/apex/somsa?actionType=view&amp;id=a6u5f000000yeOy</logEntry>
                                <logEntry id="1653589074610" messageType="General">Doing before wait.  waitUrl: default</logEntry>
                                <logEntry id="1653589074610" messageType="General">End of &amp;lt;default&amp;gt; wait.</logEntry>
                                <logEntry id="1653589074614" messageType="General">Doing after wait.  waitUrl: default</logEntry>
                                <logEntry id="1653589074854" messageType="General">Clicking WebElement.  WebElement [tag: input, text: Edit]</logEntry>
                                <logEntry id="1653589074887" messageType="General">Doing after wait.  waitUrl: default</logEntry>
                                <logEntry id="1653589074888" messageType="General">End of &amp;lt;default&amp;gt; wait.</logEntry>
                                <logEntry id="1653589074889" messageType="General">Going to update browser window handles.</logEntry>
                                <logEntry id="1653589074889" logLevel="Debug" messageType="General">Update browser window handles.</logEntry>
                                <logEntry id="1653589074943" logLevel="Update" messageType="General">Successfully updated browser window handles.</logEntry>
                              </logEntries>
                            </executionItem>
                            <executionItem endedUtc="1653589078376" executionErrorCount="0" executionStatus="Executed" executionWarningCount="0" failureCount="0" id="root:plans:Mayur-5-CPQ:CRUD-Master Services Agreement Template.testinstance:CRUD-Master Services Agreement Template.testcase:36:37.0:78:79.0:7:8:116" iterationIndex="-1" skippedCount="0" startedUtc="1653589074944" successfulCount="1" testApiId="com.provar.plugins.forcedotcom.core.ui.UiDoAction" testItemClass="IApiCall" title="Set the M SA Description field to MSA description update">
                              <childItems/>
                              <logEntries>
                                <logEntry id="1653589074947" messageType="General">Start of Interact.  Connection: SFConnection, Locator: ui:locator?name=mSADescription, before wait: default, after wait: default, auto retry: default</logEntry>
                                <logEntry id="1653589075022" messageType="General">Locator: ui:locator?name=mSADescription</logEntry>
                                <logEntry id="1653589075023" messageType="General">Interaction: ui:interaction?name=set</logEntry>
                                <logEntry id="1653589077837" messageType="General">Switched focus to main window.  URL: https://automationtesting2--rstk.visualforce.com/apex/somsa?id=a6u5f000000yeOy&amp;sfdc.override=1</logEntry>
                                <logEntry id="1653589077908" messageType="General">Doing before wait.  waitUrl: default</logEntry>
                                <logEntry id="1653589077909" messageType="General">End of &amp;lt;default&amp;gt; wait.</logEntry>
                                <logEntry id="1653589077910" messageType="General">Doing after wait.  waitUrl: default</logEntry>
                                <logEntry id="1653589077941" messageType="General">Got webElement.  tagName: TEXTAREA, id: pg:fm:pb:pbs_Main:somsa_desc__c, type: text, selector: null</logEntry>
                                <logEntry id="1653589078056" messageType="General">Typing value.  tagName: TEXTAREA, type: text, value: MSA description update, blur: false, selector: null</logEntry>
                                <logEntry id="1653589078311" messageType="General">Doing after wait.  waitUrl: default</logEntry>
                                <logEntry id="1653589078311" messageType="General">End of &amp;lt;default&amp;gt; wait.</logEntry>
                                <logEntry id="1653589078312" messageType="General">Going to update browser window handles.</logEntry>
                                <logEntry id="1653589078312" logLevel="Debug" messageType="General">Update browser window handles.</logEntry>
                                <logEntry id="1653589078376" logLevel="Update" messageType="General">Successfully updated browser window handles.</logEntry>
                              </logEntries>
                            </executionItem>
                            <executionItem endedUtc="1653589079082" executionErrorCount="0" executionStatus="Executed" executionWarningCount="0" failureCount="0" id="root:plans:Mayur-5-CPQ:CRUD-Master Services Agreement Template.testinstance:CRUD-Master Services Agreement Template.testcase:36:37.0:78:79.0:7:8:15" iterationIndex="-1" skippedCount="0" startedUtc="1653589078376" successfulCount="1" testApiId="com.provar.plugins.forcedotcom.core.ui.UiDoAction" testItemClass="IApiCall" title="Set the M SA Responsible User select to Mayur Suryawanshi">
                              <childItems/>
                              <logEntries>
                                <logEntry id="1653589078383" messageType="General">Start of Interact.  Connection: SFConnection, Locator: ui:locator?name=mSAResponsibleUser, before wait: default, after wait: default, auto retry: default</logEntry>
                                <logEntry id="1653589078457" messageType="General">Locator: ui:locator?name=mSAResponsibleUser</logEntry>
                                <logEntry id="1653589078458" messageType="General">Interaction: ui:interaction?name=set</logEntry>
                                <logEntry id="1653589078522" messageType="General">Switched focus to main window.  URL: https://automationtesting2--rstk.visualforce.com/apex/somsa?id=a6u5f000000yeOy&amp;sfdc.override=1</logEntry>
                                <logEntry id="1653589078631" messageType="General">Doing before wait.  waitUrl: default</logEntry>
                                <logEntry id="1653589078632" messageType="General">End of &amp;lt;default&amp;gt; wait.</logEntry>
                                <logEntry id="1653589078634" messageType="General">Doing after wait.  waitUrl: default</logEntry>
                                <logEntry id="1653589078693" messageType="General">Got webElement.  tagName: SELECT, id: pg:fm:pb:pbs_Main:j_id104:somsa_resp__c, type: null, selector: null</logEntry>
                                <logEntry id="1653589079028" messageType="General">Doing after wait.  waitUrl: default</logEntry>
                                <logEntry id="1653589079029" messageType="General">End of &amp;lt;default&amp;gt; wait.</logEntry>
                                <logEntry id="1653589079031" messageType="General">Going to update browser window handles.</logEntry>
                                <logEntry id="1653589079031" logLevel="Debug" messageType="General">Update browser window handles.</logEntry>
                                <logEntry id="1653589079082" logLevel="Update" messageType="General">Successfully updated browser window handles.</logEntry>
                              </logEntries>
                            </executionItem>
                            <executionItem endedUtc="1653589080340" executionErrorCount="0" executionStatus="Executed" executionWarningCount="0" failureCount="0" id="root:plans:Mayur-5-CPQ:CRUD-Master Services Agreement Template.testinstance:CRUD-Master Services Agreement Template.testcase:36:37.0:78:79.0:7:8:93" iterationIndex="-1" skippedCount="0" startedUtc="1653589079083" successfulCount="1" testApiId="com.provar.plugins.bundled.apis.If" testItemClass="IApiCall" title="If: {op_SOMSAupdate.MSAIsActive = true}">
                              <childItems>
                                <executionItem endedUtc="1653589080340" executionErrorCount="0" executionStatus="Executed" executionWarningCount="0" failureCount="0" id="root:plans:Mayur-5-CPQ:CRUD-Master Services Agreement Template.testinstance:CRUD-Master Services Agreement Template.testcase:36:37.0:78:79.0:7:8:93:94" iterationIndex="-1" skippedCount="0" startedUtc="1653589079088" successfulCount="1" testClauseName="then" testItemClass="ITestClause" title="Then">
                                  <childItems>
                                    <executionItem endedUtc="1653589080340" executionErrorCount="0" executionStatus="Executed" executionWarningCount="0" failureCount="0" id="root:plans:Mayur-5-CPQ:CRUD-Master Services Agreement Template.testinstance:CRUD-Master Services Agreement Template.testcase:36:37.0:78:79.0:7:8:93:94:16" iterationIndex="-1" skippedCount="0" startedUtc="1653589079089" successfulCount="1" testApiId="com.provar.plugins.forcedotcom.core.ui.UiDoAction" testItemClass="IApiCall" title="Check the M SA Is Active field">
                                      <childItems/>
                                      <logEntries>
                                        <logEntry id="1653589079091" messageType="General">Start of Interact.  Connection: SFConnection, Locator: ui:locator?name=mSAIsActive, before wait: default, after wait: default, auto retry: default</logEntry>
                                        <logEntry id="1653589079160" messageType="General">Locator: ui:locator?name=mSAIsActive</logEntry>
                                        <logEntry id="1653589079161" messageType="General">Interaction: ui:interaction?name=check</logEntry>
                                        <logEntry id="1653589079228" messageType="General">Switched focus to main window.  URL: https://automationtesting2--rstk.visualforce.com/apex/somsa?id=a6u5f000000yeOy&amp;sfdc.override=1</logEntry>
                                        <logEntry id="1653589079352" messageType="General">Doing before wait.  waitUrl: default</logEntry>
                                        <logEntry id="1653589079354" messageType="General">End of &amp;lt;default&amp;gt; wait.</logEntry>
                                        <logEntry id="1653589079354" messageType="General">Doing after wait.  waitUrl: default</logEntry>
                                        <logEntry id="1653589079415" messageType="General">Got webElement.  tagName: INPUT, id: pg:fm:pb:pbs_Main:somsa_active__c, type: checkbox, selector: null</logEntry>
                                        <logEntry id="1653589079955" messageType="General">Hover&gt;Clicking WebElement.  WebElement [tag: input, text: 1]</logEntry>
                                        <logEntry id="1653589080270" messageType="General">Doing after wait.  waitUrl: default</logEntry>
                                        <logEntry id="1653589080270" messageType="General">End of &amp;lt;default&amp;gt; wait.</logEntry>
                                        <logEntry id="1653589080271" messageType="General">Going to update browser window handles.</logEntry>
                                        <logEntry id="1653589080271" logLevel="Debug" messageType="General">Update browser window handles.</logEntry>
                                        <logEntry id="1653589080338" logLevel="Update" messageType="General">Successfully updated browser window handles.</logEntry>
                                      </logEntries>
                                    </executionItem>
                                  </childItems>
                                </executionItem>
                              </childItems>
                            </executionItem>
                            <executionItem endedUtc="1653589080888" executionErrorCount="0" executionStatus="Executed" executionWarningCount="0" failureCount="0" id="root:plans:Mayur-5-CPQ:CRUD-Master Services Agreement Template.testinstance:CRUD-Master Services Agreement Template.testcase:36:37.0:78:79.0:7:8:17" iterationIndex="-1" skippedCount="0" startedUtc="1653589080340" successfulCount="1" testApiId="com.provar.plugins.forcedotcom.core.ui.UiDoAction" testItemClass="IApiCall" title="Click the Save button">
                              <childItems/>
                              <logEntries>
                                <logEntry id="1653589080340" messageType="General">Start of Interact.  Connection: SFConnection, Locator: ui:locator?name=save, before wait: default, after wait: default, auto retry: default</logEntry>
                                <logEntry id="1653589080421" messageType="General">Locator: ui:locator?name=save</logEntry>
                                <logEntry id="1653589080423" messageType="General">Interaction: ui:interaction?name=action</logEntry>
                                <logEntry id="1653589080492" messageType="General">Switched focus to main window.  URL: https://automationtesting2--rstk.visualforce.com/apex/somsa?id=a6u5f000000yeOy&amp;sfdc.override=1</logEntry>
                                <logEntry id="1653589080525" messageType="General">Doing before wait.  waitUrl: default</logEntry>
                                <logEntry id="1653589080526" messageType="General">End of &amp;lt;default&amp;gt; wait.</logEntry>
                                <logEntry id="1653589080529" messageType="General">Doing after wait.  waitUrl: default</logEntry>
                                <logEntry id="1653589080793" messageType="General">Clicking WebElement.  WebElement [tag: input, text: Save]</logEntry>
                                <logEntry id="1653589080825" messageType="General">Doing after wait.  waitUrl: default</logEntry>
                                <logEntry id="1653589080825" messageType="General">End of &amp;lt;default&amp;gt; wait.</logEntry>
                                <logEntry id="1653589080825" messageType="General">Going to update browser window handles.</logEntry>
                                <logEntry id="1653589080825" logLevel="Debug" messageType="General">Update browser window handles.</logEntry>
                                <logEntry id="1653589080888" logLevel="Update" messageType="General">Successfully updated browser window handles.</logEntry>
                              </logEntries>
                            </executionItem>
                            <executionItem endedUtc="1653589086463" executionErrorCount="0" executionStatus="Executed" executionWarningCount="0" failureCount="0" id="root:plans:Mayur-5-CPQ:CRUD-Master Services Agreement Template.testinstance:CRUD-Master Services Agreement Template.testcase:36:37.0:78:79.0:7:8:98" iterationIndex="-1" skippedCount="0" startedUtc="1653589080890" successfulCount="1" testApiId="com.provar.plugins.forcedotcom.core.ui.UiAssert" testItemClass="IApiCall" title="UI Assert:MSA Description">
                              <childItems/>
                              <logEntries>
                                <logEntry id="1653589080892" messageType="General">Start of UiAssert.  Connection: SFConnection</logEntry>
                                <logEntry id="1653589080972" messageType="General">Resolving field mSADescription1</logEntry>
                                <logEntry id="1653589084471" messageType="General">Switched focus to main window.  URL: https://automationtesting2--rstk.visualforce.com/apex/somsa?actionType=view&amp;id=a6u5f000000yeOy</logEntry>
                                <logEntry id="1653589084471" messageType="General">Doing before wait.  waitUrl: default</logEntry>
                                <logEntry id="1653589084471" messageType="General">End of &amp;lt;default&amp;gt; wait.</logEntry>
                                <logEntry id="1653589085529" messageType="General">Switched focus to main window.  URL: https://automationtesting2--rstk.visualforce.com/apex/somsa?actionType=view&amp;id=a6u5f000000yeOy</logEntry>
                                <logEntry id="1653589086388" messageType="General">Asserting field attributes: mSADescription1</logEntry>
                                <logEntry id="1653589086398" messageType="General">Asserting Attribute: value to PrimitiveValueImpl [ value: MSA description update, valueId=59d, createdUpdateSeq=626, updatedUpdateSeq=626]</logEntry>
                                <logEntry id="1653589086399" messageType="AssertionSuccessful">Assertion successful.MSA description update EqualTo MSA description update</logEntry>
                                <logEntry id="1653589086400" messageType="General">Object read successfully.  Result Name: Values</logEntry>
                                <logEntry id="1653589086400" messageType="General">Going to update browser window handles.</logEntry>
                                <logEntry id="1653589086400" logLevel="Debug" messageType="General">Update browser window handles.</logEntry>
                                <logEntry id="1653589086460" logLevel="Update" messageType="General">Successfully updated browser window handles.</logEntry>
                              </logEntries>
                            </executionItem>
                            <executionItem endedUtc="1653589088194" executionErrorCount="0" executionStatus="Executed" executionWarningCount="0" failureCount="0" id="root:plans:Mayur-5-CPQ:CRUD-Master Services Agreement Template.testinstance:CRUD-Master Services Agreement Template.testcase:36:37.0:78:79.0:7:8:99" iterationIndex="-1" skippedCount="0" startedUtc="1653589086463" successfulCount="1" testApiId="com.provar.plugins.forcedotcom.core.ui.UiAssert" testItemClass="IApiCall" title="UI Assert:MSA Responsible User">
                              <childItems/>
                              <logEntries>
                                <logEntry id="1653589086469" messageType="General">Start of UiAssert.  Connection: SFConnection</logEntry>
                                <logEntry id="1653589086535" messageType="General">Resolving field mSAResponsibleUser1</logEntry>
                                <logEntry id="1653589086597" messageType="General">Switched focus to main window.  URL: https://automationtesting2--rstk.visualforce.com/apex/somsa?actionType=view&amp;id=a6u5f000000yeOy</logEntry>
                                <logEntry id="1653589086597" messageType="General">Doing before wait.  waitUrl: default</logEntry>
                                <logEntry id="1653589086597" messageType="General">End of &amp;lt;default&amp;gt; wait.</logEntry>
                                <logEntry id="1653589087366" messageType="General">Switched focus to main window.  URL: https://automationtesting2--rstk.visualforce.com/apex/somsa?actionType=view&amp;id=a6u5f000000yeOy</logEntry>
                                <logEntry id="1653589088132" messageType="General">Asserting field attributes: mSAResponsibleUser1</logEntry>
                                <logEntry id="1653589088132" messageType="General">Asserting Attribute: value to PrimitiveValueImpl [ value: Mayur Suryawanshi, valueId=59f, createdUpdateSeq=626, updatedUpdateSeq=626]</logEntry>
                                <logEntry id="1653589088132" messageType="AssertionSuccessful">Assertion successful.Mayur Suryawanshi EqualTo Mayur Suryawanshi</logEntry>
                                <logEntry id="1653589088132" messageType="General">Object read successfully.  Result Name: Values</logEntry>
                                <logEntry id="1653589088132" messageType="General">Going to update browser window handles.</logEntry>
                                <logEntry id="1653589088132" logLevel="Debug" messageType="General">Update browser window handles.</logEntry>
                                <logEntry id="1653589088194" logLevel="Update" messageType="General">Successfully updated browser window handles.</logEntry>
                              </logEntries>
                            </executionItem>
                          </childItems>
                        </executionItem>
                      </childItems>
                      <logEntries>
                        <logEntry id="1653589074260" messageType="General">Start of With Screen.  Connection Name: SFConnection, target: sf:ui:target?pageObject=pageobjects.rstk__somsa&amp;page=rstk__somsa</logEntry>
                        <logEntry id="1653589074354" messageType="General">Opening Page context.  Name: screen, data: null, frame: null</logEntry>
                        <logEntry id="1653589074375" messageType="General">Going to update browser window handles.</logEntry>
                        <logEntry id="1653589074375" logLevel="Debug" messageType="General">Update browser window handles.</logEntry>
                        <logEntry id="1653589074432" logLevel="Update" messageType="General">Successfully updated browser window handles.</logEntry>
                        <logEntry id="1653589088194" messageType="General">All Sub-Test Steps were successful.</logEntry>
                        <logEntry id="1653589088285" messageType="General">Closing Page context.  Name: screen, data: null, frame: null</logEntry>
                        <logEntry id="1653589088285" messageType="General">Main window reselected.  Window: main</logEntry>
                        <logEntry id="1653589088353" messageType="General">Switched focus to main window.  URL: https://automationtesting2--rstk.visualforce.com/apex/somsa?actionType=view&amp;id=a6u5f000000yeOy</logEntry>
                        <logEntry id="1653589090358" messageType="General">Going to update browser window handles.</logEntry>
                        <logEntry id="1653589090358" logLevel="Debug" messageType="General">Update browser window handles.</logEntry>
                        <logEntry id="1653589090435" logLevel="Update" messageType="General">Successfully updated browser window handles.</logEntry>
                      </logEntries>
                    </executionItem>
                  </childItems>
                </executionItem>
              </childItems>
              <logEntries>
                <logEntry id="1653589074244" messageType="General">Start of iteration 1 of 1.</logEntry>
                <logEntry id="1653589090440" messageType="General">Reached the end of the List.</logEntry>
              </logEntries>
            </executionItem>
            <executionItem endedUtc="1653589103122" executionErrorCount="0" executionStatus="Executed" executionWarningCount="0" failureCount="0" id="root:plans:Mayur-5-CPQ:CRUD-Master Services Agreement Template.testinstance:CRUD-Master Services Agreement Template.testcase:36:37.0:102" iterationIndex="-1" skippedCount="0" startedUtc="1653589090440" successfulCount="1" testApiId="com.provar.plugins.forcedotcom.core.ui.UiWithScreen" testItemClass="IApiCall" title="Delete Master Services Agreement Template">
              <childItems>
                <executionItem endedUtc="1653589100903" executionErrorCount="0" executionStatus="Executed" executionWarningCount="0" failureCount="0" id="root:plans:Mayur-5-CPQ:CRUD-Master Services Agreement Template.testinstance:CRUD-Master Services Agreement Template.testcase:36:37.0:102:103" iterationIndex="-1" skippedCount="0" startedUtc="1653589090610" successfulCount="1" testClauseName="substeps" testItemClass="ITestClause" title="Sub Steps">
                  <childItems>
                    <executionItem endedUtc="1653589091258" executionErrorCount="0" executionStatus="Executed" executionWarningCount="0" failureCount="0" id="root:plans:Mayur-5-CPQ:CRUD-Master Services Agreement Template.testinstance:CRUD-Master Services Agreement Template.testcase:36:37.0:102:103:112" iterationIndex="-1" skippedCount="0" startedUtc="1653589090610" successfulCount="1" testApiId="com.provar.plugins.forcedotcom.core.ui.UiDoAction" testItemClass="IApiCall" title="Click the Delete button">
                      <childItems/>
                      <logEntries>
                        <logEntry id="1653589090612" messageType="General">Start of Interact.  Connection: SFConnection, Locator: ui:locator?name=delete, before wait: default, after wait: default, auto retry: default</logEntry>
                        <logEntry id="1653589090688" messageType="General">Locator: ui:locator?name=delete</logEntry>
                        <logEntry id="1653589090689" messageType="General">Interaction: ui:interaction?name=action</logEntry>
                        <logEntry id="1653589090772" messageType="General">Switched focus to main window.  URL: https://automationtesting2--rstk.visualforce.com/apex/somsa?actionType=view&amp;id=a6u5f000000yeOy</logEntry>
                        <logEntry id="1653589090817" messageType="General">Doing before wait.  waitUrl: default</logEntry>
                        <logEntry id="1653589090818" messageType="General">End of &amp;lt;default&amp;gt; wait.</logEntry>
                        <logEntry id="1653589090819" messageType="General">Doing after wait.  waitUrl: default</logEntry>
                        <logEntry id="1653589091087" messageType="General">Clicking WebElement.  WebElement [tag: input, text: Delete]</logEntry>
                        <logEntry id="1653589091199" messageType="General">Doing after wait.  waitUrl: default</logEntry>
                        <logEntry id="1653589091206" messageType="General">End of &amp;lt;default&amp;gt; wait.</logEntry>
                        <logEntry id="1653589091207" messageType="General">Going to update browser window handles.</logEntry>
                        <logEntry id="1653589091207" logLevel="Debug" messageType="General">Update browser window handles.</logEntry>
                        <logEntry id="1653589091257" logLevel="Update" messageType="General">Successfully updated browser window handles.</logEntry>
                      </logEntries>
                    </executionItem>
                    <executionItem endedUtc="1653589099809" executionErrorCount="0" executionStatus="Executed" executionWarningCount="0" failureCount="0" id="root:plans:Mayur-5-CPQ:CRUD-Master Services Agreement Template.testinstance:CRUD-Master Services Agreement Template.testcase:36:37.0:102:103:113" iterationIndex="-1" skippedCount="0" startedUtc="1653589091258" successfulCount="1" testApiId="com.provar.plugins.forcedotcom.core.ui.UiHandleAlert" testItemClass="IApiCall" title="Handle UI Alerts">
                      <childItems/>
                      <logEntries>
                        <logEntry id="1653589091261" messageType="General">Start of Handle Alert.  Connection: SFConnection</logEntry>
                        <logEntry id="1653589095298" messageType="General">Start of Alert Wait.  Timeout (seconds): 30</logEntry>
                        <logEntry id="1653589095314" messageType="General">Polling for Alert successful.  Attempt: 1</logEntry>
                        <logEntry id="1653589095314" messageType="General">End of Alert Wait.  Actual duration(seconds): 0.016</logEntry>
                        <logEntry id="1653589095317" messageType="General">Switching to alert.  ExpectedMessage: Delete this record?</logEntry>
                        <logEntry id="1653589095345" messageType="General">Got alert text: Delete this record?</logEntry>
                        <logEntry id="1653589095346" messageType="General">com.provar.core.model.base.java.ComparisonType$Options@23337ad4</logEntry>
                        <logEntry id="1653589095348" messageType="General">Asserting Alert Message, To: 'Delete this record?', Comparision Type: Equals</logEntry>
                        <logEntry id="1653589095349" messageType="AssertionSuccessful">Assertion successful. 'Delete this record?' Equals 'Delete this record?'</logEntry>
                        <logEntry id="1653589095350" messageType="General">Accepting alert.</logEntry>
                        <logEntry id="1653589095362" messageType="General">Switching back to current frame.</logEntry>
                        <logEntry id="1653589099747" messageType="General">Switched focus to main window.  URL: https://automationtesting2.my.salesforce.com/a6u</logEntry>
                        <logEntry id="1653589099747" messageType="General">Going to update browser window handles.</logEntry>
                        <logEntry id="1653589099747" logLevel="Debug" messageType="General">Update browser window handles.</logEntry>
                        <logEntry id="1653589099808" logLevel="Update" messageType="General">Successfully updated browser window handles.</logEntry>
                      </logEntries>
                    </executionItem>
                    <executionItem endedUtc="1653589100900" executionErrorCount="0" executionStatus="Executed" executionWarningCount="0" failureCount="0" id="root:plans:Mayur-5-CPQ:CRUD-Master Services Agreement Template.testinstance:CRUD-Master Services Agreement Template.testcase:36:37.0:102:103:114" iterationIndex="-1" skippedCount="0" startedUtc="1653589099809" successfulCount="1" testApiId="com.provar.plugins.forcedotcom.core.testapis.ApexSoqlQuery" testItemClass="IApiCall" title="Read Routing Master Qty">
                      <childItems/>
                      <logEntries>
                        <logEntry id="1653589099837" messageType="General">Reading a Salesforce object.  Connection Name: SFConnection, Query: select count() from rstk__somsa__c\twhere Name='MSA-01'</logEntry>
                        <logEntry id="1653589100899" messageType="General">The count query returned 0.</logEntry>
                      </logEntries>
                    </executionItem>
                    <executionItem endedUtc="1653589100903" executionErrorCount="0" executionStatus="Executed" executionWarningCount="0" failureCount="0" id="root:plans:Mayur-5-CPQ:CRUD-Master Services Agreement Template.testinstance:CRUD-Master Services Agreement Template.testcase:36:37.0:102:103:115" iterationIndex="-1" skippedCount="0" startedUtc="1653589100900" successfulCount="1" testApiId="com.provar.plugins.bundled.apis.AssertValues" testItemClass="IApiCall" title="Assert: 0 EqualTo 0">
                      <childItems/>
                      <logEntries>
                        <logEntry id="1653589100903" messageType="AssertionSuccessful">Assertion successful. (result) 0 = 0 (target)</logEntry>
                      </logEntries>
                    </executionItem>
                  </childItems>
                </executionItem>
              </childItems>
              <logEntries>
                <logEntry id="1653589090443" messageType="General">Start of With Screen.  Connection Name: SFConnection, target: sf:ui:target?pageObject=pageobjects.rstk__somsa&amp;page=rstk__somsa</logEntry>
                <logEntry id="1653589090531" messageType="General">Opening Page context.  Name: screen, data: null, frame: null</logEntry>
                <logEntry id="1653589090554" messageType="General">Going to update browser window handles.</logEntry>
                <logEntry id="1653589090554" logLevel="Debug" messageType="General">Update browser window handles.</logEntry>
                <logEntry id="1653589090609" logLevel="Update" messageType="General">Successfully updated browser window handles.</logEntry>
                <logEntry id="1653589100905" messageType="General">All Sub-Test Steps were successful.</logEntry>
                <logEntry id="1653589100974" messageType="General">Closing Page context.  Name: screen, data: null, frame: null</logEntry>
                <logEntry id="1653589100974" messageType="General">Main window reselected.  Window: main</logEntry>
                <logEntry id="1653589101039" messageType="General">Switched focus to main window.  URL: https://automationtesting2.my.salesforce.com/a6u</logEntry>
                <logEntry id="1653589103044" messageType="General">Going to update browser window handles.</logEntry>
                <logEntry id="1653589103044" logLevel="Debug" messageType="General">Update browser window handles.</logEntry>
                <logEntry id="1653589103122" logLevel="Update" messageType="General">Successfully updated browser window handles.</logEntry>
              </logEntries>
            </executionItem>
          </childItems>
        </executionItem>
      </childItems>
      <logEntries>
        <logEntry id="1653589039792" messageType="General">Start of iteration 1 of 1.</logEntry>
        <logEntry id="1653589103122" messageType="General">Reached the end of the List.</logEntry>
      </logEntries>
    </executionItem>
  </childItems>
</executionItem>
