<?xml version="1.0" encoding="UTF-8" standalone="no"?>
<executionItem endedUtc="1653589126280" executionErrorCount="0" executionStatus="Executed" executionWarningCount="0" failureCount="0" id="root:plans:Mayur-5-CPQ:Create Sales Order.testinstance:Create Sales Order.testcase" iterationIndex="-1" skippedCount="0" startedUtc="1653589120294" successfulCount="1" testCasePath="D:\\provar\\EventDemo\\RootedInDemo\\tests\\CPQ and Contract" testItemClass="ITestCase" title="Create Sales Order.testcase">
  <childItems>
    <executionItem endedUtc="1653589126280" executionErrorCount="0" executionStatus="Executed" executionWarningCount="0" failureCount="0" id="root:plans:Mayur-5-CPQ:Create Sales Order.testinstance:Create Sales Order.testcase:1" iterationIndex="-1" skippedCount="0" startedUtc="1653589120294" successfulCount="1" testApiId="com.provar.plugins.forcedotcom.core.testapis.ApexConnect" testItemClass="IApiCall" title="Salesforce Connect: QARSF_Admin (Test)">
      <childItems/>
      <logEntries>
        <logEntry id="1653589120309" messageType="General">Connecting to Salesforce as QARSF_Admin</logEntry>
        <logEntry id="1653589120309" logLevel="Debug" messageType="General">Connection details. Connection name: QARSF_Admin, result name: QARSF_Admin, result scope: Test, urlString: sf:environment=PRERELEASE;apiLoginUrl=https://automationtesting2.my.salesforce.com;identityServiceUrl=https://login.salesforce.com/id/00D5f000005vwGkEAI/0055f000008Hn0WAAS;clientId={clientId};clientSecret={clientSecret};authenticationType=OAUTH;callbackUrl={callbackUrl};accessToken={accessToken};refreshToken={refreshToken}, environment: AutomationOrg, clientId: [supplied], clientSecret: [supplied], callBackUrl: [supplied], accessToken: [supplied], refreshToken: [supplied]</logEntry>
        <logEntry id="1653589120309" logLevel="Debug" messageType="General">Create object id log file.</logEntry>
        <logEntry id="1653589120309" logLevel="Trace" messageType="General">Absolute path: D:\\provar\\EventDemo\\RootedInDemo\\ANT\\..\\ANT\\Results\\Artifacts\\QARSF_Admin-objectids.log</logEntry>
        <logEntry id="1653589121495" logLevel="Debug" messageType="General">Access Token refreshed successfully.</logEntry>
        <logEntry id="1653589124226" logLevel="Debug" messageType="General">Identity Service successful. ToolingEndpoint: https://automationtesting2.my.salesforce.com/services/Soap/T/54.0/00D5f000005vwGk, ToolingRestEndpoint: https://automationtesting2.my.salesforce.com/services/data/v54.0/tooling/, PartnerEndpoint: https://automationtesting2.my.salesforce.com/services/Soap/u/54.0/00D5f000005vwGk, MetadataEndpoint: https://automationtesting2.my.salesforce.com/services/Soap/m/54.0/00D5f000005vwGk, EnterpriseEndpoint: https://automationtesting2.my.salesforce.com/services/Soap/c/54.0/00D5f000005vwGk</logEntry>
        <logEntry id="1653589124226" logLevel="Debug" messageType="General">Opening Partner connection</logEntry>
        <logEntry id="1653589124242" logLevel="Trace" messageType="General">Connection configurations: userName: automation@rootstock.com,  password: [empty], securityToken: [empty], authEndpoint: https://automationtesting2.my.salesforce.com/services/Soap/u/54.0, serviceEndpoint: https://automationtesting2.my.salesforce.com/services/Soap/u/54.0/00D5f000005vwGk</logEntry>
        <logEntry id="1653589126273" logLevel="Debug" messageType="General">Opening SOAP connection</logEntry>
        <logEntry id="1653589126273" logLevel="Trace" messageType="General">Connection configurations: userName: automation@rootstock.com,  password: [empty], securityToken: [empty], authEndpoint: https://automationtesting2.my.salesforce.com/services/Soap/u/54.0, serviceEndpoint: https://automationtesting2.my.salesforce.com/services/Soap/u/54.0</logEntry>
        <logEntry id="1653589126273" logLevel="Debug" messageType="General">Opening Metadata connection</logEntry>
        <logEntry id="1653589126280" logLevel="Trace" messageType="General">Connection configurations: userName: null,  password: [empty], securityToken: [empty], authEndpoint: https://automationtesting2.my.salesforce.com/services/Soap/u/54.0, serviceEndpoint: https://automationtesting2.my.salesforce.com/services/Soap/m/54.0/00D5f000005vwGk</logEntry>
        <logEntry id="1653589126280" logLevel="Update" messageType="General">Successfully connected to Salesforce as QARSF_Admin</logEntry>
      </logEntries>
    </executionItem>
  </childItems>
</executionItem>
