<?xml version="1.0" encoding="UTF-8" standalone="no"?>
<executionItem endedUtc="1653632524860" executionErrorCount="0" executionStatus="Executed" executionWarningCount="0" failureCount="1" id="root:plans:Mayur-1-WorkOrder:RSTK-9615-SYDATA-WO Issue Reversal.testinstance:RSTK-9615-SYDATA-WO Issue Reversal.testcase" iterationIndex="-1" skippedCount="0" startedUtc="1653632516113" successfulCount="0" testCasePath="D:\\provar\\EventDemo\\RootedInDemo\\tests\\SYDATA-Work Order" testItemClass="ITestCase" title="RSTK-9615-SYDATA-WO Issue Reversal.testcase">
  <testItemSummary/>
  <childItems>
    <executionItem endedUtc="1653632524860" executionErrorCount="0" executionStatus="Executed" executionWarningCount="0" failureCount="1" id="root:plans:Mayur-1-WorkOrder:RSTK-9615-SYDATA-WO Issue Reversal.testinstance:RSTK-9615-SYDATA-WO Issue Reversal.testcase:774" iterationIndex="-1" skippedCount="0" startedUtc="1653632516151" successfulCount="0" testApiId="com.provar.plugins.forcedotcom.core.testapis.ApexConnect" testItemClass="IApiCall" title="Salesforce Connect: SFConnection (Test)">
      <childItems/>
      <logEntries>
        <logEntry id="1653632516182" messageType="General">Connecting to Salesforce as QARSF_Admin</logEntry>
        <logEntry id="1653632516182" logLevel="Debug" messageType="General">Connection details. Connection name: QARSF_Admin, result name: SFConnection, result scope: Test, urlString: sf:environment=PRERELEASE;apiLoginUrl=https://automationtesting2.my.salesforce.com;identityServiceUrl=https://login.salesforce.com/id/00D5f000005vwGkEAI/0055f000008Hn0WAAS;clientId={clientId};clientSecret={clientSecret};authenticationType=OAUTH;callbackUrl={callbackUrl};accessToken={accessToken};refreshToken={refreshToken}, environment: AutomationOrg, clientId: [supplied], clientSecret: [supplied], callBackUrl: [supplied], accessToken: [supplied], refreshToken: [supplied]</logEntry>
        <logEntry id="1653632516182" logLevel="Debug" messageType="General">Create object id log file.</logEntry>
        <logEntry id="1653632516182" logLevel="Trace" messageType="General">Absolute path: D:\\provar\\EventDemo\\RootedInDemo\\ANT\\..\\ANT\\Results(1)\\Artifacts\\QARSF_Admin-objectids.log</logEntry>
        <logEntry id="1653632517674" logLevel="Error" messageType="General">Error refreshing access token. Cause: [SSLException: java.net.SocketException: Software caused connection abort: recv failed, SocketException: Software caused connection abort: recv failed]</logEntry>
        <logEntry id="1653632517674" logLevel="Debug" messageType="General">Opening Partner connection</logEntry>
        <logEntry id="1653632517674" logLevel="Trace" messageType="General">Connection configurations: userName: null,  password: [empty], securityToken: [empty], authEndpoint: https://automationtesting2.my.salesforce.com/services/Soap/u/54.0, serviceEndpoint: https://automationtesting2.my.salesforce.com/services/Soap/u/54.0</logEntry>
        <logEntry id="1653632517721" logLevel="Warning" messageType="General">Error making GET request. </logEntry>
        <logEntry id="1653632517721" logLevel="Warning" messageType="General">[SocketException: Network is unreachable: connect]</logEntry>
        <logEntry id="1653632517737" logLevel="Warning" messageType="General">Failed to Send Exception calling Partner Connection method - retrying.  Method: login, retryCounter: 1</logEntry>
        <logEntry id="1653632517737" logLevel="Warning" messageType="General">[ConnectionException: Failed to send request to https://automationtesting2.my.salesforce.com/services/Soap/u/54.0, SocketException: Network is unreachable: connect]</logEntry>
        <logEntry id="1653632519734" messageType="Progress">Getting the User's information: Getting Salesforce user information ... 0%</logEntry>
        <logEntry id="1653632524844" logLevel="Update" messageType="Progress">Getting the User's information ... 100%</logEntry>
        <logEntry id="1653632524844" logLevel="Error" messageType="General">Failed to get User Info for connection.  Connection Name: QARSF_Admin, cause: Failed to retrieve User ID.  Cause: Invalid username, password, security token; or user locked out.</logEntry>
      </logEntries>
    </executionItem>
    <executionItem endedUtc="0" executionErrorCount="0" executionStatus="Executed" executionWarningCount="0" failureCount="0" id="root:plans:Mayur-1-WorkOrder:RSTK-9615-SYDATA-WO Issue Reversal.testinstance:RSTK-9615-SYDATA-WO Issue Reversal.testcase:841" iterationIndex="-1" skippedCount="1" startedUtc="1653632524860" successfulCount="0" testApiId="com.provar.plugins.bundled.apis.control.StepGroup" testItemClass="IApiCall" title="Read Excel Data based on selected Environment">
      <childItems>
        <executionItem endedUtc="0" executionErrorCount="0" executionWarningCount="0" failureCount="0" id="root:plans:Mayur-1-WorkOrder:RSTK-9615-SYDATA-WO Issue Reversal.testinstance:RSTK-9615-SYDATA-WO Issue Reversal.testcase:841:297" iterationIndex="-1" skippedCount="0" startedUtc="0" successfulCount="0" testClauseName="hidden" testItemClass="ITestClause" title="Steps">
          <childItems>
            <executionItem endedUtc="0" executionErrorCount="0" executionWarningCount="0" failureCount="0" id="root:plans:Mayur-1-WorkOrder:RSTK-9615-SYDATA-WO Issue Reversal.testinstance:RSTK-9615-SYDATA-WO Issue Reversal.testcase:841:297:298" iterationIndex="-1" skippedCount="0" startedUtc="0" successfulCount="0" testApiId="com.provar.plugins.bundled.apis.If" testItemClass="IApiCall" title="If: {GetSelectedEnvironment() = &quot;PDE5&quot;}">
              <childItems>
                <executionItem endedUtc="0" executionErrorCount="0" executionWarningCount="0" failureCount="0" id="root:plans:Mayur-1-WorkOrder:RSTK-9615-SYDATA-WO Issue Reversal.testinstance:RSTK-9615-SYDATA-WO Issue Reversal.testcase:841:297:298:140" iterationIndex="-1" skippedCount="0" startedUtc="0" successfulCount="0" testClauseName="then" testItemClass="ITestClause" title="Then">
                  <childItems>
                    <executionItem endedUtc="0" executionErrorCount="0" executionWarningCount="0" failureCount="0" id="root:plans:Mayur-1-WorkOrder:RSTK-9615-SYDATA-WO Issue Reversal.testinstance:RSTK-9615-SYDATA-WO Issue Reversal.testcase:841:297:298:140:315" iterationIndex="-1" skippedCount="0" startedUtc="0" successfulCount="0" testApiId="com.provar.plugins.bundled.apis.control.StepGroup" testItemClass="IApiCall" title="Read Excel Data-Create WO">
                      <childItems>
                        <executionItem endedUtc="0" executionErrorCount="0" executionWarningCount="0" failureCount="0" id="root:plans:Mayur-1-WorkOrder:RSTK-9615-SYDATA-WO Issue Reversal.testinstance:RSTK-9615-SYDATA-WO Issue Reversal.testcase:841:297:298:140:315:301" iterationIndex="-1" skippedCount="0" startedUtc="0" successfulCount="0" testClauseName="hidden" testItemClass="ITestClause" title="Steps">
                          <childItems/>
                        </executionItem>
                      </childItems>
                    </executionItem>
                  </childItems>
                </executionItem>
                <executionItem endedUtc="0" executionErrorCount="0" executionWarningCount="0" failureCount="0" id="root:plans:Mayur-1-WorkOrder:RSTK-9615-SYDATA-WO Issue Reversal.testinstance:RSTK-9615-SYDATA-WO Issue Reversal.testcase:841:297:298:143" iterationIndex="-1" skippedCount="0" startedUtc="0" successfulCount="0" testClauseName="else" testItemClass="ITestClause" title="Else">
                  <childItems>
                    <executionItem endedUtc="0" executionErrorCount="0" executionWarningCount="0" failureCount="0" id="root:plans:Mayur-1-WorkOrder:RSTK-9615-SYDATA-WO Issue Reversal.testinstance:RSTK-9615-SYDATA-WO Issue Reversal.testcase:841:297:298:143:144" iterationIndex="-1" skippedCount="0" startedUtc="0" successfulCount="0" testApiId="com.provar.plugins.bundled.apis.If" testItemClass="IApiCall" title="If: {GetSelectedEnvironment() = &quot;AutomationOrg&quot;}">
                      <childItems>
                        <executionItem endedUtc="0" executionErrorCount="0" executionWarningCount="0" failureCount="0" id="root:plans:Mayur-1-WorkOrder:RSTK-9615-SYDATA-WO Issue Reversal.testinstance:RSTK-9615-SYDATA-WO Issue Reversal.testcase:841:297:298:143:144:145" iterationIndex="-1" skippedCount="0" startedUtc="0" successfulCount="0" testClauseName="then" testItemClass="ITestClause" title="Then">
                          <childItems>
                            <executionItem endedUtc="0" executionErrorCount="0" executionWarningCount="0" failureCount="0" id="root:plans:Mayur-1-WorkOrder:RSTK-9615-SYDATA-WO Issue Reversal.testinstance:RSTK-9615-SYDATA-WO Issue Reversal.testcase:841:297:298:143:144:145:312" iterationIndex="-1" skippedCount="0" startedUtc="0" successfulCount="0" testApiId="com.provar.plugins.bundled.apis.control.StepGroup" testItemClass="IApiCall" title="Read Excel Data-Create WO">
                              <childItems>
                                <executionItem endedUtc="0" executionErrorCount="0" executionWarningCount="0" failureCount="0" id="root:plans:Mayur-1-WorkOrder:RSTK-9615-SYDATA-WO Issue Reversal.testinstance:RSTK-9615-SYDATA-WO Issue Reversal.testcase:841:297:298:143:144:145:312:316" iterationIndex="-1" skippedCount="0" startedUtc="0" successfulCount="0" testClauseName="hidden" testItemClass="ITestClause" title="Steps">
                                  <childItems/>
                                </executionItem>
                              </childItems>
                            </executionItem>
                          </childItems>
                        </executionItem>
                        <executionItem endedUtc="0" executionErrorCount="0" executionWarningCount="0" failureCount="0" id="root:plans:Mayur-1-WorkOrder:RSTK-9615-SYDATA-WO Issue Reversal.testinstance:RSTK-9615-SYDATA-WO Issue Reversal.testcase:841:297:298:143:144:148" iterationIndex="-1" skippedCount="0" startedUtc="0" successfulCount="0" testClauseName="else" testItemClass="ITestClause" title="Else">
                          <childItems>
                            <executionItem endedUtc="0" executionErrorCount="0" executionWarningCount="0" failureCount="0" id="root:plans:Mayur-1-WorkOrder:RSTK-9615-SYDATA-WO Issue Reversal.testinstance:RSTK-9615-SYDATA-WO Issue Reversal.testcase:841:297:298:143:144:148:669" iterationIndex="-1" skippedCount="0" startedUtc="0" successfulCount="0" testApiId="com.provar.plugins.bundled.apis.control.StepGroup" testItemClass="IApiCall" title="Read Excel Data-Create WO">
                              <childItems>
                                <executionItem endedUtc="0" executionErrorCount="0" executionWarningCount="0" failureCount="0" id="root:plans:Mayur-1-WorkOrder:RSTK-9615-SYDATA-WO Issue Reversal.testinstance:RSTK-9615-SYDATA-WO Issue Reversal.testcase:841:297:298:143:144:148:669:670" iterationIndex="-1" skippedCount="0" startedUtc="0" successfulCount="0" testClauseName="hidden" testItemClass="ITestClause" title="Steps">
                                  <childItems/>
                                </executionItem>
                              </childItems>
                            </executionItem>
                          </childItems>
                        </executionItem>
                      </childItems>
                    </executionItem>
                  </childItems>
                </executionItem>
              </childItems>
            </executionItem>
          </childItems>
        </executionItem>
      </childItems>
    </executionItem>
    <executionItem endedUtc="0" executionErrorCount="0" executionStatus="Executed" executionWarningCount="0" failureCount="0" id="root:plans:Mayur-1-WorkOrder:RSTK-9615-SYDATA-WO Issue Reversal.testinstance:RSTK-9615-SYDATA-WO Issue Reversal.testcase:775" iterationIndex="-1" skippedCount="1" startedUtc="1653632524860" successfulCount="0" testApiId="com.provar.plugins.bundled.apis.control.ForEach" testItemClass="IApiCall" title="Read Excel Data and create record for excel rows">
      <childItems/>
    </executionItem>
  </childItems>
</executionItem>
