<?xml version="1.0" encoding="UTF-8" standalone="no"?>
<executionItem endedUtc="1653588697925" executionErrorCount="110" executionStatus="Executed" executionWarningCount="0" failureCount="1" id="root:plans:Mayur-2-ShopFloor:RSTK-9676-CRUD operation on Routing Master.testinstance:RSTK-9676-CRUD operation on Routing Master.testcase" iterationIndex="-1" skippedCount="0" startedUtc="1653588626215" successfulCount="0" testCasePath="D:\\provar\\EventDemo\\RootedInDemo\\tests\\Shop Floor" testItemClass="ITestCase" title="RSTK-9676-CRUD operation on Routing Master.testcase">
  <testItemSummary/>
  <childItems>
    <executionItem endedUtc="1653588633173" executionErrorCount="0" executionStatus="Executed" executionWarningCount="0" failureCount="0" id="root:plans:Mayur-2-ShopFloor:RSTK-9676-CRUD operation on Routing Master.testinstance:RSTK-9676-CRUD operation on Routing Master.testcase:1" iterationIndex="-1" skippedCount="0" startedUtc="1653588626262" successfulCount="1" testApiId="com.provar.plugins.forcedotcom.core.testapis.ApexConnect" testItemClass="IApiCall" title="Salesforce Connect: SFConnection (Test)">
      <childItems/>
      <logEntries>
        <logEntry id="1653588626419" messageType="General">Connecting to Salesforce as QARSF_Admin</logEntry>
        <logEntry id="1653588626419" logLevel="Debug" messageType="General">Connection details. Connection name: QARSF_Admin, result name: SFConnection, result scope: Test, urlString: sf:environment=PRERELEASE;apiLoginUrl=https://automationtesting2.my.salesforce.com;identityServiceUrl=https://login.salesforce.com/id/00D5f000005vwGkEAI/0055f000008Hn0WAAS;clientId={clientId};clientSecret={clientSecret};authenticationType=OAUTH;callbackUrl={callbackUrl};accessToken={accessToken};refreshToken={refreshToken}, environment: AutomationOrg, clientId: [supplied], clientSecret: [supplied], callBackUrl: [supplied], accessToken: [supplied], refreshToken: [supplied]</logEntry>
        <logEntry id="1653588626419" logLevel="Debug" messageType="General">Create object id log file.</logEntry>
        <logEntry id="1653588626560" logLevel="Trace" messageType="General">Absolute path: D:\\provar\\EventDemo\\RootedInDemo\\ANT\\..\\ANT\\Results(2)\\Artifacts\\QARSF_Admin-objectids.log</logEntry>
        <logEntry id="1653588628493" logLevel="Debug" messageType="General">Access Token refreshed successfully.</logEntry>
        <logEntry id="1653588628572" messageType="Progress">Doing OAuth login: Calling Salesforce Indentity Service ... 0%</logEntry>
        <logEntry id="1653588629891" logLevel="Update" messageType="Progress">Doing OAuth login ... 50%</logEntry>
        <logEntry id="1653588631242" logLevel="Debug" messageType="General">Identity Service successful. ToolingEndpoint: https://automationtesting2.my.salesforce.com/services/Soap/T/54.0/00D5f000005vwGk, ToolingRestEndpoint: https://automationtesting2.my.salesforce.com/services/data/v54.0/tooling/, PartnerEndpoint: https://automationtesting2.my.salesforce.com/services/Soap/u/54.0/00D5f000005vwGk, MetadataEndpoint: https://automationtesting2.my.salesforce.com/services/Soap/m/54.0/00D5f000005vwGk, EnterpriseEndpoint: https://automationtesting2.my.salesforce.com/services/Soap/c/54.0/00D5f000005vwGk</logEntry>
        <logEntry id="1653588631242" logLevel="Debug" messageType="General">Opening Partner connection</logEntry>
        <logEntry id="1653588631242" logLevel="Trace" messageType="General">Connection configurations: userName: automation@rootstock.com,  password: [empty], securityToken: [empty], authEndpoint: https://automationtesting2.my.salesforce.com/services/Soap/u/54.0, serviceEndpoint: https://automationtesting2.my.salesforce.com/services/Soap/u/54.0/00D5f000005vwGk</logEntry>
        <logEntry id="1653588633094" logLevel="Debug" messageType="General">Opening SOAP connection</logEntry>
        <logEntry id="1653588633094" logLevel="Trace" messageType="General">Connection configurations: userName: automation@rootstock.com,  password: [empty], securityToken: [empty], authEndpoint: https://automationtesting2.my.salesforce.com/services/Soap/u/54.0, serviceEndpoint: https://automationtesting2.my.salesforce.com/services/Soap/u/54.0</logEntry>
        <logEntry id="1653588633110" logLevel="Debug" messageType="General">Opening Metadata connection</logEntry>
        <logEntry id="1653588633110" logLevel="Trace" messageType="General">Connection configurations: userName: null,  password: [empty], securityToken: [empty], authEndpoint: https://automationtesting2.my.salesforce.com/services/Soap/u/54.0, serviceEndpoint: https://automationtesting2.my.salesforce.com/services/Soap/m/54.0/00D5f000005vwGk</logEntry>
        <logEntry id="1653588633157" logLevel="Update" messageType="General">Successfully connected to Salesforce as QARSF_Admin</logEntry>
      </logEntries>
    </executionItem>
    <executionItem endedUtc="1653588634059" executionErrorCount="0" executionStatus="Executed" executionWarningCount="0" failureCount="0" id="root:plans:Mayur-2-ShopFloor:RSTK-9676-CRUD operation on Routing Master.testinstance:RSTK-9676-CRUD operation on Routing Master.testcase:54" iterationIndex="-1" skippedCount="0" startedUtc="1653588633173" successfulCount="1" testApiId="com.provar.plugins.bundled.apis.If" testItemClass="IApiCall" title="If: {GetSelectedEnvironment() = &quot;PDE5&quot;}">
      <childItems>
        <executionItem endedUtc="0" executionErrorCount="0" executionWarningCount="0" failureCount="0" id="root:plans:Mayur-2-ShopFloor:RSTK-9676-CRUD operation on Routing Master.testinstance:RSTK-9676-CRUD operation on Routing Master.testcase:54:905" iterationIndex="-1" skippedCount="0" startedUtc="0" successfulCount="0" testClauseName="then" testItemClass="ITestClause" title="Then">
          <childItems>
            <executionItem endedUtc="0" executionErrorCount="0" executionWarningCount="0" failureCount="0" id="root:plans:Mayur-2-ShopFloor:RSTK-9676-CRUD operation on Routing Master.testinstance:RSTK-9676-CRUD operation on Routing Master.testcase:54:905:74" iterationIndex="-1" skippedCount="0" startedUtc="0" successfulCount="0" testApiId="com.provar.plugins.bundled.apis.control.StepGroup" testItemClass="IApiCall" title="Read Excel Data">
              <childItems>
                <executionItem endedUtc="0" executionErrorCount="0" executionWarningCount="0" failureCount="0" id="root:plans:Mayur-2-ShopFloor:RSTK-9676-CRUD operation on Routing Master.testinstance:RSTK-9676-CRUD operation on Routing Master.testcase:54:905:74:58" iterationIndex="-1" skippedCount="0" startedUtc="0" successfulCount="0" testClauseName="hidden" testItemClass="ITestClause" title="Steps">
                  <childItems/>
                </executionItem>
              </childItems>
            </executionItem>
          </childItems>
        </executionItem>
        <executionItem endedUtc="1653588634059" executionErrorCount="0" executionStatus="Executed" executionWarningCount="0" failureCount="0" id="root:plans:Mayur-2-ShopFloor:RSTK-9676-CRUD operation on Routing Master.testinstance:RSTK-9676-CRUD operation on Routing Master.testcase:54:906" iterationIndex="-1" skippedCount="0" startedUtc="1653588633188" successfulCount="1" testClauseName="else" testItemClass="ITestClause" title="Else">
          <childItems>
            <executionItem endedUtc="1653588634059" executionErrorCount="0" executionStatus="Executed" executionWarningCount="0" failureCount="0" id="root:plans:Mayur-2-ShopFloor:RSTK-9676-CRUD operation on Routing Master.testinstance:RSTK-9676-CRUD operation on Routing Master.testcase:54:906:918" iterationIndex="-1" skippedCount="0" startedUtc="1653588633188" successfulCount="1" testApiId="com.provar.plugins.bundled.apis.If" testItemClass="IApiCall" title="If: {GetSelectedEnvironment() = &quot;AutomationOrg&quot;}">
              <childItems>
                <executionItem endedUtc="1653588634058" executionErrorCount="0" executionStatus="Executed" executionWarningCount="0" failureCount="0" id="root:plans:Mayur-2-ShopFloor:RSTK-9676-CRUD operation on Routing Master.testinstance:RSTK-9676-CRUD operation on Routing Master.testcase:54:906:918:919" iterationIndex="-1" skippedCount="0" startedUtc="1653588633188" successfulCount="1" testClauseName="then" testItemClass="ITestClause" title="Then">
                  <childItems>
                    <executionItem endedUtc="1653588634058" executionErrorCount="0" executionStatus="Executed" executionWarningCount="0" failureCount="0" id="root:plans:Mayur-2-ShopFloor:RSTK-9676-CRUD operation on Routing Master.testinstance:RSTK-9676-CRUD operation on Routing Master.testcase:54:906:918:919:72" iterationIndex="-1" skippedCount="0" startedUtc="1653588633973" successfulCount="1" testApiId="com.provar.plugins.bundled.apis.control.StepGroup" testItemClass="IApiCall" title="Read Excel Data">
                      <childItems>
                        <executionItem endedUtc="1653588634056" executionErrorCount="0" executionStatus="Executed" executionWarningCount="0" failureCount="0" id="root:plans:Mayur-2-ShopFloor:RSTK-9676-CRUD operation on Routing Master.testinstance:RSTK-9676-CRUD operation on Routing Master.testcase:54:906:918:919:72:75" iterationIndex="-1" skippedCount="0" startedUtc="1653588634056" successfulCount="1" testClauseName="hidden" testItemClass="ITestClause" title="Steps">
                          <childItems/>
                        </executionItem>
                      </childItems>
                      <logEntries>
                        <logEntry id="1653588633974" messageType="ParameterValueSource">Loading data from Parameter Value Source ...</logEntry>
                        <logEntry id="1653588634049" messageType="General">Loading Parameter Value Source row 1:</logEntry>
                        <logEntry id="1653588634050" messageType="General">==Column=&gt; RowNumber = PrimitiveValueImpl [ value: 2, valueId=null, createdUpdateSeq=-1, updatedUpdateSeq=-1]</logEntry>
                        <logEntry id="1653588634051" messageType="General">==Column=&gt; Site = PrimitiveValueImpl [ value: 10 (Denver), valueId=null, createdUpdateSeq=-1, updatedUpdateSeq=-1]</logEntry>
                        <logEntry id="1653588634052" messageType="General">==Column=&gt; ItemNumber = PrimitiveValueImpl [ value: Pro-child1, valueId=null, createdUpdateSeq=-1, updatedUpdateSeq=-1]</logEntry>
                        <logEntry id="1653588634052" logLevel="Update" messageType="General">Loaded 1 rows from Parameter Value Source.</logEntry>
                      </logEntries>
                    </executionItem>
                  </childItems>
                  <logEntries>
                    <logEntry id="1653588633188" messageType="ParameterValueSource">Loading data from Parameter Value Source ...</logEntry>
                    <logEntry id="1653588633968" messageType="General">Loading Parameter Value Source row 1:</logEntry>
                    <logEntry id="1653588633971" messageType="General">==Column=&gt; RowNumber = PrimitiveValueImpl [ value: 2, valueId=null, createdUpdateSeq=-1, updatedUpdateSeq=-1]</logEntry>
                    <logEntry id="1653588633972" messageType="General">==Column=&gt; Site = PrimitiveValueImpl [ value: 10 (Denver), valueId=null, createdUpdateSeq=-1, updatedUpdateSeq=-1]</logEntry>
                    <logEntry id="1653588633973" messageType="General">==Column=&gt; ItemNumber = PrimitiveValueImpl [ value: Pro-child1, valueId=null, createdUpdateSeq=-1, updatedUpdateSeq=-1]</logEntry>
                    <logEntry id="1653588633973" logLevel="Update" messageType="General">Loaded 1 rows from Parameter Value Source.</logEntry>
                  </logEntries>
                </executionItem>
                <executionItem endedUtc="0" executionErrorCount="0" executionWarningCount="0" failureCount="0" id="root:plans:Mayur-2-ShopFloor:RSTK-9676-CRUD operation on Routing Master.testinstance:RSTK-9676-CRUD operation on Routing Master.testcase:54:906:918:922" iterationIndex="-1" skippedCount="0" startedUtc="0" successfulCount="0" testClauseName="else" testItemClass="ITestClause" title="Else">
                  <childItems>
                    <executionItem endedUtc="0" executionErrorCount="0" executionWarningCount="0" failureCount="0" id="root:plans:Mayur-2-ShopFloor:RSTK-9676-CRUD operation on Routing Master.testinstance:RSTK-9676-CRUD operation on Routing Master.testcase:54:906:918:922:57" iterationIndex="-1" skippedCount="0" startedUtc="0" successfulCount="0" testApiId="com.provar.plugins.bundled.apis.control.StepGroup" testItemClass="IApiCall" title="Read Excel Data">
                      <childItems>
                        <executionItem endedUtc="0" executionErrorCount="0" executionWarningCount="0" failureCount="0" id="root:plans:Mayur-2-ShopFloor:RSTK-9676-CRUD operation on Routing Master.testinstance:RSTK-9676-CRUD operation on Routing Master.testcase:54:906:918:922:57:73" iterationIndex="-1" skippedCount="0" startedUtc="0" successfulCount="0" testClauseName="hidden" testItemClass="ITestClause" title="Steps">
                          <childItems/>
                        </executionItem>
                      </childItems>
                    </executionItem>
                  </childItems>
                </executionItem>
              </childItems>
            </executionItem>
          </childItems>
        </executionItem>
      </childItems>
    </executionItem>
    <executionItem endedUtc="1653588697924" executionErrorCount="0" executionStatus="Executed" executionWarningCount="0" failureCount="1" id="root:plans:Mayur-2-ShopFloor:RSTK-9676-CRUD operation on Routing Master.testinstance:RSTK-9676-CRUD operation on Routing Master.testcase:49" iterationIndex="-1" skippedCount="0" startedUtc="1653588634059" successfulCount="0" testApiId="com.provar.plugins.bundled.apis.control.ForEach" testItemClass="IApiCall" title="Read Excel Data and perform Operation">
      <childItems>
        <executionItem endedUtc="1653588697921" executionErrorCount="0" executionStatus="Executed" executionWarningCount="0" failureCount="1" id="root:plans:Mayur-2-ShopFloor:RSTK-9676-CRUD operation on Routing Master.testinstance:RSTK-9676-CRUD operation on Routing Master.testcase:49:50.0" iterationIndex="0" skippedCount="0" startedUtc="1653588634066" successfulCount="0" testClauseName="substeps" testItemClass="ITestClause" title="Iteration 1">
          <childItems>
            <executionItem endedUtc="1653588684680" executionErrorCount="0" executionStatus="Executed" executionWarningCount="0" failureCount="1" id="root:plans:Mayur-2-ShopFloor:RSTK-9676-CRUD operation on Routing Master.testinstance:RSTK-9676-CRUD operation on Routing Master.testcase:49:50.0:923" iterationIndex="-1" skippedCount="0" startedUtc="1653588634066" successfulCount="0" testItemClass="ITestCaseCall" title="Call Create Routing Master">
              <childItems>
                <executionItem endedUtc="1653588684677" executionErrorCount="0" executionStatus="Executed" executionWarningCount="0" failureCount="1" id="root:plans:Mayur-2-ShopFloor:RSTK-9676-CRUD operation on Routing Master.testinstance:RSTK-9676-CRUD operation on Routing Master.testcase:49:50.0:923:Create Routing Master.testcase" iterationIndex="-1" skippedCount="0" startedUtc="1653588634067" successfulCount="0" testCasePath="D:\\provar\\EventDemo\\RootedInDemo\\tests\\Shop Floor\\Callable" testItemClass="ITestCase" title="Create Routing Master">
                  <testItemSummary/>
                  <childItems>
                    <executionItem endedUtc="1653588634078" executionErrorCount="0" executionStatus="Executed" executionWarningCount="0" failureCount="0" id="root:plans:Mayur-2-ShopFloor:RSTK-9676-CRUD operation on Routing Master.testinstance:RSTK-9676-CRUD operation on Routing Master.testcase:49:50.0:923:Create Routing Master.testcase:1" iterationIndex="-1" skippedCount="0" startedUtc="1653588634067" successfulCount="1" testApiId="com.provar.plugins.forcedotcom.core.testapis.ApexConnect" testItemClass="IApiCall" title="Salesforce Connect: SFConnection (Test)">
                      <childItems/>
                      <logEntries>
                        <logEntry id="1653588634077" messageType="General">Connecting to Salesforce as QARSF_Admin</logEntry>
                        <logEntry id="1653588634078" logLevel="Update" messageType="General">Re-using existing connection. Connection: QARSF_Admin, Result Name: SFConnection</logEntry>
                      </logEntries>
                    </executionItem>
                    <executionItem endedUtc="1653588671821" executionErrorCount="0" executionStatus="Executed" executionWarningCount="0" failureCount="0" id="root:plans:Mayur-2-ShopFloor:RSTK-9676-CRUD operation on Routing Master.testinstance:RSTK-9676-CRUD operation on Routing Master.testcase:49:50.0:923:Create Routing Master.testcase:17" iterationIndex="-1" skippedCount="0" startedUtc="1653588634078" successfulCount="1" testApiId="com.provar.plugins.forcedotcom.core.ui.UiWithScreen" testItemClass="IApiCall" title="On SF Routing Master New screen">
                      <childItems>
                        <executionItem endedUtc="1653588667248" executionErrorCount="0" executionStatus="Executed" executionWarningCount="0" failureCount="0" id="root:plans:Mayur-2-ShopFloor:RSTK-9676-CRUD operation on Routing Master.testinstance:RSTK-9676-CRUD operation on Routing Master.testcase:49:50.0:923:Create Routing Master.testcase:17:18" iterationIndex="-1" skippedCount="0" startedUtc="1653588667248" successfulCount="1" testClauseName="substeps" testItemClass="ITestClause" title="Sub Steps">
                          <childItems/>
                        </executionItem>
                      </childItems>
                      <logEntries>
                        <logEntry id="1653588634082" messageType="General">Start of With Screen.  Connection Name: SFConnection, target: sf:ui:target?object=rstk__rtrouthdr__c&amp;action=New</logEntry>
                        <logEntry id="1653588636192" messageType="Progress">Getting the rstk__Force_com Application: Loading Salesforce metadata index from disk ... 0%</logEntry>
                        <logEntry id="1653588636342" logLevel="Update" messageType="Progress">Getting the rstk__Force_com Application ... 100%</logEntry>
                        <logEntry id="1653588636370" logLevel="Update" messageType="Progress">Loading Connection model ... 100%</logEntry>
                        <logEntry id="1653588638365" messageType="General">Opening Chrome webdriver instance to https://automationtesting2.my.salesforce.com/secur/frontdoor.jsp</logEntry>
                        <logEntry id="1653588638365" logLevel="Debug" messageType="General">Add Chrome browser specific capabilities</logEntry>
                        <logEntry id="1653588638367" logLevel="Trace" messageType="General">Using executable from UserHome Provar.  executable: C:\\Users\\Mayur\\Provar\\.chromeDriver\\chromedriver.exe</logEntry>
                        <logEntry id="1653588641597" logLevel="Trace" messageType="General">Added Chrome command line switch to bypass proxy for local addresses: --proxy-bypass-list=localhost,127.0.0.1,192.168.1.14</logEntry>
                        <logEntry id="1653588641597" logLevel="Trace" messageType="General">Added desired capability for Chrome browser proxy Null</logEntry>
                        <logEntry id="1653588641601" logLevel="Trace" messageType="General">Using executable from UserHome Provar.  executable: C:\\Users\\Mayur\\Provar\\.chromeDriver\\chromedriver.exe</logEntry>
                        <logEntry id="1653588644668" logLevel="Update" messageType="General">Successfully opened Chrome webdriver to https://automationtesting2.my.salesforce.com/secur/frontdoor.jsp</logEntry>
                        <logEntry id="1653588645605" logLevel="Error" messageType="General">Unknown Page metadata file.  Page Name: Rtrouthdr, Namespace Prefix: null</logEntry>
                        <logEntry id="1653588645606" logLevel="Error" messageType="General">Unknown Page metadata file.  Page Name: Rtrouthdr, Namespace Prefix: null</logEntry>
                        <logEntry id="1653588647910" messageType="General">Opening Page context.  Name: screen, data: null, frame: null</logEntry>
                        <logEntry id="1653588647912" messageType="General">Opening Salesforce page.  Object: rstk__rtrouthdr__c, RelatedList: null, Action: New, Page URL: /a4r/e, Current URL: chrome://new-tab-page/</logEntry>
                        <logEntry id="1653588647913" messageType="General">Opening Salesforce user home page</logEntry>
                        <logEntry id="1653588648733" logLevel="Debug" messageType="General">Navigate to home page</logEntry>
                        <logEntry id="1653588648763" logLevel="Trace" messageType="General">Opening page.  URL: https://automationtesting2.my.salesforce.com/secur/frontdoor.jsp?retURL=/home/home.jsp?tsid=02u5f000000R3zG&amp;sid={accessToken}</logEntry>
                        <logEntry id="1653588656624" logLevel="Debug" messageType="General">Perform page load wait</logEntry>
                        <logEntry id="1653588657627" logLevel="Trace" messageType="General">Start of waitForPageToLoad. Timeout(ms): 90000</logEntry>
                        <logEntry id="1653588657691" logLevel="Trace" messageType="General">Re-attempting of waitForPageToLoad.  Timeout(ms): 90000</logEntry>
                        <logEntry id="1653588657731" logLevel="Trace" messageType="General">End of waitForPageToLoad.  Duration(ms): 103</logEntry>
                        <logEntry id="1653588657803" logLevel="Trace" messageType="General">Qualified relative URL.  URL: https://automationtesting2.my.salesforce.com/a4r/e</logEntry>
                        <logEntry id="1653588657803" logLevel="Trace" messageType="General">Opening page.  Requested URL: /a4r/e, Absolute URL: https://automationtesting2.my.salesforce.com/a4r/e?//automationtesting2.my.salesforce.com/a4r/e=</logEntry>
                        <logEntry id="1653588662032" logLevel="Debug" messageType="General">Perform page load wait</logEntry>
                        <logEntry id="1653588662095" logLevel="Update" messageType="General">Successfully opened user home page</logEntry>
                        <logEntry id="1653588667107" messageType="General">Going to update browser window handles.</logEntry>
                        <logEntry id="1653588667107" logLevel="Debug" messageType="General">Update browser window handles.</logEntry>
                        <logEntry id="1653588667248" logLevel="Update" messageType="General">Successfully updated browser window handles.</logEntry>
                        <logEntry id="1653588667252" messageType="General">All Sub-Test Steps were successful.</logEntry>
                        <logEntry id="1653588667381" messageType="General">Switched focus to main window.  URL: https://automationtesting2--rstk.visualforce.com/apex/Rtrouthdr?save_new=1&amp;sfdc.override=1</logEntry>
                        <logEntry id="1653588667381" logLevel="Trace" messageType="General">Start of waitForPageToLoad. Timeout(ms): 90000</logEntry>
                        <logEntry id="1653588667412" logLevel="Trace" messageType="General">Re-attempting of waitForPageToLoad.  Timeout(ms): 90000</logEntry>
                        <logEntry id="1653588667445" logLevel="Trace" messageType="General">End of waitForPageToLoad.  Duration(ms): 65</logEntry>
                        <logEntry id="1653588667476" messageType="General">Fetching created Id from URL</logEntry>
                        <logEntry id="1653588669528" messageType="General">Reattempting for the createdId</logEntry>
                        <logEntry id="1653588669545" messageType="General">Reattempting for the createdId</logEntry>
                        <logEntry id="1653588669561" messageType="General">Reattempting for the createdId</logEntry>
                        <logEntry id="1653588669578" logLevel="Summary" messageType="General">Storing created Salesforce Object ID.  Result Name: a, created ID: &lt;a href='sf:object?object=rstk__rtrouthdr__c&amp;connection=QARSF_Admin'&gt;null&lt;/a&gt;, location: https://automationtesting2--rstk.visualforce.com/apex/Rtrouthdr?save_new=1&amp;sfdc.override=1</logEntry>
                        <logEntry id="1653588669582" messageType="General">Closing Page context.  Name: screen, data: null, frame: null</logEntry>
                        <logEntry id="1653588669583" messageType="General">Main window reselected.  Window: main</logEntry>
                        <logEntry id="1653588669644" messageType="General">Switched focus to main window.  URL: https://automationtesting2--rstk.visualforce.com/apex/Rtrouthdr?save_new=1&amp;sfdc.override=1</logEntry>
                        <logEntry id="1653588671668" messageType="General">Going to update browser window handles.</logEntry>
                        <logEntry id="1653588671669" logLevel="Debug" messageType="General">Update browser window handles.</logEntry>
                        <logEntry id="1653588671821" logLevel="Update" messageType="General">Successfully updated browser window handles.</logEntry>
                      </logEntries>
                    </executionItem>
                    <executionItem endedUtc="1653588684676" executionErrorCount="0" executionStatus="Executed" executionWarningCount="0" failureCount="1" id="root:plans:Mayur-2-ShopFloor:RSTK-9676-CRUD operation on Routing Master.testinstance:RSTK-9676-CRUD operation on Routing Master.testcase:49:50.0:923:Create Routing Master.testcase:16" iterationIndex="-1" skippedCount="0" startedUtc="1653588674677" successfulCount="0" testApiId="com.provar.plugins.forcedotcom.core.ui.UiWithScreen" testItemClass="IApiCall" title="Create Routing Master">
                      <childItems>
                        <executionItem endedUtc="1653588684478" executionErrorCount="0" executionStatus="Executed" executionWarningCount="0" failureCount="1" id="root:plans:Mayur-2-ShopFloor:RSTK-9676-CRUD operation on Routing Master.testinstance:RSTK-9676-CRUD operation on Routing Master.testcase:49:50.0:923:Create Routing Master.testcase:16:8" iterationIndex="-1" skippedCount="0" startedUtc="1653588677067" successfulCount="0" testClauseName="substeps" testItemClass="ITestClause" title="Sub Steps">
                          <childItems>
                            <executionItem endedUtc="1653588678214" executionErrorCount="0" executionStatus="Executed" executionWarningCount="0" failureCount="0" id="root:plans:Mayur-2-ShopFloor:RSTK-9676-CRUD operation on Routing Master.testinstance:RSTK-9676-CRUD operation on Routing Master.testcase:49:50.0:923:Create Routing Master.testcase:16:8:9" iterationIndex="-1" skippedCount="0" startedUtc="1653588677067" successfulCount="1" testApiId="com.provar.plugins.forcedotcom.core.ui.UiDoAction" testItemClass="IApiCall" title="Set the Site select to 10 (Denver)">
                              <childItems/>
                              <logEntries>
                                <logEntry id="1653588677084" messageType="General">Start of Interact.  Connection: SFConnection, Locator: ui:locator?name=site, before wait: default, after wait: ui:wait:pageload?timeout=60, auto retry: default</logEntry>
                                <logEntry id="1653588677168" messageType="General">Locator: ui:locator?name=site</logEntry>
                                <logEntry id="1653588677168" messageType="General">Interaction: ui:interaction?name=set</logEntry>
                                <logEntry id="1653588677231" messageType="General">Switched focus to main window.  URL: https://automationtesting2--rstk.visualforce.com/apex/Rtrouthdr?save_new=1&amp;sfdc.override=1</logEntry>
                                <logEntry id="1653588677524" messageType="General">Doing before wait.  waitUrl: default</logEntry>
                                <logEntry id="1653588677533" messageType="General">End of &amp;lt;default&amp;gt; wait.</logEntry>
                                <logEntry id="1653588677534" messageType="General">Doing after wait.  waitUrl: ui:wait:pageload?timeout=60</logEntry>
                                <logEntry id="1653588677600" messageType="General">Got webElement.  tagName: SELECT, id: null, type: null, selector: null</logEntry>
                                <logEntry id="1653588678068" messageType="General">Doing after wait.  waitUrl: ui:wait:pageload?timeout=60</logEntry>
                                <logEntry id="1653588678069" messageType="General">Waiting for page to load.  Page URL: null, Timeout(secs): 60</logEntry>
                                <logEntry id="1653588678069" logLevel="Trace" messageType="General">Start of waitForPageToLoad. Timeout(ms): 60000</logEntry>
                                <logEntry id="1653588678112" logLevel="Trace" messageType="General">Re-attempting of waitForPageToLoad.  Timeout(ms): 60000</logEntry>
                                <logEntry id="1653588678155" logLevel="Trace" messageType="General">End of waitForPageToLoad.  Duration(ms): 87</logEntry>
                                <logEntry id="1653588678156" messageType="General">End for wait for page to load.</logEntry>
                                <logEntry id="1653588678157" messageType="General">Going to update browser window handles.</logEntry>
                                <logEntry id="1653588678157" logLevel="Debug" messageType="General">Update browser window handles.</logEntry>
                                <logEntry id="1653588678214" logLevel="Update" messageType="General">Successfully updated browser window handles.</logEntry>
                              </logEntries>
                            </executionItem>
                            <executionItem endedUtc="1653588683294" executionErrorCount="0" executionStatus="Executed" executionWarningCount="0" failureCount="0" id="root:plans:Mayur-2-ShopFloor:RSTK-9676-CRUD operation on Routing Master.testinstance:RSTK-9676-CRUD operation on Routing Master.testcase:49:50.0:923:Create Routing Master.testcase:16:8:10" iterationIndex="-1" skippedCount="0" startedUtc="1653588678215" successfulCount="1" testApiId="com.provar.plugins.forcedotcom.core.ui.UiDoAction" testItemClass="IApiCall" title="Call the selectItemNumber method">
                              <childItems/>
                              <logEntries>
                                <logEntry id="1653588678218" messageType="General">Start of Interact.  Connection: SFConnection, Locator: ui:pageobject:method?operation=selectItemNumber&amp;pageId=pageobjects.rstk__Rtrouthdr, before wait: ui:wait:auraBusy?timeout=60, after wait: ui:wait:pageload?timeout=60, auto retry: default</logEntry>
                                <logEntry id="1653588678296" messageType="General">Locator: ui:pageobject:method?operation=selectItemNumber&amp;pageId=pageobjects.rstk__Rtrouthdr</logEntry>
                                <logEntry id="1653588678299" messageType="General">Interaction: ui:interaction?name=invoke</logEntry>
                                <logEntry id="1653588678355" messageType="General">Switched focus to main window.  URL: https://automationtesting2--rstk.visualforce.com/apex/Rtrouthdr?save_new=1&amp;sfdc.override=1</logEntry>
                                <logEntry id="1653588678373" messageType="General">Doing before wait.  waitUrl: ui:wait:auraBusy?timeout=60</logEntry>
                                <logEntry id="1653588678373" messageType="General">Waiting for page to load.  Timeout(secs): 60</logEntry>
                                <logEntry id="1653588678373" logLevel="Trace" messageType="General">Start of waitForPageToLoad. Timeout(ms): 90000</logEntry>
                                <logEntry id="1653588678399" logLevel="Trace" messageType="General">Re-attempting of waitForPageToLoad.  Timeout(ms): 90000</logEntry>
                                <logEntry id="1653588678431" logLevel="Trace" messageType="General">End of waitForPageToLoad.  Duration(ms): 58</logEntry>
                                <logEntry id="1653588678432" messageType="General">End for wait for page to load.</logEntry>
                                <logEntry id="1653588678433" messageType="General">Waiting for aura busy controls to disappear.  Timeout(secs): 60</logEntry>
                                <logEntry id="1653588679520" messageType="General">End for wait for aura busy controls to disappear.</logEntry>
                                <logEntry id="1653588679520" messageType="General">Doing after wait.  waitUrl: ui:wait:pageload?timeout=60</logEntry>
                                <logEntry id="1653588679520" messageType="General">Got Page Object.  Class: pageobjects.rstk__Rtrouthdr</logEntry>
                                <logEntry id="1653588679520" messageType="General">Extracted arg value.  Arg Name: param_ItemNumber, value: Pro-child1</logEntry>
                                <logEntry id="1653588683172" messageType="General">Doing after wait.  waitUrl: ui:wait:pageload?timeout=60</logEntry>
                                <logEntry id="1653588683173" messageType="General">Waiting for page to load.  Page URL: null, Timeout(secs): 60</logEntry>
                                <logEntry id="1653588683173" logLevel="Trace" messageType="General">Start of waitForPageToLoad. Timeout(ms): 60000</logEntry>
                                <logEntry id="1653588683194" logLevel="Trace" messageType="General">Re-attempting of waitForPageToLoad.  Timeout(ms): 60000</logEntry>
                                <logEntry id="1653588683230" logLevel="Trace" messageType="General">End of waitForPageToLoad.  Duration(ms): 58</logEntry>
                                <logEntry id="1653588683230" messageType="General">End for wait for page to load.</logEntry>
                                <logEntry id="1653588683230" messageType="General">Going to update browser window handles.</logEntry>
                                <logEntry id="1653588683230" logLevel="Debug" messageType="General">Update browser window handles.</logEntry>
                                <logEntry id="1653588683294" logLevel="Update" messageType="General">Successfully updated browser window handles.</logEntry>
                              </logEntries>
                            </executionItem>
                            <executionItem endedUtc="1653588683827" executionErrorCount="0" executionStatus="Executed" executionWarningCount="0" failureCount="0" id="root:plans:Mayur-2-ShopFloor:RSTK-9676-CRUD operation on Routing Master.testinstance:RSTK-9676-CRUD operation on Routing Master.testcase:49:50.0:923:Create Routing Master.testcase:16:8:11" iterationIndex="-1" skippedCount="0" startedUtc="1653588683294" successfulCount="1" testApiId="com.provar.plugins.forcedotcom.core.ui.UiDoAction" testItemClass="IApiCall" title="Click the Save button">
                              <childItems/>
                              <logEntries>
                                <logEntry id="1653588683296" messageType="General">Start of Interact.  Connection: SFConnection, Locator: ui:locator?name=save, before wait: default, after wait: default, auto retry: default</logEntry>
                                <logEntry id="1653588683378" messageType="General">Locator: ui:locator?name=save</logEntry>
                                <logEntry id="1653588683379" messageType="General">Interaction: ui:interaction?name=action</logEntry>
                                <logEntry id="1653588683433" messageType="General">Switched focus to main window.  URL: https://automationtesting2--rstk.visualforce.com/apex/Rtrouthdr?save_new=1&amp;sfdc.override=1</logEntry>
                                <logEntry id="1653588683467" messageType="General">Doing before wait.  waitUrl: default</logEntry>
                                <logEntry id="1653588683468" messageType="General">End of &amp;lt;default&amp;gt; wait.</logEntry>
                                <logEntry id="1653588683468" messageType="General">Doing after wait.  waitUrl: default</logEntry>
                                <logEntry id="1653588683729" messageType="General">Clicking WebElement.  WebElement [tag: input, text: Save]</logEntry>
                                <logEntry id="1653588683766" messageType="General">Doing after wait.  waitUrl: default</logEntry>
                                <logEntry id="1653588683767" messageType="General">End of &amp;lt;default&amp;gt; wait.</logEntry>
                                <logEntry id="1653588683768" messageType="General">Going to update browser window handles.</logEntry>
                                <logEntry id="1653588683768" logLevel="Debug" messageType="General">Update browser window handles.</logEntry>
                                <logEntry id="1653588683827" logLevel="Update" messageType="General">Successfully updated browser window handles.</logEntry>
                              </logEntries>
                            </executionItem>
                            <executionItem endedUtc="1653588684477" executionErrorCount="0" executionStatus="Executed" executionWarningCount="0" failureCount="1" id="root:plans:Mayur-2-ShopFloor:RSTK-9676-CRUD operation on Routing Master.testinstance:RSTK-9676-CRUD operation on Routing Master.testcase:49:50.0:923:Create Routing Master.testcase:16:8:14" iterationIndex="-1" skippedCount="0" startedUtc="1653588683827" successfulCount="0" testApiId="com.provar.plugins.forcedotcom.core.ui.UiAssert" testItemClass="IApiCall" title="UI Assert: Name">
                              <childItems/>
                              <logEntries>
                                <logEntry id="1653588683832" messageType="General">Start of UiAssert.  Connection: SFConnection</logEntry>
                                <logEntry id="1653588683908" messageType="General">Resolving field name</logEntry>
                                <logEntry id="1653588683980" logLevel="Error" messageType="General">Error performing Ui Assert.  Connection Name: QARSF_Admin, cause: [UnhandledAlertException: unexpected alert open: {Alert text : Please enter a value for the following required fields \nResponsible Planner\nResponsible Engineer\nItem Number.}\n  (Session info: chrome=101.0.4951.67)\n  (Driver info: chromedriver=100.0.4896.60 (6a5d10861ce8de5fce22564658033b43cb7de047-refs/branch-heads/4896@{#875}),platform=Windows NT 10.0.22000 x86_64) (WARNING: The server did not provide any stacktrace information)\nCommand duration or timeout: 17 milliseconds: null\nBuild info: version: 'unknown', revision: 'unknown', time: 'unknown'\nSystem info: host: 'DFORCE-MAYUR', ip: '192.168.1.14', os.name: 'Windows 10', os.arch: 'amd64', os.version: '10.0', java.version: '1.8.0_271'\nDriver info: org.openqa.selenium.chrome.ChromeDriver\nCapabilities [{mobileEmulationEnabled=false, timeouts={implicit=0.0, pageLoad=300000.0, script=30000.0}, hasTouchScreen=false, platform=XP, acceptSslCerts=false, goog:chromeOptions={debuggerAddress=localhost:57436}, webauthn:extension:credBlob=true, acceptInsecureCerts=false, webStorageEnabled=true, browserName=chrome, takesScreenshot=true, javascriptEnabled=true, setWindowRect=true, webauthn:extension:largeBlob=true, unexpectedAlertBehaviour=ignore, rotatable=false, networkConnectionEnabled=false, chrome={chromedriverVersion=100.0.4896.60 (6a5d10861ce8de5fce22564658033b43cb7de047-refs/branch-heads/4896@{#875}), userDataDir=D:\\provar\\EventDemo\\RootedInDemo\\.provarCaches\\.chromeProfiles\\profile2}, takesHeapSnapshot=true, pageLoadStrategy=normal, strictFileInteractability=false, databaseEnabled=false, handlesAlerts=true, version=101.0.4951.67, browserConnectionEnabled=false, proxy=Proxy(direct), nativeEvents=true, locationContextEnabled=true, cssSelectorsEnabled=true, webauthn:virtualAuthenticators=true}]\nSession ID: 37cccc05ad6dca9235389d73abaf006d]</logEntry>
                                <logEntry id="1653588683983" logLevel="Error" messageType="General">org.openqa.selenium.UnhandledAlertException: unexpected alert open: {Alert text : Please enter a value for the following required fields </logEntry>
                                <logEntry id="1653588683983" messageType="General">Going to update browser window handles.</logEntry>
                                <logEntry id="1653588683983" logLevel="Debug" messageType="General">Update browser window handles.</logEntry>
                                <logEntry id="1653588683984" logLevel="Error" messageType="General">Responsible Planner</logEntry>
                                <logEntry id="1653588683985" logLevel="Error" messageType="General">Responsible Engineer</logEntry>
                                <logEntry id="1653588683985" logLevel="Error" messageType="General">Item Number.}</logEntry>
                                <logEntry id="1653588683986" logLevel="Error" messageType="General">  (Session info: chrome=101.0.4951.67)</logEntry>
                                <logEntry id="1653588683987" logLevel="Error" messageType="General">  (Driver info: chromedriver=100.0.4896.60 (6a5d10861ce8de5fce22564658033b43cb7de047-refs/branch-heads/4896@{#875}),platform=Windows NT 10.0.22000 x86_64) (WARNING: The server did not provide any stacktrace information)</logEntry>
                                <logEntry id="1653588683995" logLevel="Error" messageType="General">Command duration or timeout: 17 milliseconds: null</logEntry>
                                <logEntry id="1653588683996" logLevel="Error" messageType="General">Build info: version: 'unknown', revision: 'unknown', time: 'unknown'</logEntry>
                                <logEntry id="1653588683998" logLevel="Error" messageType="General">System info: host: 'DFORCE-MAYUR', ip: '192.168.1.14', os.name: 'Windows 10', os.arch: 'amd64', os.version: '10.0', java.version: '1.8.0_271'</logEntry>
                                <logEntry id="1653588683999" logLevel="Error" messageType="General">Driver info: org.openqa.selenium.chrome.ChromeDriver</logEntry>
                                <logEntry id="1653588684000" logLevel="Error" messageType="General">Capabilities [{mobileEmulationEnabled=false, timeouts={implicit=0.0, pageLoad=300000.0, script=30000.0}, hasTouchScreen=false, platform=XP, acceptSslCerts=false, goog:chromeOptions={debuggerAddress=localhost:57436}, webauthn:extension:credBlob=true, acceptInsecureCerts=false, webStorageEnabled=true, browserName=chrome, takesScreenshot=true, javascriptEnabled=true, setWindowRect=true, webauthn:extension:largeBlob=true, unexpectedAlertBehaviour=ignore, rotatable=false, networkConnectionEnabled=false, chrome={chromedriverVersion=100.0.4896.60 (6a5d10861ce8de5fce22564658033b43cb7de047-refs/branch-heads/4896@{#875}), userDataDir=D:\\provar\\EventDemo\\RootedInDemo\\.provarCaches\\.chromeProfiles\\profile2}, takesHeapSnapshot=true, pageLoadStrategy=normal, strictFileInteractability=false, databaseEnabled=false, handlesAlerts=true, version=101.0.4951.67, browserConnectionEnabled=false, proxy=Proxy(direct), nativeEvents=true, locationContextEnabled=true, cssSelectorsEnabled=true, webauthn:virtualAuthenticators=true}]</logEntry>
                                <logEntry id="1653588684001" logLevel="Error" messageType="General">Session ID: 37cccc05ad6dca9235389d73abaf006d</logEntry>
                                <logEntry id="1653588684002" logLevel="Error" messageType="General">\tat sun.reflect.NativeConstructorAccessorImpl.newInstance0(Native Method)</logEntry>
                                <logEntry id="1653588684017" logLevel="Error" messageType="General">\tat sun.reflect.NativeConstructorAccessorImpl.newInstance(NativeConstructorAccessorImpl.java:62)</logEntry>
                                <logEntry id="1653588684018" logLevel="Error" messageType="General">\tat sun.reflect.DelegatingConstructorAccessorImpl.newInstance(DelegatingConstructorAccessorImpl.java:45)</logEntry>
                                <logEntry id="1653588684019" logLevel="Error" messageType="General">\tat java.lang.reflect.Constructor.newInstance(Constructor.java:423)</logEntry>
                                <logEntry id="1653588684028" logLevel="Error" messageType="General">\tat org.openqa.selenium.remote.ErrorHandler.createThrowable(ErrorHandler.java:215)</logEntry>
                                <logEntry id="1653588684028" logLevel="Error" messageType="General">\tat org.openqa.selenium.remote.ErrorHandler.throwIfResponseFailed(ErrorHandler.java:173)</logEntry>
                                <logEntry id="1653588684029" logLevel="Error" messageType="General">\tat org.openqa.selenium.remote.RemoteWebDriver.execute(RemoteWebDriver.java:671)</logEntry>
                                <logEntry id="1653588684030" logLevel="Error" messageType="General">\tat org.openqa.selenium.remote.RemoteWebDriver.executeScript(RemoteWebDriver.java:573)</logEntry>
                                <logEntry id="1653588684031" logLevel="Error" messageType="General">\tat com.provar.core.testapi.ProvarSeleniumDriver.getCurrentUrl(ProvarSeleniumDriver.java:3129)</logEntry>
                                <logEntry id="1653588684035" logLevel="Error" messageType="General">\tat com.provar.core.testapi.ProvarSeleniumDriver.switchToCurrentFrame(ProvarSeleniumDriver.java:2365)</logEntry>
                                <logEntry id="1653588684040" logLevel="Update" messageType="General">Successfully updated browser window handles.</logEntry>
                                <logEntry id="1653588684041" logLevel="Error" messageType="General">\tat com.provar.plugins.forcedotcom.core.ui.SeleniumUiHandler.assertFieldAttributes(SeleniumUiHandler.java:7023)</logEntry>
                                <logEntry id="1653588684042" logLevel="Error" messageType="General">\tat com.provar.plugins.forcedotcom.core.ui.SeleniumUiHandler.performAssert(SeleniumUiHandler.java:6844)</logEntry>
                                <logEntry id="1653588684043" logLevel="Error" messageType="General">\tat com.provar.plugins.forcedotcom.core.ui.SeleniumUiHandler.perform(SeleniumUiHandler.java:408)</logEntry>
                                <logEntry id="1653588684044" logLevel="Error" messageType="General">\tat com.provar.plugins.forcedotcom.core.connection.SfConnectionHandler.delegateToUiHandler(SfConnectionHandler.java:346)</logEntry>
                                <logEntry id="1653588684045" logLevel="Error" messageType="General">\tat com.provar.plugins.forcedotcom.core.connection.SfConnectionHandler.perform(SfConnectionHandler.java:337)</logEntry>
                                <logEntry id="1653588684046" logLevel="Error" messageType="General">\tat com.provar.core.testexecution.common.java.TestExecutionContextImpl.doConnectionOperation(TestExecutionContextImpl.java:857)</logEntry>
                                <logEntry id="1653588684048" logLevel="Error" messageType="General">\tat com.provar.plugins.forcedotcom.core.ui.UiAssert.execute(UiAssert.java:135)</logEntry>
                                <logEntry id="1653588684049" logLevel="Error" messageType="General">\tat sun.reflect.NativeMethodAccessorImpl.invoke0(Native Method)</logEntry>
                                <logEntry id="1653588684050" logLevel="Error" messageType="General">\tat sun.reflect.NativeMethodAccessorImpl.invoke(NativeMethodAccessorImpl.java:62)</logEntry>
                                <logEntry id="1653588684051" logLevel="Error" messageType="General">\tat sun.reflect.DelegatingMethodAccessorImpl.invoke(DelegatingMethodAccessorImpl.java:43)</logEntry>
                                <logEntry id="1653588684051" logLevel="Error" messageType="General">\tat java.lang.reflect.Method.invoke(Method.java:498)</logEntry>
                                <logEntry id="1653588684052" logLevel="Error" messageType="General">\tat com.provar.core.testexecution.container.java.TestExecutionContainerImpl.invokeTestApi(TestExecutionContainerImpl.java:754)</logEntry>
                                <logEntry id="1653588684058" logLevel="Error" messageType="General">\tat com.provar.core.testexecution.container.java.LocalTestExecutionContainerRunner.doInvokeTestApi(LocalTestExecutionContainerRunner.java:746)</logEntry>
                                <logEntry id="1653588684059" logLevel="Error" messageType="General">\tat com.provar.core.testexecution.container.java.LocalTestExecutionContainerRunner.access$11(LocalTestExecutionContainerRunner.java:678)</logEntry>
                                <logEntry id="1653588684059" logLevel="Error" messageType="General">\tat com.provar.core.testexecution.container.java.LocalTestExecutionContainerRunner$MessageProcessor.run(LocalTestExecutionContainerRunner.java:1402)</logEntry>
                                <logEntry id="1653588684408" messageType="General">Going to update browser window handles.</logEntry>
                                <logEntry id="1653588684408" logLevel="Debug" messageType="General">Update browser window handles.</logEntry>
                                <logEntry id="1653588684470" logLevel="Update" messageType="General">Successfully updated browser window handles.</logEntry>
                              </logEntries>
                              <testArtifacts>
                                <artifactFile artifactsRelativePath="ScreenShot1" createdTimestamp="1653588684407" mimeContentType="image/png" name="ScreenShot1" title="Error Screenshot"/>
                              </testArtifacts>
                            </executionItem>
                          </childItems>
                        </executionItem>
                      </childItems>
                      <logEntries>
                        <logEntry id="1653588674684" messageType="General">Start of With Screen.  Connection Name: SFConnection, target: sf:ui:target?page=rstk__Rtrouthdr&amp;pageObject=pageobjects.rstk__Rtrouthdr</logEntry>
                        <logEntry id="1653588674793" messageType="General">Opening Page context.  Name: screen, data: null, frame: null</logEntry>
                        <logEntry id="1653588677003" messageType="General">Going to update browser window handles.</logEntry>
                        <logEntry id="1653588677003" logLevel="Debug" messageType="General">Update browser window handles.</logEntry>
                        <logEntry id="1653588677067" logLevel="Update" messageType="General">Successfully updated browser window handles.</logEntry>
                        <logEntry id="1653588684480" logLevel="Error" messageType="General">One or more Sub-Test Steps failed.</logEntry>
                        <logEntry id="1653588684551" messageType="General">Closing Page context.  Name: screen, data: null, frame: null</logEntry>
                        <logEntry id="1653588684551" messageType="General">Main window reselected.  Window: main</logEntry>
                        <logEntry id="1653588684617" logLevel="Error" messageType="General">Error opening Salesforce UI Connection.  Connection Name: QARSF_Admin, cause: [UnhandledAlertException: unexpected alert open: {Alert text : Please enter a value for the following required fields \nResponsible Planner\nResponsible Engineer\nItem Number.}\n  (Session info: chrome=101.0.4951.67)\n  (Driver info: chromedriver=100.0.4896.60 (6a5d10861ce8de5fce22564658033b43cb7de047-refs/branch-heads/4896@{#875}),platform=Windows NT 10.0.22000 x86_64) (WARNING: The server did not provide any stacktrace information)\nCommand duration or timeout: 12 milliseconds: null\nBuild info: version: 'unknown', revision: 'unknown', time: 'unknown'\nSystem info: host: 'DFORCE-MAYUR', ip: '192.168.1.14', os.name: 'Windows 10', os.arch: 'amd64', os.version: '10.0', java.version: '1.8.0_271'\nDriver info: org.openqa.selenium.chrome.ChromeDriver\nCapabilities [{mobileEmulationEnabled=false, timeouts={implicit=0.0, pageLoad=300000.0, script=30000.0}, hasTouchScreen=false, platform=XP, acceptSslCerts=false, goog:chromeOptions={debuggerAddress=localhost:57436}, webauthn:extension:credBlob=true, acceptInsecureCerts=false, webStorageEnabled=true, browserName=chrome, takesScreenshot=true, javascriptEnabled=true, setWindowRect=true, webauthn:extension:largeBlob=true, unexpectedAlertBehaviour=ignore, rotatable=false, networkConnectionEnabled=false, chrome={chromedriverVersion=100.0.4896.60 (6a5d10861ce8de5fce22564658033b43cb7de047-refs/branch-heads/4896@{#875}), userDataDir=D:\\provar\\EventDemo\\RootedInDemo\\.provarCaches\\.chromeProfiles\\profile2}, takesHeapSnapshot=true, pageLoadStrategy=normal, strictFileInteractability=false, databaseEnabled=false, handlesAlerts=true, version=101.0.4951.67, browserConnectionEnabled=false, proxy=Proxy(direct), nativeEvents=true, locationContextEnabled=true, cssSelectorsEnabled=true, webauthn:virtualAuthenticators=true}]\nSession ID: 37cccc05ad6dca9235389d73abaf006d]</logEntry>
                        <logEntry id="1653588684618" logLevel="Error" messageType="General">org.openqa.selenium.UnhandledAlertException: unexpected alert open: {Alert text : Please enter a value for the following required fields </logEntry>
                        <logEntry id="1653588684618" messageType="General">Going to update browser window handles.</logEntry>
                        <logEntry id="1653588684618" logLevel="Debug" messageType="General">Update browser window handles.</logEntry>
                        <logEntry id="1653588684619" logLevel="Error" messageType="General">Responsible Planner</logEntry>
                        <logEntry id="1653588684619" logLevel="Error" messageType="General">Responsible Engineer</logEntry>
                        <logEntry id="1653588684630" logLevel="Error" messageType="General">Item Number.}</logEntry>
                        <logEntry id="1653588684630" logLevel="Error" messageType="General">  (Session info: chrome=101.0.4951.67)</logEntry>
                        <logEntry id="1653588684633" logLevel="Error" messageType="General">  (Driver info: chromedriver=100.0.4896.60 (6a5d10861ce8de5fce22564658033b43cb7de047-refs/branch-heads/4896@{#875}),platform=Windows NT 10.0.22000 x86_64) (WARNING: The server did not provide any stacktrace information)</logEntry>
                        <logEntry id="1653588684634" logLevel="Error" messageType="General">Command duration or timeout: 12 milliseconds: null</logEntry>
                        <logEntry id="1653588684634" logLevel="Error" messageType="General">Build info: version: 'unknown', revision: 'unknown', time: 'unknown'</logEntry>
                        <logEntry id="1653588684639" logLevel="Error" messageType="General">System info: host: 'DFORCE-MAYUR', ip: '192.168.1.14', os.name: 'Windows 10', os.arch: 'amd64', os.version: '10.0', java.version: '1.8.0_271'</logEntry>
                        <logEntry id="1653588684639" logLevel="Error" messageType="General">Driver info: org.openqa.selenium.chrome.ChromeDriver</logEntry>
                        <logEntry id="1653588684640" logLevel="Error" messageType="General">Capabilities [{mobileEmulationEnabled=false, timeouts={implicit=0.0, pageLoad=300000.0, script=30000.0}, hasTouchScreen=false, platform=XP, acceptSslCerts=false, goog:chromeOptions={debuggerAddress=localhost:57436}, webauthn:extension:credBlob=true, acceptInsecureCerts=false, webStorageEnabled=true, browserName=chrome, takesScreenshot=true, javascriptEnabled=true, setWindowRect=true, webauthn:extension:largeBlob=true, unexpectedAlertBehaviour=ignore, rotatable=false, networkConnectionEnabled=false, chrome={chromedriverVersion=100.0.4896.60 (6a5d10861ce8de5fce22564658033b43cb7de047-refs/branch-heads/4896@{#875}), userDataDir=D:\\provar\\EventDemo\\RootedInDemo\\.provarCaches\\.chromeProfiles\\profile2}, takesHeapSnapshot=true, pageLoadStrategy=normal, strictFileInteractability=false, databaseEnabled=false, handlesAlerts=true, version=101.0.4951.67, browserConnectionEnabled=false, proxy=Proxy(direct), nativeEvents=true, locationContextEnabled=true, cssSelectorsEnabled=true, webauthn:virtualAuthenticators=true}]</logEntry>
                        <logEntry id="1653588684640" logLevel="Error" messageType="General">Session ID: 37cccc05ad6dca9235389d73abaf006d</logEntry>
                        <logEntry id="1653588684643" logLevel="Error" messageType="General">\tat sun.reflect.NativeConstructorAccessorImpl.newInstance0(Native Method)</logEntry>
                        <logEntry id="1653588684645" logLevel="Error" messageType="General">\tat sun.reflect.NativeConstructorAccessorImpl.newInstance(NativeConstructorAccessorImpl.java:62)</logEntry>
                        <logEntry id="1653588684646" logLevel="Error" messageType="General">\tat sun.reflect.DelegatingConstructorAccessorImpl.newInstance(DelegatingConstructorAccessorImpl.java:45)</logEntry>
                        <logEntry id="1653588684646" logLevel="Error" messageType="General">\tat java.lang.reflect.Constructor.newInstance(Constructor.java:423)</logEntry>
                        <logEntry id="1653588684647" logLevel="Error" messageType="General">\tat org.openqa.selenium.remote.ErrorHandler.createThrowable(ErrorHandler.java:215)</logEntry>
                        <logEntry id="1653588684648" logLevel="Error" messageType="General">\tat org.openqa.selenium.remote.ErrorHandler.throwIfResponseFailed(ErrorHandler.java:173)</logEntry>
                        <logEntry id="1653588684649" logLevel="Error" messageType="General">\tat org.openqa.selenium.remote.RemoteWebDriver.execute(RemoteWebDriver.java:671)</logEntry>
                        <logEntry id="1653588684650" logLevel="Error" messageType="General">\tat org.openqa.selenium.remote.RemoteWebDriver.executeScript(RemoteWebDriver.java:573)</logEntry>
                        <logEntry id="1653588684653" logLevel="Error" messageType="General">\tat com.provar.core.testapi.ProvarSeleniumDriver.getCurrentUrl(ProvarSeleniumDriver.java:3129)</logEntry>
                        <logEntry id="1653588684654" logLevel="Error" messageType="General">\tat com.provar.core.testapi.ProvarSeleniumDriver.switchToCurrentFrame(ProvarSeleniumDriver.java:2365)</logEntry>
                        <logEntry id="1653588684655" logLevel="Error" messageType="General">\tat com.provar.plugins.forcedotcom.core.ui.SfUiHandler.performScreenClose(SfUiHandler.java:4268)</logEntry>
                        <logEntry id="1653588684656" logLevel="Error" messageType="General">\tat com.provar.plugins.forcedotcom.core.ui.SeleniumUiHandler.perform(SeleniumUiHandler.java:388)</logEntry>
                        <logEntry id="1653588684656" logLevel="Error" messageType="General">\tat com.provar.plugins.forcedotcom.core.connection.SfConnectionHandler.delegateToUiHandler(SfConnectionHandler.java:346)</logEntry>
                        <logEntry id="1653588684660" logLevel="Error" messageType="General">\tat com.provar.plugins.forcedotcom.core.connection.SfConnectionHandler.perform(SfConnectionHandler.java:337)</logEntry>
                        <logEntry id="1653588684662" logLevel="Error" messageType="General">\tat com.provar.core.testexecution.common.java.TestExecutionContextImpl.doConnectionOperation(TestExecutionContextImpl.java:857)</logEntry>
                        <logEntry id="1653588684663" logLevel="Error" messageType="General">\tat com.provar.plugins.forcedotcom.core.ui.UiWithScreen.execute(UiWithScreen.java:188)</logEntry>
                        <logEntry id="1653588684664" logLevel="Error" messageType="General">\tat sun.reflect.NativeMethodAccessorImpl.invoke0(Native Method)</logEntry>
                        <logEntry id="1653588684665" logLevel="Error" messageType="General">\tat sun.reflect.NativeMethodAccessorImpl.invoke(NativeMethodAccessorImpl.java:62)</logEntry>
                        <logEntry id="1653588684666" logLevel="Error" messageType="General">\tat sun.reflect.DelegatingMethodAccessorImpl.invoke(DelegatingMethodAccessorImpl.java:43)</logEntry>
                        <logEntry id="1653588684666" logLevel="Error" messageType="General">\tat java.lang.reflect.Method.invoke(Method.java:498)</logEntry>
                        <logEntry id="1653588684667" logLevel="Error" messageType="General">\tat com.provar.core.testexecution.container.java.TestExecutionContainerImpl.invokeTestApi(TestExecutionContainerImpl.java:754)</logEntry>
                        <logEntry id="1653588684670" logLevel="Error" messageType="General">\tat com.provar.core.testexecution.container.java.LocalTestExecutionContainerRunner.doInvokeTestApi(LocalTestExecutionContainerRunner.java:746)</logEntry>
                        <logEntry id="1653588684671" logLevel="Error" messageType="General">\tat com.provar.core.testexecution.container.java.LocalTestExecutionContainerRunner.access$11(LocalTestExecutionContainerRunner.java:678)</logEntry>
                        <logEntry id="1653588684675" logLevel="Error" messageType="General">\tat com.provar.core.testexecution.container.java.LocalTestExecutionContainerRunner$MessageProcessor.run(LocalTestExecutionContainerRunner.java:1402)</logEntry>
                        <logEntry id="1653588684675" logLevel="Update" messageType="General">Successfully updated browser window handles.</logEntry>
                      </logEntries>
                    </executionItem>
                  </childItems>
                </executionItem>
              </childItems>
              <logEntries>
                <logEntry id="1653588684679" messageType="General">Handling managed resource.  Name: SFConnection</logEntry>
                <logEntry id="1653588684679" logLevel="Debug" messageType="General">Not closing Salesforce Connection because it is still being used.  Name: SFConnection</logEntry>
                <logEntry id="1653588684680" logLevel="Update" messageType="General">Salesforce Connection handled successfully.  Name: SFConnection</logEntry>
              </logEntries>
            </executionItem>
            <executionItem endedUtc="1653588684863" executionErrorCount="0" executionStatus="Executed" executionWarningCount="0" failureCount="0" id="root:plans:Mayur-2-ShopFloor:RSTK-9676-CRUD operation on Routing Master.testinstance:RSTK-9676-CRUD operation on Routing Master.testcase:49:50.0:59" iterationIndex="-1" skippedCount="0" startedUtc="1653588684684" successfulCount="1" testApiId="com.provar.plugins.bundled.apis.If" testItemClass="IApiCall" title="If: {GetSelectedEnvironment() = &quot;PDE5&quot;}">
              <childItems>
                <executionItem endedUtc="0" executionErrorCount="0" executionWarningCount="0" failureCount="0" id="root:plans:Mayur-2-ShopFloor:RSTK-9676-CRUD operation on Routing Master.testinstance:RSTK-9676-CRUD operation on Routing Master.testcase:49:50.0:59:60" iterationIndex="-1" skippedCount="0" startedUtc="0" successfulCount="0" testClauseName="then" testItemClass="ITestClause" title="Then">
                  <childItems>
                    <executionItem endedUtc="0" executionErrorCount="0" executionWarningCount="0" failureCount="0" id="root:plans:Mayur-2-ShopFloor:RSTK-9676-CRUD operation on Routing Master.testinstance:RSTK-9676-CRUD operation on Routing Master.testcase:49:50.0:59:60:70" iterationIndex="-1" skippedCount="0" startedUtc="0" successfulCount="0" testApiId="com.provar.plugins.bundled.apis.control.StepGroup" testItemClass="IApiCall" title="Read Excel Data">
                      <childItems>
                        <executionItem endedUtc="0" executionErrorCount="0" executionWarningCount="0" failureCount="0" id="root:plans:Mayur-2-ShopFloor:RSTK-9676-CRUD operation on Routing Master.testinstance:RSTK-9676-CRUD operation on Routing Master.testcase:49:50.0:59:60:70:66" iterationIndex="-1" skippedCount="0" startedUtc="0" successfulCount="0" testClauseName="hidden" testItemClass="ITestClause" title="Steps">
                          <childItems/>
                        </executionItem>
                      </childItems>
                    </executionItem>
                  </childItems>
                </executionItem>
                <executionItem endedUtc="1653588684863" executionErrorCount="0" executionStatus="Executed" executionWarningCount="0" failureCount="0" id="root:plans:Mayur-2-ShopFloor:RSTK-9676-CRUD operation on Routing Master.testinstance:RSTK-9676-CRUD operation on Routing Master.testcase:49:50.0:59:61" iterationIndex="-1" skippedCount="0" startedUtc="1653588684691" successfulCount="1" testClauseName="else" testItemClass="ITestClause" title="Else">
                  <childItems>
                    <executionItem endedUtc="1653588684863" executionErrorCount="0" executionStatus="Executed" executionWarningCount="0" failureCount="0" id="root:plans:Mayur-2-ShopFloor:RSTK-9676-CRUD operation on Routing Master.testinstance:RSTK-9676-CRUD operation on Routing Master.testcase:49:50.0:59:61:62" iterationIndex="-1" skippedCount="0" startedUtc="1653588684693" successfulCount="1" testApiId="com.provar.plugins.bundled.apis.If" testItemClass="IApiCall" title="If: {GetSelectedEnvironment() = &quot;AutomationOrg&quot;}">
                      <childItems>
                        <executionItem endedUtc="1653588684862" executionErrorCount="0" executionStatus="Executed" executionWarningCount="0" failureCount="0" id="root:plans:Mayur-2-ShopFloor:RSTK-9676-CRUD operation on Routing Master.testinstance:RSTK-9676-CRUD operation on Routing Master.testcase:49:50.0:59:61:62:63" iterationIndex="-1" skippedCount="0" startedUtc="1653588684705" successfulCount="1" testClauseName="then" testItemClass="ITestClause" title="Then">
                          <childItems>
                            <executionItem endedUtc="1653588684862" executionErrorCount="0" executionStatus="Executed" executionWarningCount="0" failureCount="0" id="root:plans:Mayur-2-ShopFloor:RSTK-9676-CRUD operation on Routing Master.testinstance:RSTK-9676-CRUD operation on Routing Master.testcase:49:50.0:59:61:62:63:68" iterationIndex="-1" skippedCount="0" startedUtc="1653588684768" successfulCount="1" testApiId="com.provar.plugins.bundled.apis.control.StepGroup" testItemClass="IApiCall" title="Read Excel Data">
                              <childItems>
                                <executionItem endedUtc="1653588684857" executionErrorCount="0" executionStatus="Executed" executionWarningCount="0" failureCount="0" id="root:plans:Mayur-2-ShopFloor:RSTK-9676-CRUD operation on Routing Master.testinstance:RSTK-9676-CRUD operation on Routing Master.testcase:49:50.0:59:61:62:63:68:71" iterationIndex="-1" skippedCount="0" startedUtc="1653588684857" successfulCount="1" testClauseName="hidden" testItemClass="ITestClause" title="Steps">
                                  <childItems/>
                                </executionItem>
                              </childItems>
                              <logEntries>
                                <logEntry id="1653588684769" messageType="ParameterValueSource">Loading data from Parameter Value Source ...</logEntry>
                                <logEntry id="1653588684846" logLevel="Update" messageType="General">Loaded 0 rows from Parameter Value Source.</logEntry>
                              </logEntries>
                            </executionItem>
                          </childItems>
                          <logEntries>
                            <logEntry id="1653588684705" messageType="ParameterValueSource">Loading data from Parameter Value Source ...</logEntry>
                            <logEntry id="1653588684768" logLevel="Update" messageType="General">Loaded 0 rows from Parameter Value Source.</logEntry>
                          </logEntries>
                        </executionItem>
                        <executionItem endedUtc="0" executionErrorCount="0" executionWarningCount="0" failureCount="0" id="root:plans:Mayur-2-ShopFloor:RSTK-9676-CRUD operation on Routing Master.testinstance:RSTK-9676-CRUD operation on Routing Master.testcase:49:50.0:59:61:62:64" iterationIndex="-1" skippedCount="0" startedUtc="0" successfulCount="0" testClauseName="else" testItemClass="ITestClause" title="Else">
                          <childItems>
                            <executionItem endedUtc="0" executionErrorCount="0" executionWarningCount="0" failureCount="0" id="root:plans:Mayur-2-ShopFloor:RSTK-9676-CRUD operation on Routing Master.testinstance:RSTK-9676-CRUD operation on Routing Master.testcase:49:50.0:59:61:62:64:65" iterationIndex="-1" skippedCount="0" startedUtc="0" successfulCount="0" testApiId="com.provar.plugins.bundled.apis.control.StepGroup" testItemClass="IApiCall" title="Read Excel Data">
                              <childItems>
                                <executionItem endedUtc="0" executionErrorCount="0" executionWarningCount="0" failureCount="0" id="root:plans:Mayur-2-ShopFloor:RSTK-9676-CRUD operation on Routing Master.testinstance:RSTK-9676-CRUD operation on Routing Master.testcase:49:50.0:59:61:62:64:65:69" iterationIndex="-1" skippedCount="0" startedUtc="0" successfulCount="0" testClauseName="hidden" testItemClass="ITestClause" title="Steps">
                                  <childItems/>
                                </executionItem>
                              </childItems>
                            </executionItem>
                          </childItems>
                        </executionItem>
                      </childItems>
                    </executionItem>
                  </childItems>
                </executionItem>
              </childItems>
            </executionItem>
            <executionItem endedUtc="1653588684867" executionErrorCount="0" executionStatus="Executed" executionWarningCount="0" failureCount="0" id="root:plans:Mayur-2-ShopFloor:RSTK-9676-CRUD operation on Routing Master.testinstance:RSTK-9676-CRUD operation on Routing Master.testcase:49:50.0:51" iterationIndex="-1" skippedCount="0" startedUtc="1653588684863" successfulCount="1" testApiId="com.provar.plugins.bundled.apis.control.ForEach" testItemClass="IApiCall" title="For Each: {op_excelDataUpdate}=&gt;op_excelDataUpdateRow">
              <childItems/>
              <logEntries>
                <logEntry id="1653588684867" messageType="General">The list is empty.</logEntry>
              </logEntries>
            </executionItem>
            <executionItem endedUtc="1653588697920" executionErrorCount="0" executionStatus="Executed" executionWarningCount="0" failureCount="1" id="root:plans:Mayur-2-ShopFloor:RSTK-9676-CRUD operation on Routing Master.testinstance:RSTK-9676-CRUD operation on Routing Master.testcase:49:50.0:39" iterationIndex="-1" skippedCount="0" startedUtc="1653588684867" successfulCount="0" testApiId="com.provar.plugins.forcedotcom.core.ui.UiWithScreen" testItemClass="IApiCall" title="Delete Routing Master">
              <childItems>
                <executionItem endedUtc="1653588695686" executionErrorCount="0" executionStatus="Executed" executionWarningCount="0" failureCount="1" id="root:plans:Mayur-2-ShopFloor:RSTK-9676-CRUD operation on Routing Master.testinstance:RSTK-9676-CRUD operation on Routing Master.testcase:49:50.0:39:40" iterationIndex="-1" skippedCount="0" startedUtc="1653588685250" successfulCount="0" testClauseName="substeps" testItemClass="ITestClause" title="Sub Steps">
                  <childItems>
                    <executionItem endedUtc="1653588685822" executionErrorCount="0" executionStatus="Executed" executionWarningCount="0" failureCount="1" id="root:plans:Mayur-2-ShopFloor:RSTK-9676-CRUD operation on Routing Master.testinstance:RSTK-9676-CRUD operation on Routing Master.testcase:49:50.0:39:40:45" iterationIndex="-1" skippedCount="0" startedUtc="1653588685251" successfulCount="0" testApiId="com.provar.plugins.forcedotcom.core.ui.UiDoAction" testItemClass="IApiCall" title="Click the Delete button">
                      <childItems/>
                      <logEntries>
                        <logEntry id="1653588685254" messageType="General">Start of Interact.  Connection: SFConnection, Locator: ui:locator?name=delete, before wait: default, after wait: default, auto retry: default</logEntry>
                        <logEntry id="1653588685327" messageType="General">Locator: ui:locator?name=delete</logEntry>
                        <logEntry id="1653588685328" messageType="General">Interaction: ui:interaction?name=action</logEntry>
                        <logEntry id="1653588685397" logLevel="Error" messageType="General">Error doing interaction.  Connection Name: QARSF_Admin, cause: [UnhandledAlertException: unexpected alert open: {Alert text : Please enter a value for the following required fields \nResponsible Planner\nResponsible Engineer\nItem Number.}\n  (Session info: chrome=101.0.4951.67)\n  (Driver info: chromedriver=100.0.4896.60 (6a5d10861ce8de5fce22564658033b43cb7de047-refs/branch-heads/4896@{#875}),platform=Windows NT 10.0.22000 x86_64) (WARNING: The server did not provide any stacktrace information)\nCommand duration or timeout: 16 milliseconds: null\nBuild info: version: 'unknown', revision: 'unknown', time: 'unknown'\nSystem info: host: 'DFORCE-MAYUR', ip: '192.168.1.14', os.name: 'Windows 10', os.arch: 'amd64', os.version: '10.0', java.version: '1.8.0_271'\nDriver info: org.openqa.selenium.chrome.ChromeDriver\nCapabilities [{mobileEmulationEnabled=false, timeouts={implicit=0.0, pageLoad=300000.0, script=30000.0}, hasTouchScreen=false, platform=XP, acceptSslCerts=false, goog:chromeOptions={debuggerAddress=localhost:57436}, webauthn:extension:credBlob=true, acceptInsecureCerts=false, webStorageEnabled=true, browserName=chrome, takesScreenshot=true, javascriptEnabled=true, setWindowRect=true, webauthn:extension:largeBlob=true, unexpectedAlertBehaviour=ignore, rotatable=false, networkConnectionEnabled=false, chrome={chromedriverVersion=100.0.4896.60 (6a5d10861ce8de5fce22564658033b43cb7de047-refs/branch-heads/4896@{#875}), userDataDir=D:\\provar\\EventDemo\\RootedInDemo\\.provarCaches\\.chromeProfiles\\profile2}, takesHeapSnapshot=true, pageLoadStrategy=normal, strictFileInteractability=false, databaseEnabled=false, handlesAlerts=true, version=101.0.4951.67, browserConnectionEnabled=false, proxy=Proxy(direct), nativeEvents=true, locationContextEnabled=true, cssSelectorsEnabled=true, webauthn:virtualAuthenticators=true}]\nSession ID: 37cccc05ad6dca9235389d73abaf006d]</logEntry>
                        <logEntry id="1653588685399" logLevel="Error" messageType="General">org.openqa.selenium.UnhandledAlertException: unexpected alert open: {Alert text : Please enter a value for the following required fields </logEntry>
                        <logEntry id="1653588685400" messageType="General">Going to update browser window handles.</logEntry>
                        <logEntry id="1653588685400" logLevel="Debug" messageType="General">Update browser window handles.</logEntry>
                        <logEntry id="1653588685400" logLevel="Error" messageType="General">Responsible Planner</logEntry>
                        <logEntry id="1653588685401" logLevel="Error" messageType="General">Responsible Engineer</logEntry>
                        <logEntry id="1653588685403" logLevel="Error" messageType="General">Item Number.}</logEntry>
                        <logEntry id="1653588685403" logLevel="Error" messageType="General">  (Session info: chrome=101.0.4951.67)</logEntry>
                        <logEntry id="1653588685407" logLevel="Error" messageType="General">  (Driver info: chromedriver=100.0.4896.60 (6a5d10861ce8de5fce22564658033b43cb7de047-refs/branch-heads/4896@{#875}),platform=Windows NT 10.0.22000 x86_64) (WARNING: The server did not provide any stacktrace information)</logEntry>
                        <logEntry id="1653588685409" logLevel="Error" messageType="General">Command duration or timeout: 16 milliseconds: null</logEntry>
                        <logEntry id="1653588685409" logLevel="Error" messageType="General">Build info: version: 'unknown', revision: 'unknown', time: 'unknown'</logEntry>
                        <logEntry id="1653588685410" logLevel="Error" messageType="General">System info: host: 'DFORCE-MAYUR', ip: '192.168.1.14', os.name: 'Windows 10', os.arch: 'amd64', os.version: '10.0', java.version: '1.8.0_271'</logEntry>
                        <logEntry id="1653588685411" logLevel="Error" messageType="General">Driver info: org.openqa.selenium.chrome.ChromeDriver</logEntry>
                        <logEntry id="1653588685412" logLevel="Error" messageType="General">Capabilities [{mobileEmulationEnabled=false, timeouts={implicit=0.0, pageLoad=300000.0, script=30000.0}, hasTouchScreen=false, platform=XP, acceptSslCerts=false, goog:chromeOptions={debuggerAddress=localhost:57436}, webauthn:extension:credBlob=true, acceptInsecureCerts=false, webStorageEnabled=true, browserName=chrome, takesScreenshot=true, javascriptEnabled=true, setWindowRect=true, webauthn:extension:largeBlob=true, unexpectedAlertBehaviour=ignore, rotatable=false, networkConnectionEnabled=false, chrome={chromedriverVersion=100.0.4896.60 (6a5d10861ce8de5fce22564658033b43cb7de047-refs/branch-heads/4896@{#875}), userDataDir=D:\\provar\\EventDemo\\RootedInDemo\\.provarCaches\\.chromeProfiles\\profile2}, takesHeapSnapshot=true, pageLoadStrategy=normal, strictFileInteractability=false, databaseEnabled=false, handlesAlerts=true, version=101.0.4951.67, browserConnectionEnabled=false, proxy=Proxy(direct), nativeEvents=true, locationContextEnabled=true, cssSelectorsEnabled=true, webauthn:virtualAuthenticators=true}]</logEntry>
                        <logEntry id="1653588685413" logLevel="Error" messageType="General">Session ID: 37cccc05ad6dca9235389d73abaf006d</logEntry>
                        <logEntry id="1653588685414" logLevel="Error" messageType="General">\tat sun.reflect.NativeConstructorAccessorImpl.newInstance0(Native Method)</logEntry>
                        <logEntry id="1653588685414" logLevel="Error" messageType="General">\tat sun.reflect.NativeConstructorAccessorImpl.newInstance(NativeConstructorAccessorImpl.java:62)</logEntry>
                        <logEntry id="1653588685416" logLevel="Error" messageType="General">\tat sun.reflect.DelegatingConstructorAccessorImpl.newInstance(DelegatingConstructorAccessorImpl.java:45)</logEntry>
                        <logEntry id="1653588685416" logLevel="Error" messageType="General">\tat java.lang.reflect.Constructor.newInstance(Constructor.java:423)</logEntry>
                        <logEntry id="1653588685419" logLevel="Error" messageType="General">\tat org.openqa.selenium.remote.ErrorHandler.createThrowable(ErrorHandler.java:215)</logEntry>
                        <logEntry id="1653588685420" logLevel="Error" messageType="General">\tat org.openqa.selenium.remote.ErrorHandler.throwIfResponseFailed(ErrorHandler.java:173)</logEntry>
                        <logEntry id="1653588685424" logLevel="Error" messageType="General">\tat org.openqa.selenium.remote.RemoteWebDriver.execute(RemoteWebDriver.java:671)</logEntry>
                        <logEntry id="1653588685426" logLevel="Error" messageType="General">\tat org.openqa.selenium.remote.RemoteWebDriver.executeScript(RemoteWebDriver.java:573)</logEntry>
                        <logEntry id="1653588685427" logLevel="Error" messageType="General">\tat com.provar.core.testapi.ProvarSeleniumDriver.getCurrentUrl(ProvarSeleniumDriver.java:3129)</logEntry>
                        <logEntry id="1653588685428" logLevel="Error" messageType="General">\tat com.provar.core.testapi.ProvarSeleniumDriver.switchToCurrentFrame(ProvarSeleniumDriver.java:2365)</logEntry>
                        <logEntry id="1653588685428" logLevel="Error" messageType="General">\tat com.provar.plugins.forcedotcom.core.ui.SeleniumUiHandler.performInteraction(SeleniumUiHandler.java:1985)</logEntry>
                        <logEntry id="1653588685429" logLevel="Error" messageType="General">\tat com.provar.plugins.forcedotcom.core.ui.SfUiHandler.performInteraction(SfUiHandler.java:5450)</logEntry>
                        <logEntry id="1653588685430" logLevel="Error" messageType="General">\tat com.provar.plugins.forcedotcom.core.ui.SeleniumUiHandler.perform(SeleniumUiHandler.java:418)</logEntry>
                        <logEntry id="1653588685431" logLevel="Error" messageType="General">\tat com.provar.plugins.forcedotcom.core.connection.SfConnectionHandler.delegateToUiHandler(SfConnectionHandler.java:346)</logEntry>
                        <logEntry id="1653588685432" logLevel="Error" messageType="General">\tat com.provar.plugins.forcedotcom.core.connection.SfConnectionHandler.perform(SfConnectionHandler.java:337)</logEntry>
                        <logEntry id="1653588685432" logLevel="Error" messageType="General">\tat com.provar.core.testexecution.common.java.TestExecutionContextImpl.doConnectionOperation(TestExecutionContextImpl.java:857)</logEntry>
                        <logEntry id="1653588685433" logLevel="Error" messageType="General">\tat com.provar.plugins.forcedotcom.core.ui.UiDoAction.execute(UiDoAction.java:130)</logEntry>
                        <logEntry id="1653588685434" logLevel="Error" messageType="General">\tat sun.reflect.NativeMethodAccessorImpl.invoke0(Native Method)</logEntry>
                        <logEntry id="1653588685437" logLevel="Error" messageType="General">\tat sun.reflect.NativeMethodAccessorImpl.invoke(NativeMethodAccessorImpl.java:62)</logEntry>
                        <logEntry id="1653588685443" logLevel="Error" messageType="General">\tat sun.reflect.DelegatingMethodAccessorImpl.invoke(DelegatingMethodAccessorImpl.java:43)</logEntry>
                        <logEntry id="1653588685444" logLevel="Error" messageType="General">\tat java.lang.reflect.Method.invoke(Method.java:498)</logEntry>
                        <logEntry id="1653588685444" logLevel="Error" messageType="General">\tat com.provar.core.testexecution.container.java.TestExecutionContainerImpl.invokeTestApi(TestExecutionContainerImpl.java:754)</logEntry>
                        <logEntry id="1653588685445" logLevel="Error" messageType="General">\tat com.provar.core.testexecution.container.java.LocalTestExecutionContainerRunner.doInvokeTestApi(LocalTestExecutionContainerRunner.java:746)</logEntry>
                        <logEntry id="1653588685446" logLevel="Error" messageType="General">\tat com.provar.core.testexecution.container.java.LocalTestExecutionContainerRunner.access$11(LocalTestExecutionContainerRunner.java:678)</logEntry>
                        <logEntry id="1653588685447" logLevel="Error" messageType="General">\tat com.provar.core.testexecution.container.java.LocalTestExecutionContainerRunner$MessageProcessor.run(LocalTestExecutionContainerRunner.java:1402)</logEntry>
                        <logEntry id="1653588685454" logLevel="Update" messageType="General">Successfully updated browser window handles.</logEntry>
                        <logEntry id="1653588685759" messageType="General">Going to update browser window handles.</logEntry>
                        <logEntry id="1653588685759" logLevel="Debug" messageType="General">Update browser window handles.</logEntry>
                        <logEntry id="1653588685814" logLevel="Update" messageType="General">Successfully updated browser window handles.</logEntry>
                      </logEntries>
                      <testArtifacts>
                        <artifactFile artifactsRelativePath="ScreenShot3" createdTimestamp="1653588685757" mimeContentType="image/png" name="ScreenShot3" title="Error Screenshot"/>
                      </testArtifacts>
                    </executionItem>
                    <executionItem endedUtc="1653588694133" executionErrorCount="0" executionStatus="Executed" executionWarningCount="0" failureCount="1" id="root:plans:Mayur-2-ShopFloor:RSTK-9676-CRUD operation on Routing Master.testinstance:RSTK-9676-CRUD operation on Routing Master.testcase:49:50.0:39:40:46" iterationIndex="-1" skippedCount="0" startedUtc="1653588685824" successfulCount="0" testApiId="com.provar.plugins.forcedotcom.core.ui.UiHandleAlert" testItemClass="IApiCall" title="Handle UI Alerts">
                      <childItems/>
                      <logEntries>
                        <logEntry id="1653588685827" messageType="General">Start of Handle Alert.  Connection: SFConnection</logEntry>
                        <logEntry id="1653588686082" messageType="General">Sending screenshot.  Data length: 64369</logEntry>
                        <logEntry id="1653588690159" messageType="General">Start of Alert Wait.  Timeout (seconds): 30</logEntry>
                        <logEntry id="1653588690169" messageType="General">Polling for Alert successful.  Attempt: 1</logEntry>
                        <logEntry id="1653588690169" messageType="General">End of Alert Wait.  Actual duration(seconds): 0.009</logEntry>
                        <logEntry id="1653588690178" messageType="General">Switching to alert.  ExpectedMessage: Delete this record?</logEntry>
                        <logEntry id="1653588690199" messageType="General">Got alert text: Please enter a value for the following required fields \nResponsible Planner\nResponsible Engineer\nItem Number.</logEntry>
                        <logEntry id="1653588690213" messageType="General">com.provar.core.model.base.java.ComparisonType$Options@63315e65</logEntry>
                        <logEntry id="1653588690215" messageType="General">Asserting Alert Message, To: 'Delete this record?', Comparision Type: Equals</logEntry>
                        <logEntry id="1653588690222" logLevel="Error" messageType="AssertionFailed">Assertion Failed. 'Please enter a value for the following required fields \nResponsible Planner\nResponsible Engineer\nItem Number.' Equals 'Delete this record?'</logEntry>
                        <logEntry id="1653588690225" messageType="General">Accepting alert.</logEntry>
                        <logEntry id="1653588690231" messageType="General">Switching back to current frame.</logEntry>
                        <logEntry id="1653588690296" messageType="General">Switched focus to main window.  URL: https://automationtesting2--rstk.visualforce.com/apex/Rtrouthdr?save_new=1&amp;sfdc.override=1</logEntry>
                        <logEntry id="1653588690298" messageType="General">Going to update browser window handles.</logEntry>
                        <logEntry id="1653588690298" logLevel="Debug" messageType="General">Update browser window handles.</logEntry>
                        <logEntry id="1653588690352" logLevel="Update" messageType="General">Successfully updated browser window handles.</logEntry>
                        <logEntry id="1653588690450" logLevel="Trace" messageType="General">Start of waitForPageToLoad. Timeout(ms): 90000</logEntry>
                        <logEntry id="1653588690486" logLevel="Trace" messageType="General">Re-attempting of waitForPageToLoad.  Timeout(ms): 90000</logEntry>
                        <logEntry id="1653588690510" logLevel="Trace" messageType="General">End of waitForPageToLoad.  Duration(ms): 60</logEntry>
                        <logEntry id="1653588694063" messageType="General">Going to update browser window handles.</logEntry>
                        <logEntry id="1653588694063" logLevel="Debug" messageType="General">Update browser window handles.</logEntry>
                        <logEntry id="1653588694124" logLevel="Update" messageType="General">Successfully updated browser window handles.</logEntry>
                      </logEntries>
                      <testArtifacts>
                        <artifactFile artifactsRelativePath="ScreenShot4" createdTimestamp="1653588686082" mimeContentType="image/png" name="ScreenShot4" title="Before Screenshot : 2022/05/26 23:41:25"/>
                        <artifactFile artifactsRelativePath="ScreenShot5" createdTimestamp="1653588694062" mimeContentType="image/png" name="ScreenShot5" title="Error Screenshot"/>
                      </testArtifacts>
                    </executionItem>
                    <executionItem endedUtc="1653588695681" executionErrorCount="0" executionStatus="Executed" executionWarningCount="0" failureCount="0" id="root:plans:Mayur-2-ShopFloor:RSTK-9676-CRUD operation on Routing Master.testinstance:RSTK-9676-CRUD operation on Routing Master.testcase:49:50.0:39:40:47" iterationIndex="-1" skippedCount="0" startedUtc="1653588694134" successfulCount="1" testApiId="com.provar.plugins.forcedotcom.core.testapis.ApexSoqlQuery" testItemClass="IApiCall" title="Read Routing Master Qty">
                      <childItems/>
                      <logEntries>
                        <logEntry id="1653588694137" messageType="General">Reading a Salesforce object.  Connection Name: SFConnection, Query: select count() from rstk__rtrouthdr__c\twhere Name='null'</logEntry>
                        <logEntry id="1653588695680" messageType="General">The count query returned 0.</logEntry>
                      </logEntries>
                    </executionItem>
                    <executionItem endedUtc="1653588695686" executionErrorCount="0" executionStatus="Executed" executionWarningCount="0" failureCount="0" id="root:plans:Mayur-2-ShopFloor:RSTK-9676-CRUD operation on Routing Master.testinstance:RSTK-9676-CRUD operation on Routing Master.testcase:49:50.0:39:40:48" iterationIndex="-1" skippedCount="0" startedUtc="1653588695683" successfulCount="1" testApiId="com.provar.plugins.bundled.apis.AssertValues" testItemClass="IApiCall" title="Assert: 0 EqualTo 0">
                      <childItems/>
                      <logEntries>
                        <logEntry id="1653588695686" messageType="AssertionSuccessful">Assertion successful. (result) 0 = 0 (target)</logEntry>
                      </logEntries>
                    </executionItem>
                  </childItems>
                </executionItem>
              </childItems>
              <logEntries>
                <logEntry id="1653588684871" messageType="General">Start of With Screen.  Connection Name: SFConnection, target: sf:ui:target?page=rstk__Rtrouthdr&amp;pageObject=pageobjects.rstk__Rtrouthdr</logEntry>
                <logEntry id="1653588684952" messageType="General">Opening Page context.  Name: screen, data: null, frame: null</logEntry>
                <logEntry id="1653588684978" logLevel="Error" messageType="General">Error opening Salesforce UI Connection.  Connection Name: QARSF_Admin, cause: [UnhandledAlertException: unexpected alert open: {Alert text : Please enter a value for the following required fields \nResponsible Planner\nResponsible Engineer\nItem Number.}\n  (Session info: chrome=101.0.4951.67)\n  (Driver info: chromedriver=100.0.4896.60 (6a5d10861ce8de5fce22564658033b43cb7de047-refs/branch-heads/4896@{#875}),platform=Windows NT 10.0.22000 x86_64) (WARNING: The server did not provide any stacktrace information)\nCommand duration or timeout: 11 milliseconds: null\nBuild info: version: 'unknown', revision: 'unknown', time: 'unknown'\nSystem info: host: 'DFORCE-MAYUR', ip: '192.168.1.14', os.name: 'Windows 10', os.arch: 'amd64', os.version: '10.0', java.version: '1.8.0_271'\nDriver info: org.openqa.selenium.chrome.ChromeDriver\nCapabilities [{mobileEmulationEnabled=false, timeouts={implicit=0.0, pageLoad=300000.0, script=30000.0}, hasTouchScreen=false, platform=XP, acceptSslCerts=false, goog:chromeOptions={debuggerAddress=localhost:57436}, webauthn:extension:credBlob=true, acceptInsecureCerts=false, webStorageEnabled=true, browserName=chrome, takesScreenshot=true, javascriptEnabled=true, setWindowRect=true, webauthn:extension:largeBlob=true, unexpectedAlertBehaviour=ignore, rotatable=false, networkConnectionEnabled=false, chrome={chromedriverVersion=100.0.4896.60 (6a5d10861ce8de5fce22564658033b43cb7de047-refs/branch-heads/4896@{#875}), userDataDir=D:\\provar\\EventDemo\\RootedInDemo\\.provarCaches\\.chromeProfiles\\profile2}, takesHeapSnapshot=true, pageLoadStrategy=normal, strictFileInteractability=false, databaseEnabled=false, handlesAlerts=true, version=101.0.4951.67, browserConnectionEnabled=false, proxy=Proxy(direct), nativeEvents=true, locationContextEnabled=true, cssSelectorsEnabled=true, webauthn:virtualAuthenticators=true}]\nSession ID: 37cccc05ad6dca9235389d73abaf006d\n*** Element info: {Using=css selector, value=sb-page-container , div#sbDocGenPreview}]</logEntry>
                <logEntry id="1653588685179" messageType="General">Sending screenshot.  Data length: 64314</logEntry>
                <logEntry id="1653588685193" messageType="General">Going to update browser window handles.</logEntry>
                <logEntry id="1653588685193" logLevel="Debug" messageType="General">Update browser window handles.</logEntry>
                <logEntry id="1653588685250" logLevel="Update" messageType="General">Successfully updated browser window handles.</logEntry>
                <logEntry id="1653588695691" logLevel="Error" messageType="General">One or more Sub-Test Steps failed.</logEntry>
                <logEntry id="1653588695766" messageType="General">Closing Page context.  Name: screen, data: null, frame: null</logEntry>
                <logEntry id="1653588695767" messageType="General">Main window reselected.  Window: main</logEntry>
                <logEntry id="1653588695833" messageType="General">Switched focus to main window.  URL: https://automationtesting2--rstk.visualforce.com/apex/Rtrouthdr?save_new=1&amp;sfdc.override=1</logEntry>
                <logEntry id="1653588697840" messageType="General">Going to update browser window handles.</logEntry>
                <logEntry id="1653588697840" logLevel="Debug" messageType="General">Update browser window handles.</logEntry>
                <logEntry id="1653588697919" logLevel="Update" messageType="General">Successfully updated browser window handles.</logEntry>
              </logEntries>
              <testArtifacts>
                <artifactFile artifactsRelativePath="ScreenShot2" createdTimestamp="1653588685178" mimeContentType="image/png" name="ScreenShot2" title="Error Screenshot : 2022/05/26 23:41:24"/>
              </testArtifacts>
            </executionItem>
          </childItems>
        </executionItem>
      </childItems>
      <logEntries>
        <logEntry id="1653588634062" messageType="General">Start of iteration 1 of 1.</logEntry>
        <logEntry id="1653588697923" messageType="General">Reached the end of the List.</logEntry>
      </logEntries>
    </executionItem>
  </childItems>
</executionItem>
